Workbook

Sheet Sheet1
A1: First Author | B1: Date | C1: Gender (Male) | E1: Gender (Female) | G1: Mean Age (Primary) | I1: Mean Age (Secondary) | K1: Mean Age (Total) | M1: Ethnicity (Black) | O1: Ethnicity (White) | Q1: Ethnicity (Asian) | S1: Ethnicity (Other) | U1: Accident and Emergency / Urgent Care | W1: Inpatient Psychiatric Service | Y1: Outpatient Psychiatric Service | AA1: GP /non-Urgent Physical Care | AC1: setting | AD1: Country | AF1: Continant | AG1: Retrospective | AI1: Prospective | AK1: FEP Only | AM1: First Episode Cohort | AO1: Chronic Psychosis Cohort | AQ1: Mixed Cohort | AS1: DUP (all psychosis) | AU1: DUP (primary) | AW1: DUP (secondary) | AY1: Total Sample Size | BA1: Total Secondary Causes | BC1: Was the study looking at multiple causes? | BE1: Endogenous | BG1: Exogenous | BI1: Autoimmune Disorders | BK1: Cytogenic / Congenital | BM1: Toxic / Substance-Induced | BO1: Iatrogenic | BQ1: Cerebrovascular | BS1: Space-Occupying | BU1: Metabolic | BW1: Dietary | BY1: Sepsis / Infectious | CA1: Degenerative | CC1: Demyelinating | CE1: Seizure | CG1: Sleep Disorders | CI1: Head Injury | CK1: Endocrine | CM1: Other | CO1: Unknown | CQ1: MRI (freq) | CS1: CT (freq) | CU1: SPECT/PET (freq) | CW1: EEG (freq) | CY1: CSF (freq) | DA1: Blood (freq) | DC1: Urine (freq) | DE1: Psychiatric Assessment (freq) | DG1: Psychiatric Assessment Standardised Tool (y/n) | DI1: Physical Exam (including neurological, vital signs) (freq) | DK1: Cognitive Assessment (freq) | DM1: Cognitive Assessment-standardised tool | DO1: Other (add detail) | DQ1: NS | DS1: Diagnosis | DU1: Diagnostic Tool | DW1: Classification System | DY1: Item 1 | EA1: Item 2 | EC1: Item 3 | EE1: Item 4 | EG1: Item 5 | EI1: Item 6 | EK1: Item 7 | EM1: Item 8 | EO1: Item 9 | EQ1: Item 10 | ES1: Overall Score | EU1: First Author | EV1: Date | EW1: Gender (Male) | EX1: Gender (Female) | EY1: Mean Age (Primary) | EZ1: Mean Age (Secondary) | FA1: Mean Age (Total) | FB1: Ethnicity (Black) | FC1: Ethnicity (White) | FD1: Ethnicity (Asian) | FE1: Ethnicity (Other) | FF1: Accident and Emergency / Urgent Care | FG1: Inpatient Psychiatric Service | FH1: Outpatient Psychiatric Service | FI1: GP /non-Urgent Physical Care | FJ1: Geographic Location | FK1: Retrospective | FL1: Prospective | FM1: First Episode Cohort | FN1: Chronic Psychosis Cohort | FO1: Mixed Cohort | FP1: Total Sample Size | FQ1: Total Secondary Causes | FR1: Was the study looking at multiple causes? | FS1: Endogenous | FT1: Exogenous | FU1: Autoimmune Disorders | FV1: Cytogenic / Congenital | FW1: Toxic / Substance-Induced | FX1: Iatrogenic | FY1: Cerebrovascular | FZ1: Space-Occupying | GA1: Metabolic | GB1: Dietary | GC1: Sepsis / Infectious | GD1: Degenerative | GE1: Demyelinating | GF1: Seizure | GG1: Sleep Disorder | GH1: Head Injury | GI1: Endocrine | GJ1: Other | GK1: Unknown | GL1: MRI (freq) | GM1: CT (freq) | GN1: SPECT/PET (freq) | GO1: EEG (freq) | GP1: CSF (freq) | GQ1: Blood (freq) | GR1: Urine (freq) | GS1: Psychiatric Assessment (freq) | GT1: Psychiatric Assessment Standardised Tool (y/n) | GU1: Physical Exam (including neurological, vital signs) (freq) | GV1: Cognitive Assessment (freq) | GW1: Cognitive Assessment-standardised tool | GX1: Other (add detail) | GY1: NS | GZ1: Item 1 | HA1: Item 2 | HB1: Item 3 | HC1: Item 4 | HD1: Item 5 | HE1: Item 6 | HF1: Item 7 | HG1: Item 8 | HH1: Item 9 | HI1: Item 10 | HJ1: Overall Score | HK1: Comments - endogenous causesnot reported at most granual level | HL1: includes endogenous NOS as "other"/"unknown"
C2: Rater 1 | D2: Rater 2 | E2: Rater 1 | F2: Rater 2 | G2: Rater 1 | H2: Rater 2 | I2: Rater 1 | J2: Rater 2 | K2: Rater 1 | L2: Rater 2 | M2: Rater 1 | N2: Rater 2 | O2: Rater 1 | P2: Rater 2 | Q2: Rater 1 | R2: Rater 2 | S2: Rater 1 | T2: Rater 2 | U2: Rater 1 | V2: Rater 2 | W2: Rater 1 | X2: Rater 2 | Y2: Rater 1 | Z2: Rater 2 | AA2: Rater 1 | AB2: Rater 2 | AD2: Rater 1 | AE2: Rater 2 | AG2: Rater 1 | AH2: Rater 2 | AI2: Rater 1 | AJ2: Rater 2 | AK2: Rater 1 | AL2: Rater 2 | AM2: Rater 1 | AN2: Rater 2 | AO2: Rater 1 | AP2: Rater 2 | AQ2: Rater 1 | AR2: Rater 2 | AS2: Rater 1 | AT2: Rater 2 | AU2: Rater 1 | AV2: Rater 2 | AW2: Rater 1 | AX2: Rater 2 | AY2: Rater 1 | AZ2: Rater 2 | BA2: Rater 1 | BB2: Rater 2 | BC2: Rater 1 | BD2: Rater 2 | BE2: Rater 1 | BF2: Rater 2 | BG2: Rater 1 | BH2: Rater 2 | BI2: Rater 1 | BJ2: Rater 2 | BK2: Rater 1 | BL2: Rater 2 | BM2: Rater 1 | BN2: Rater 2 | BO2: Rater 1 | BP2: Rater 2 | BQ2: Rater 1 | BR2: Rater 2 | BS2: Rater 1 | BT2: Rater 2 | BU2: Rater 1 | BV2: Rater 2 | BW2: Rater 1 | BX2: Rater 2 | BY2: Rater 1 | BZ2: Rater 2 | CA2: Rater 1 | CB2: Rater 2 | CC2: Rater 1 | CD2: Rater 2 | CE2: Rater 1 | CF2: Rater 2 | CG2: Rater 1 | CH2: Rater 2 | CI2: Rater 1 | CJ2: Rater 2 | CK2: Rater 1 | CL2: Rater 2 | CM2: Rater 1 | CN2: Rater 2 | CO2: Rater 1 | CP2: Rater 2 | CQ2: Rater 1 | CR2: Rater 2 | CS2: Rater 1 | CT2: Rater 2 | CU2: Rater 1 | CV2: Rater 2 | CW2: Rater 1 | CX2: Rater 2 | CY2: Rater 1 | CZ2: Rater 2 | DA2: Rater 1 | DB2: Rater 2 | DC2: Rater 1 | DD2: Rater 2 | DE2: Rater 1 | DF2: Rater 2 | DG2: Rater 1 | DH2: Rater 2 | DI2: Rater 1 | DJ2: Rater 2 | DK2: Rater 1 | DL2: Rater 2 | DM2: Rater 1 | DN2: Rater 2 | DO2: Rater 1 | DP2: Rater 2 | DQ2: Rater 1 | DR2: Rater 2 | DS2: Rater 1 | DT2: Rater 2 | DU2: Rater 1 | DV2: Rater 2 | DW2: Rater 1 | DX2: Rater 2 | DY2: Rater 1 | DZ2: Rater 2 | EA2: Rater 1 | EB2: Rater 2 | EC2: Rater 1 | ED2: Rater 2 | EE2: Rater 1 | EF2: Rater 2 | EG2: Rater 1 | EH2: Rater 2 | EI2: Rater 1 | EJ2: Rater 2 | EK2: Rater 1 | EL2: Rater 2 | EM2: Rater 1 | EN2: Rater 2 | EO2: Rater 1 | EP2: Rater 2 | EQ2: Rater 1 | ER2: Rater 2 | ES2: Rater 1 | ET2: Rater 2
A3: Adams | B3: 1996 | C3: 68 | D3: 68 | E3: 43 | F3: 43 | G3: NS | H3: NS | I3: NS | J3: NS | K3: NS | L3: NS | M3: NS | N3: NS | O3: NS | P3: NS | Q3: NS | R3: NS | S3: NS | T3: NS | U3: 0 | V3: 0 | W3: 111 | X3: 111 | Y3: 0 | Z3: 0 | AA3: 0 | AB3: 0 | AC3: inpat_psych | AD3: Canada | AE3: Canada | AG3: no | AH3: no | AI3: yes | AJ3: yes | AK3: yes | AL3: yes | AM3: 111 | AN3: 111 | AO3: 0 | AP3: 0 | AQ3: 0 | AR3: 0 | AS3: NS | AT3: NS | AU3: NS | AV3: NS | AW3: NS | AX3: NS | AY3: 111 | AZ3: 111 | BA3: 0 | BB3: 0 | BC3: multiple | BD3: multiple | BE3: =SUM(BI3,BK3,BQ3,BS3,BU3,BW3,BY3,CA3,CC3,CE3,CG3,CI3,CK3,CM3,CO3) -> 0 | BF3: =SUM(BJ3,BL3,BR3,BT3,BV3,BX3,BZ3,CB3,CD3,CF3,CH3,CJ3,CL3,CN3,CP3) -> 0 | BG3: =SUM(BM3,BO3) -> 0 | BH3: =SUM(BN3,BP3) -> 0 | BI3: NA | BJ3: NA | BK3: NA | BL3: NA | BM3: NA | BN3: NA | BO3: NA | BP3: NA | BQ3: 0 | BR3: 0 | BS3: 0 | BT3: 0 | BU3: 0 | BV3: 0 | BW3: 0 | BX3: 0 | BY3: NA | BZ3: NA | CA3: 0 | CB3: 0 | CC3: 0 | CD3: 0 | CE3: NA | CF3: NA | CG3: NA | CH3: NA | CI3: 0 | CJ3: 0 | CK3: 0 | CL3: 0 | CM3: 0 | CN3: 0 | CO3: 0 | CP3: 0 | CQ3: NS | CR3: NS | CS3: some | CT3: some | CU3: some | CV3: some | CW3: some | CX3: some | CY3: NS | CZ3: NS | DA3: all | DB3: all | DC3: NS | DD3: NS | DE3: all | DF3: all | DG3: NS | DH3: NS | DI3: NS | DJ3: NS | DK3: NS | DL3: NS | DM3: NS | DN3: NS | DO3: NS | DP3: NS | DQ3: NS | DR3: NS | DS3: disorder | DT3: disorder | DU3: NS | DV3: NS | DW3: NS | DX3: NS | DY3: 1 | DZ3: 1 | EA3: 1 | EB3: 1 | EC3: 1 | ED3: 1 | EE3: 1 | EF3: 1 | EG3: 1 | EH3: 1 | EI3: 1 | EJ3: 1 | EK3: 1 | EL3: 1 | EM3: 1 | EN3: 1 | EO3: 1 | EP3: 1 | EQ3: 1 | ER3: 1 | ES3: 10 | ET3: 10 | EW3: =IF(C3=D3,"Y","N") -> Y | EX3: =IF(E3=F3,"Y","N") -> Y | EY3: =IF(G3=H3,"Y","N") -> Y | EZ3: =IF(I3=J3,"Y","N") -> Y | FA3: =IF(K3=L3,"Y","N") -> Y | FB3: =IF(M3=N3,"Y","N") -> Y | FC3: =IF(O3=P3,"Y","N") -> Y | FD3: =IF(Q3=R3,"Y","N") -> Y | FE3: =IF(S3=T3,"Y","N") -> Y | FF3: =IF(U3=V3,"Y","N") -> Y | FG3: =IF(W3=X3,"Y","N") -> Y | FH3: =IF(Y3=Z3,"Y","N") -> Y | FI3: =IF(AA3=AB3,"Y","N") -> Y | FJ3: =IF(AD3=AE3,"Y","N") -> Y | FK3: =IF(AG3=AH3,"Y","N") -> Y | FL3: =IF(AI3=AJ3,"Y","N") -> Y | FM3: =IF(AM3=AN3,"Y","N") -> Y | FN3: =IF(AO3=AP3,"Y","N") -> Y | FO3: =IF(AQ3=AR3,"Y","N") -> Y | FP3: =IF(AY3=AZ3,"Y","N") -> Y | FQ3: =IF(BA3=BB3,"Y","N") -> Y | FR3: =IF(BC3=BD3,"Y","N") -> Y | FS3: =IF(BE3=BF3,"Y","N") -> Y | FT3: =IF(BG3=BH3,"Y","N") -> Y | FU3: =IF(BI3=BJ3,"Y","N") -> Y | FV3: =IF(BK3=BL3,"Y","N") -> Y | FW3: =IF(BM3=BN3,"Y","N") -> Y | FX3: =IF(BO3=BP3,"Y","N") -> Y | FY3: =IF(BQ3=BR3,"Y","N") -> Y | FZ3: =IF(BS3=BT3,"Y","N") -> Y | GA3: =IF(BU3=BV3,"Y","N") -> Y | GB3: =IF(BW3=BX3,"Y","N") -> Y | GC3: =IF(BY3=BZ3,"Y","N") -> Y | GD3: =IF(CA3=CB3,"Y","N") -> Y | GE3: =IF(CC3=CD3,"Y","N") -> Y | GF3: =IF(CE3=CF3,"Y","N") -> Y | GG3: =IF(CG3=CH3, "Y", "N") -> Y | GH3: =IF(CI3=CJ3, "Y", "N") -> Y | GI3: =IF(CK3=CL3,"Y","N") -> Y | GJ3: =IF(CM3=CN3,"Y","N") -> Y | GK3: =IF(CO3=CP3,"Y","N") -> Y | GL3: =IF(CQ3=CR3,"Y","N") -> Y | GM3: =IF(CS3=CT3,"Y","N") -> Y | GN3: =IF(CU3=CV3,"Y","N") -> Y | GO3: =IF(CW3=CX3,"Y","N") -> Y | GP3: =IF(CY3=CZ3,"Y","N") -> Y | GQ3: =IF(DA3=DB3,"Y","N") -> Y | GR3: =IF(DC3=DD3,"Y","N") -> Y | GS3: =IF(DE3=DF3,"Y","N") -> Y | GT3: =IF(DG3=DH3,"Y","N") -> Y | GU3: =IF(DI3=DJ3,"Y","N") -> Y | GV3: =IF(DK3=DL3,"Y","N") -> Y | GW3: =IF(DM3=DN3,"Y","N") -> Y | GX3: =IF(DO3=DP3,"Y","N") -> Y | GY3: =IF(DQ3=DR3,"Y","N") -> Y | GZ3: =IF(DY3=DZ3,"Y","N") -> Y | HA3: =IF(EA3=EB3,"Y","N") -> Y | HB3: =IF(EC3=ED3,"Y","N") -> Y | HC3: =IF(EE3=EF3,"Y","N") -> Y | HD3: =IF(EG3=EH3,"Y","N") -> Y | HE3: =IF(EI3=EJ3,"Y","N") -> Y | HF3: =IF(EK3=EL3,"Y","N") -> Y | HG3: =IF(EM3=EN3,"Y","N") -> Y | HH3: =IF(EO3=EP3,"Y","N") -> Y | HI3: =IF(EQ3=ER3,"Y","N") -> Y | HJ3: =IF(ES3=ET3,"Y","N") -> Y
A4: Caton | B4: 2005 | C4: 278 | D4: 278 | E4: 108 | F4: 108 | G4: 27.1 | H4: 27.1 | I4: 30.1 | J4: 30.1 | K4: 28.5 | L4: 28.5 | M4: 168 | N4: 168 | O4: 56 | P4: 56 | Q4: 0 | R4: 0 | S4: 0 | T4: 0 | U4: 386 | V4: 386 | W4: 0 | X4: 0 | Y4: 0 | Z4: 0 | AA4: 0 | AB4: 0 | AC4: gen_hospital | AD4: USA | AE4: USA | AF4: n_am | AG4: no | AH4: no | AI4: yes | AJ4: yes | AK4: yes | AL4: yes | AM4: NS | AN4: NS | AO4: NS | AP4: NS | AQ4: NS | AR4: NS | AS4: NS | AT4: NS | AU4: NS | AV4: NS | AW4: NS | AX4: NS | AY4: 386 | AZ4: 386 | BA4: 169 | BB4: 169 | BC4: single | BD4: single | BE4: =SUM(BI4,BK4,BQ4,BS4,BU4,BW4,BY4,CA4,CC4,CE4,CG4,CI4,CK4,CM4,CO4) -> 0 | BF4: =SUM(BJ4,BL4,BR4,BT4,BV4,BX4,BZ4,CB4,CD4,CF4,CH4,CJ4,CL4,CN4,CP4) -> 0 | BG4: =SUM(BM4,BO4) -> 169 | BH4: =SUM(BN4,BP4) -> 169 | BI4: NA | BJ4: NA | BK4: NA | BL4: NA | BM4: 169 | BN4: 169 | BO4: NA | BP4: NA | BQ4: NA | BR4: NA | BS4: NA | BT4: NA | BU4: NA | BV4: NA | BW4: NA | BX4: NA | BY4: NA | BZ4: NA | CA4: NA | CB4: NA | CC4: NA | CD4: NA | CE4: NA | CF4: NA | CG4: NA | CH4: NA | CI4: NA | CJ4: NA | CK4: NA | CL4: NA | CM4: NA | CN4: NA | CO4: NA | CP4: NA | CQ4: NS | CR4: NS | CS4: NS | CT4: NS | CU4: NS | CV4: NS | CW4: NS | CX4: NS | CY4: NS | CZ4: NS | DA4: NS | DB4: NS | DC4: all | DD4: all | DE4: all | DF4: all | DG4: yes | DH4: yes | DI4: NS | DJ4: NS | DK4: NS | DL4: NS | DM4: NS | DN4: NS | DO4: NS | DP4: NS | DQ4: NS | DR4: NS | DS4: disorder | DT4: disorder | DU4: PRISM | DV4: PRISM | DW4: DSM-IV | DX4: DSM-IV | DY4: 1 | DZ4: 1 | EA4: 0 | EB4: 0 | EC4: 1 | ED4: 1 | EE4: 1 | EF4: 1 | EG4: 1 | EH4: 1 | EI4: 1 | EJ4: 1 | EK4: 1 | EL4: 1 | EM4: 1 | EN4: 1 | EO4: 1 | EP4: 1 | EQ4: 1 | ER4: 1 | ES4: =SUM(DY4,EA4,EC4,EE4,EG4,EI4,EK4,EM4,EO4,EQ4) -> 9 | ET4: =SUM(DZ4,EB4,ED4,EF4,EH4,EJ4,EL4,EN4,EP4,ER4) -> 9 | EU4: Caton | EV4: 2005 | EW4: =IF(C4=D4,"Y","N") -> Y | EX4: =IF(E4=F4,"Y","N") -> Y | EY4: =IF(G4=H4,"Y","N") -> Y | EZ4: =IF(I4=J4,"Y","N") -> Y | FA4: =IF(K4=L4,"Y","N") -> Y | FB4: =IF(M4=N4,"Y","N") -> Y | FC4: =IF(O4=P4,"Y","N") -> Y | FD4: =IF(Q4=R4,"Y","N") -> Y | FE4: =IF(S4=T4,"Y","N") -> Y | FF4: =IF(U4=V4,"Y","N") -> Y | FG4: =IF(W4=X4,"Y","N") -> Y | FH4: =IF(Y4=Z4,"Y","N") -> Y | FI4: =IF(AA4=AB4,"Y","N") -> Y | FJ4: =IF(AD4=AE4,"Y","N") -> Y | FK4: =IF(AG4=AH4,"Y","N") -> Y | FL4: =IF(AI4=AJ4,"Y","N") -> Y | FM4: =IF(AM4=AN4,"Y","N") -> Y | FN4: =IF(AO4=AP4,"Y","N") -> Y | FO4: =IF(AQ4=AR4,"Y","N") -> Y | FP4: =IF(AY4=AZ4,"Y","N") -> Y | FQ4: =IF(BA4=BB4,"Y","N") -> Y | FR4: =IF(BC4=BD4,"Y","N") -> Y | FS4: =IF(BE4=BF4,"Y","N") -> Y | FT4: =IF(BG4=BH4,"Y","N") -> Y | FU4: =IF(BI4=BJ4,"Y","N") -> Y | FV4: =IF(BK4=BL4,"Y","N") -> Y | FW4: =IF(BM4=BN4,"Y","N") -> Y | FX4: =IF(BO4=BP4,"Y","N") -> Y | FY4: =IF(BQ4=BR4,"Y","N") -> Y | FZ4: =IF(BS4=BT4,"Y","N") -> Y | GA4: =IF(BU4=BV4,"Y","N") -> Y | GB4: =IF(BW4=BX4,"Y","N") -> Y | GC4: =IF(BY4=BZ4,"Y","N") -> Y | GD4: =IF(CA4=CB4,"Y","N") -> Y | GE4: =IF(CC4=CD4,"Y","N") -> Y | GF4: =IF(CE4=CF4,"Y","N") -> Y | GG4: =IF(CG4=CH4, "Y", "N") -> Y | GH4: =IF(CI4=CJ4, "Y", "N") -> Y | GI4: =IF(CK4=CL4,"Y","N") -> Y | GJ4: =IF(CM4=CN4,"Y","N") -> Y | GK4: =IF(CO4=CP4,"Y","N") -> Y | GL4: =IF(CQ4=CR4,"Y","N") -> Y | GM4: =IF(CS4=CT4,"Y","N") -> Y | GN4: =IF(CU4=CV4,"Y","N") -> Y | GO4: =IF(CW4=CX4,"Y","N") -> Y | GP4: =IF(CY4=CZ4,"Y","N") -> Y | GQ4: =IF(DA4=DB4,"Y","N") -> Y | GR4: =IF(DC4=DD4,"Y","N") -> Y | GS4: =IF(DE4=DF4,"Y","N") -> Y | GT4: =IF(DG4=DH4,"Y","N") -> Y | GU4: =IF(DI4=DJ4,"Y","N") -> Y | GV4: =IF(DK4=DL4,"Y","N") -> Y | GW4: =IF(DM4=DN4,"Y","N") -> Y | GX4: =IF(DO4=DP4,"Y","N") -> Y | GY4: =IF(DQ4=DR4,"Y","N") -> Y | GZ4: =IF(DY4=DZ4,"Y","N") -> Y | HA4: =IF(EA4=EB4,"Y","N") -> Y | HB4: =IF(EC4=ED4,"Y","N") -> Y | HC4: =IF(EE4=EF4,"Y","N") -> Y | HD4: =IF(EG4=EH4,"Y","N") -> Y | HE4: =IF(EI4=EJ4,"Y","N") -> Y | HF4: =IF(EK4=EL4,"Y","N") -> Y | HG4: =IF(EM4=EN4,"Y","N") -> Y | HH4: =IF(EO4=EP4,"Y","N") -> Y | HI4: =IF(EQ4=ER4,"Y","N") -> Y | HJ4: =IF(ES4=ET4,"Y","N") -> Y
A5: Correa-Oliveira | B5: 2022 | C5: 152 | D5: 152 | E5: 85 | F5: 85 | G5: NS | H5: NS | I5: NS | J5: NS | K5: 23.5 | L5: 23.5 | M5: NS | N5: NS | O5: 153 | P5: 153 | Q5: NS | R5: NS | S5: 64 | T5: 64 | U5: 0 | V5: 0 | W5: 0 | X5: 0 | Y5: 237 | Z5: 237 | AA5: 0 | AB5: 0 | AC5: outpat_psych | AD5: Brazil | AE5: Brazil | AF5: s_am | AG5: yes | AH5: yes | AI5: no | AJ5: no | AK5: yes | AL5: yes | AM5: 237 | AN5: 237 | AO5: 0 | AP5: 0 | AQ5: 0 | AR5: 0 | AS5: NS | AT5: NS | AU5: NS | AV5: NS | AW5: NS | AX5: NS | AY5: 237 | AZ5: 237 | BA5: 84 | BB5: 84 | BC5: multiple | BD5: multiple | BE5: =SUM(BI5,BK5,BQ5,BS5,BU5,BW5,BY5,CA5,CC5,CE5,CG5,CI5,CK5,CM5,CO5) -> 23 | BF5: =SUM(BJ5,BL5,BR5,BT5,BV5,BX5,BZ5,CB5,CD5,CF5,CH5,CJ5,CL5,CN5,CP5) -> 23 | BG5: =SUM(BM5,BO5) -> 61 | BH5: =SUM(BN5,BP5) -> 61 | BI5: NA | BJ5: NA | BK5: NA | BL5: NA | BM5: 61 | BN5: 61 | BO5: NA | BP5: NA | BQ5: NA | BR5: NA | BS5: NA | BT5: NA | BU5: NA | BV5: NA | BW5: NA | BX5: NA | BY5: NA | BZ5: NA | CA5: NA | CB5: NA | CC5: NA | CD5: NA | CE5: NA | CF5: NA | CG5: NA | CH5: NA | CI5: NA | CJ5: NA | CK5: NA | CL5: NA | CM5: NA | CN5: NA | CO5: 23 | CP5: 23 | CQ5: NS | CR5: NS | CS5: all | CT5: all | CU5: all | CV5: all | CW5: NS | CX5: NS | CY5: NS | CZ5: NS | DA5: all | DB5: all | DC5: all | DD5: all | DE5: all | DF5: all | DG5: yes | DH5: yes | DI5: all | DJ5: all | DK5: NS | DL5: NS | DM5: NS | DN5: NS | DO5: NS | DP5: NS | DQ5: NS | DR5: NS | DS5: disorder | DT5: disorder | DU5: SCID | DV5: SCID | DW5: DSM-5 | DX5: DSM-IV | DY5: 1 | DZ5: 1 | EA5: 1 | EB5: 1 | EC5: 1 | ED5: 1 | EE5: 1 | EF5: 1 | EG5: 1 | EH5: 1 | EI5: 1 | EJ5: 1 | EK5: 1 | EL5: 1 | EM5: 1 | EN5: 1 | EO5: 1 | EP5: 1 | EQ5: 1 | ER5: 1 | ES5: =SUM(DY5,EA5,EC5,EE5,EG5,EI5,EK5,EM5,EO5,EQ5) -> 10 | ET5: =SUM(DZ5,EB5,ED5,EF5,EH5,EJ5,EL5,EN5,EP5,ER5) -> 10 | EU5: Correa-Oliveira | EV5: 2022 | EW5: =IF(C5=D5,"Y","N") -> Y | EX5: =IF(E5=F5,"Y","N") -> Y | EY5: =IF(G5=H5,"Y","N") -> Y | EZ5: =IF(I5=J5,"Y","N") -> Y | FA5: =IF(K5=L5,"Y","N") -> Y | FB5: =IF(M5=N5,"Y","N") -> Y | FC5: =IF(O5=P5,"Y","N") -> Y | FD5: =IF(Q5=R5,"Y","N") -> Y | FE5: =IF(S5=T5,"Y","N") -> Y | FF5: =IF(U5=V5,"Y","N") -> Y | FG5: =IF(W5=X5,"Y","N") -> Y | FH5: =IF(Y5=Z5,"Y","N") -> Y | FI5: =IF(AA5=AB5,"Y","N") -> Y | FJ5: =IF(AD5=AE5,"Y","N") -> Y | FK5: =IF(AG5=AH5,"Y","N") -> Y | FL5: =IF(AI5=AJ5,"Y","N") -> Y | FM5: =IF(AM5=AN5,"Y","N") -> Y | FN5: =IF(AO5=AP5,"Y","N") -> Y | FO5: =IF(AQ5=AR5,"Y","N") -> Y | FP5: =IF(AY5=AZ5,"Y","N") -> Y | FQ5: =IF(BA5=BB5,"Y","N") -> Y | FR5: =IF(BC5=BD5,"Y","N") -> Y | FS5: =IF(BE5=BF5,"Y","N") -> Y | FT5: =IF(BG5=BH5,"Y","N") -> Y | FU5: =IF(BI5=BJ5,"Y","N") -> Y | FV5: =IF(BK5=BL5,"Y","N") -> Y | FW5: =IF(BM5=BN5,"Y","N") -> Y | FX5: =IF(BO5=BP5,"Y","N") -> Y | FY5: =IF(BQ5=BR5,"Y","N") -> Y | FZ5: =IF(BS5=BT5,"Y","N") -> Y | GA5: =IF(BU5=BV5,"Y","N") -> Y | GB5: =IF(BW5=BX5,"Y","N") -> Y | GC5: =IF(BY5=BZ5,"Y","N") -> Y | GD5: =IF(CA5=CB5,"Y","N") -> Y | GE5: =IF(CC5=CD5,"Y","N") -> Y | GF5: =IF(CE5=CF5,"Y","N") -> Y | GG5: =IF(CG5=CH5, "Y", "N") -> Y | GH5: =IF(CI5=CJ5, "Y", "N") -> Y | GI5: =IF(CK5=CL5,"Y","N") -> Y | GJ5: =IF(CM5=CN5,"Y","N") -> Y | GK5: =IF(CO5=CP5,"Y","N") -> Y | GL5: =IF(CQ5=CR5,"Y","N") -> Y | GM5: =IF(CS5=CT5,"Y","N") -> Y | GN5: =IF(CU5=CV5,"Y","N") -> Y | GO5: =IF(CW5=CX5,"Y","N") -> Y | GP5: =IF(CY5=CZ5,"Y","N") -> Y | GQ5: =IF(DA5=DB5,"Y","N") -> Y | GR5: =IF(DC5=DD5,"Y","N") -> Y | GS5: =IF(DE5=DF5,"Y","N") -> Y | GT5: =IF(DG5=DH5,"Y","N") -> Y | GU5: =IF(DI5=DJ5,"Y","N") -> Y | GV5: =IF(DK5=DL5,"Y","N") -> Y | GW5: =IF(DM5=DN5,"Y","N") -> Y | GX5: =IF(DO5=DP5,"Y","N") -> Y | GY5: =IF(DQ5=DR5,"Y","N") -> Y | GZ5: =IF(DY5=DZ5,"Y","N") -> Y | HA5: =IF(EA5=EB5,"Y","N") -> Y | HB5: =IF(EC5=ED5,"Y","N") -> Y | HC5: =IF(EE5=EF5,"Y","N") -> Y | HD5: =IF(EG5=EH5,"Y","N") -> Y | HE5: =IF(EI5=EJ5,"Y","N") -> Y | HF5: =IF(EK5=EL5,"Y","N") -> Y | HG5: =IF(EM5=EN5,"Y","N") -> Y | HH5: =IF(EO5=EP5,"Y","N") -> Y | HI5: =IF(EQ5=ER5,"Y","N") -> Y | HJ5: =IF(ES5=ET5,"Y","N") -> Y | HK5: 1 | HL5: 1
A6: Drake | B6: 2011 | C6: 152 | D6: 152 | E6: 99 | F6: 99 | G6: 27.2 | H6: 27.2 | I6: 30.4 | J6: 30.4 | K6: NS | L6: NS | M6: 156 | N6: 156 | O6: 52 | P6: 52 | Q6: 0 | R6: 0 | S6: 147 | T6: 147 | U6: 351 | V6: 351 | W6: 0 | X6: 0 | Y6: 0 | Z6: 0 | AA6: 0 | AB6: 0 | AC6: gen_hospital | AD6: USA | AE6: USA | AF6: n_am | AG6: no | AH6: no | AI6: yes | AJ6: yes | AK6: yes | AL6: yes | AM6: 351 | AN6: 351 | AO6: 0 | AP6: 0 | AQ6: 0 | AR6: 0 | AS6: NS | AT6: NS | AU6: NS | AV6: NS | AW6: NS | AX6: NS | AY6: 351 | AZ6: 351 | BA6: 134 | BB6: 134 | BC6: single | BD6: single | BE6: =SUM(BI6,BK6,BQ6,BS6,BU6,BW6,BY6,CA6,CC6,CE6,CG6,CI6,CK6,CM6,CO6) -> 0 | BF6: =SUM(BJ6,BL6,BR6,BT6,BV6,BX6,BZ6,CB6,CD6,CF6,CH6,CJ6,CL6,CN6,CP6) -> 0 | BG6: =SUM(BM6,BO6) -> 134 | BH6: =SUM(BN6,BP6) -> 134 | BI6: NA | BJ6: NA | BK6: NA | BL6: NA | BM6: 134 | BN6: 134 | BO6: NA | BP6: NA | BQ6: NA | BR6: NA | BS6: NA | BT6: NA | BU6: NA | BV6: NA | BW6: NA | BX6: NA | BY6: NA | BZ6: NA | CA6: NA | CB6: NA | CC6: NA | CD6: NA | CE6: NA | CF6: NA | CG6: NA | CH6: NA | CI6: NA | CJ6: NA | CK6: NA | CL6: NA | CM6: NA | CN6: NA | CO6: NA | CP6: NA | CQ6: NS | CR6: NS | CS6: NS | CT6: NS | CU6: NS | CV6: NS | CW6: NS | CX6: NS | CY6: NS | CZ6: NS | DA6: NS | DB6: NS | DC6: all | DD6: all | DE6: all | DF6: all | DG6: yes | DH6: yes | DI6: NS | DJ6: NS | DK6: NS | DL6: NS | DM6: NS | DN6: NS | DO6: NS | DP6: NS | DQ6: NS | DR6: NS | DS6: disorder | DT6: disorder | DU6: PRISM | DV6: PRISM | DW6: DSM-IV | DX6: DSM-IV | DY6: 1 | DZ6: 1 | EA6: 0 | EB6: 0 | EC6: 1 | ED6: 1 | EE6: 1 | EF6: 1 | EG6: 1 | EH6: 1 | EI6: 1 | EJ6: 1 | EK6: 1 | EL6: 1 | EM6: 1 | EN6: 1 | EO6: 1 | EP6: 1 | EQ6: 1 | ER6: 1 | ES6: =SUM(DY6,EA6,EC6,EE6,EG6,EI6,EK6,EM6,EO6,EQ6) -> 9 | ET6: =SUM(DZ6,EB6,ED6,EF6,EH6,EJ6,EL6,EN6,EP6,ER6) -> 9 | EU6: Drake | EV6: 2011 | EW6: =IF(C6=D6,"Y","N") -> Y | EX6: =IF(E6=F6,"Y","N") -> Y | EY6: =IF(G6=H6,"Y","N") -> Y | EZ6: =IF(I6=J6,"Y","N") -> Y | FA6: =IF(K6=L6,"Y","N") -> Y | FB6: =IF(M6=N6,"Y","N") -> Y | FC6: =IF(O6=P6,"Y","N") -> Y | FD6: =IF(Q6=R6,"Y","N") -> Y | FE6: =IF(S6=T6,"Y","N") -> Y | FF6: =IF(U6=V6,"Y","N") -> Y | FG6: =IF(W6=X6,"Y","N") -> Y | FH6: =IF(Y6=Z6,"Y","N") -> Y | FI6: =IF(AA6=AB6,"Y","N") -> Y | FJ6: =IF(AD6=AE6,"Y","N") -> Y | FK6: =IF(AG6=AH6,"Y","N") -> Y | FL6: =IF(AI6=AJ6,"Y","N") -> Y | FM6: =IF(AM6=AN6,"Y","N") -> Y | FN6: =IF(AO6=AP6,"Y","N") -> Y | FO6: =IF(AQ6=AR6,"Y","N") -> Y | FP6: =IF(AY6=AZ6,"Y","N") -> Y | FQ6: =IF(BA6=BB6,"Y","N") -> Y | FR6: =IF(BC6=BD6,"Y","N") -> Y | FS6: =IF(BE6=BF6,"Y","N") -> Y | FT6: =IF(BG6=BH6,"Y","N") -> Y | FU6: =IF(BI6=BJ6,"Y","N") -> Y | FV6: =IF(BK6=BL6,"Y","N") -> Y | FW6: =IF(BM6=BN6,"Y","N") -> Y | FX6: =IF(BO6=BP6,"Y","N") -> Y | FY6: =IF(BQ6=BR6,"Y","N") -> Y | FZ6: =IF(BS6=BT6,"Y","N") -> Y | GA6: =IF(BU6=BV6,"Y","N") -> Y | GB6: =IF(BW6=BX6,"Y","N") -> Y | GC6: =IF(BY6=BZ6,"Y","N") -> Y | GD6: =IF(CA6=CB6,"Y","N") -> Y | GE6: =IF(CC6=CD6,"Y","N") -> Y | GF6: =IF(CE6=CF6,"Y","N") -> Y | GG6: =IF(CG6=CH6, "Y", "N") -> Y | GH6: =IF(CI6=CJ6, "Y", "N") -> Y | GI6: =IF(CK6=CL6,"Y","N") -> Y | GJ6: =IF(CM6=CN6,"Y","N") -> Y | GK6: =IF(CO6=CP6,"Y","N") -> Y | GL6: =IF(CQ6=CR6,"Y","N") -> Y | GM6: =IF(CS6=CT6,"Y","N") -> Y | GN6: =IF(CU6=CV6,"Y","N") -> Y | GO6: =IF(CW6=CX6,"Y","N") -> Y | GP6: =IF(CY6=CZ6,"Y","N") -> Y | GQ6: =IF(DA6=DB6,"Y","N") -> Y | GR6: =IF(DC6=DD6,"Y","N") -> Y | GS6: =IF(DE6=DF6,"Y","N") -> Y | GT6: =IF(DG6=DH6,"Y","N") -> Y | GU6: =IF(DI6=DJ6,"Y","N") -> Y | GV6: =IF(DK6=DL6,"Y","N") -> Y | GW6: =IF(DM6=DN6,"Y","N") -> Y | GX6: =IF(DO6=DP6,"Y","N") -> Y | GY6: =IF(DQ6=DR6,"Y","N") -> Y | GZ6: =IF(DY6=DZ6,"Y","N") -> Y | HA6: =IF(EA6=EB6,"Y","N") -> Y | HB6: =IF(EC6=ED6,"Y","N") -> Y | HC6: =IF(EE6=EF6,"Y","N") -> Y | HD6: =IF(EG6=EH6,"Y","N") -> Y | HE6: =IF(EI6=EJ6,"Y","N") -> Y | HF6: =IF(EK6=EL6,"Y","N") -> Y | HG6: =IF(EM6=EN6,"Y","N") -> Y | HH6: =IF(EO6=EP6,"Y","N") -> Y | HI6: =IF(EQ6=ER6,"Y","N") -> Y | HJ6: =IF(ES6=ET6,"Y","N") -> Y
A7: Endres | B7: 2020 | C7: 32 | D7: 32 | E7: 44 | F7: 44 | G7: NS | H7: NS | I7: NS | J7: NS | K7: 37.22 | L7: 37.22 | M7: NS | N7: NS | O7: NS | P7: NS | Q7: NS | R7: NS | S7: NS | T7: NS | U7: 0 | V7: 0 | W7: 76 | X7: 76 | Y7: 0 | Z7: 0 | AA7: 0 | AB7: 0 | AC7: inpat_psych | AD7: Germany | AE7: Germany | AF7: euro | AG7: yes | AH7: yes | AI7: no | AJ7: no | AK7: no | AL7: no | AM7: 15 | AN7: 15 | AO7: 61 | AP7: 61 | AQ7: 0 | AR7: 0 | AS7: NS | AT7: NS | AU7: NS | AV7: NS | AW7: NS | AX7: NS | AY7: 76 | AZ7: 76 | BA7: 4 | BB7: 4 | BC7: multiple | BD7: multiple | BE7: =SUM(BI7,BK7,BQ7,BS7,BU7,BW7,BY7,CA7,CC7,CE7,CG7,CI7,CK7,CM7,CO7) -> 3 | BF7: =SUM(BJ7,BL7,BR7,BT7,BV7,BX7,BZ7,CB7,CD7,CF7,CH7,CJ7,CL7,CN7,CP7) -> 3 | BG7: =SUM(BM7,BO7) -> 1 | BH7: =SUM(BN7,BP7) -> 1 | BI7: 3 | BJ7: 3 | BK7: 0 | BL7: 0 | BM7: 1 | BN7: 1 | BO7: 0 | BP7: 0 | BQ7: 0 | BR7: 0 | BS7: 0 | BT7: 0 | BU7: 0 | BV7: 0 | BW7: 0 | BX7: 0 | BY7: 0 | BZ7: 0 | CA7: 0 | CB7: 0 | CC7: 0 | CD7: 0 | CE7: 0 | CF7: 0 | CG7: 0 | CH7: 0 | CI7: 0 | CJ7: 0 | CK7: 0 | CL7: 0 | CM7: 0 | CN7: 0 | CO7: 0 | CP7: 0 | CQ7: all | CR7: all | CS7: NS | CT7: NS | CU7: NS | CV7: NS | CW7: all | CX7: all | CY7: all | CZ7: all | DA7: all | DB7: all | DC7: all | DD7: all | DE7: all | DF7: all | DG7: NS | DH7: NS | DI7: NS | DJ7: NS | DK7: NS | DL7: NS | DM7: NS | DN7: NS | DO7: NS | DP7: NS | DQ7: NS | DR7: NS | DS7: disorder | DT7: disorder | DU7: NS | DV7: NS | DW7: ICD-10 | DX7: ICD-10 | DY7: 1 | DZ7: 1 | EA7: 1 | EB7: 1 | EC7: 1 | ED7: 1 | EE7: 1 | EF7: 1 | EG7: 1 | EH7: 1 | EI7: 1 | EJ7: 1 | EK7: 1 | EL7: 1 | EM7: 1 | EN7: 1 | EO7: 1 | EP7: 1 | EQ7: 1 | ER7: 1 | ES7: =SUM(DY7,EA7,EC7,EE7,EG7,EI7,EK7,EM7,EO7,EQ7) -> 10 | ET7: =SUM(DZ7,EB7,ED7,EF7,EH7,EJ7,EL7,EN7,EP7,ER7) -> 10 | EU7: Endres | EV7: 2020 | EW7: =IF(C7=D7,"Y","N") -> Y | EX7: =IF(E7=F7,"Y","N") -> Y | EY7: =IF(G7=H7,"Y","N") -> Y | EZ7: =IF(I7=J7,"Y","N") -> Y | FA7: =IF(K7=L7,"Y","N") -> Y | FB7: =IF(M7=N7,"Y","N") -> Y | FC7: =IF(O7=P7,"Y","N") -> Y | FD7: =IF(Q7=R7,"Y","N") -> Y | FE7: =IF(S7=T7,"Y","N") -> Y | FF7: =IF(U7=V7,"Y","N") -> Y | FG7: =IF(W7=X7,"Y","N") -> Y | FH7: =IF(Y7=Z7,"Y","N") -> Y | FI7: =IF(AA7=AB7,"Y","N") -> Y | FJ7: =IF(AD7=AE7,"Y","N") -> Y | FK7: =IF(AG7=AH7,"Y","N") -> Y | FL7: =IF(AI7=AJ7,"Y","N") -> Y | FM7: =IF(AM7=AN7,"Y","N") -> Y | FN7: =IF(AO7=AP7,"Y","N") -> Y | FO7: =IF(AQ7=AR7,"Y","N") -> Y | FP7: =IF(AY7=AZ7,"Y","N") -> Y | FQ7: =IF(BA7=BB7,"Y","N") -> Y | FR7: =IF(BC7=BD7,"Y","N") -> Y | FS7: =IF(BE7=BF7,"Y","N") -> Y | FT7: =IF(BG7=BH7,"Y","N") -> Y | FU7: =IF(BI7=BJ7,"Y","N") -> Y | FV7: =IF(BK7=BL7,"Y","N") -> Y | FW7: =IF(BM7=BN7,"Y","N") -> Y | FX7: =IF(BO7=BP7,"Y","N") -> Y | FY7: =IF(BQ7=BR7,"Y","N") -> Y | FZ7: =IF(BS7=BT7,"Y","N") -> Y | GA7: =IF(BU7=BV7,"Y","N") -> Y | GB7: =IF(BW7=BX7,"Y","N") -> Y | GC7: =IF(BY7=BZ7,"Y","N") -> Y | GD7: =IF(CA7=CB7,"Y","N") -> Y | GE7: =IF(CC7=CD7,"Y","N") -> Y | GF7: =IF(CE7=CF7,"Y","N") -> Y | GG7: =IF(CG7=CH7, "Y", "N") -> Y | GH7: =IF(CI7=CJ7, "Y", "N") -> Y | GI7: =IF(CK7=CL7,"Y","N") -> Y | GJ7: =IF(CM7=CN7,"Y","N") -> Y | GK7: =IF(CO7=CP7,"Y","N") -> Y | GL7: =IF(CQ7=CR7,"Y","N") -> Y | GM7: =IF(CS7=CT7,"Y","N") -> Y | GN7: =IF(CU7=CV7,"Y","N") -> Y | GO7: =IF(CW7=CX7,"Y","N") -> Y | GP7: =IF(CY7=CZ7,"Y","N") -> Y | GQ7: =IF(DA7=DB7,"Y","N") -> Y | GR7: =IF(DC7=DD7,"Y","N") -> Y | GS7: =IF(DE7=DF7,"Y","N") -> Y | GT7: =IF(DG7=DH7,"Y","N") -> Y | GU7: =IF(DI7=DJ7,"Y","N") -> Y | GV7: =IF(DK7=DL7,"Y","N") -> Y | GW7: =IF(DM7=DN7,"Y","N") -> Y | GX7: =IF(DO7=DP7,"Y","N") -> Y | GY7: =IF(DQ7=DR7,"Y","N") -> Y | GZ7: =IF(DY7=DZ7,"Y","N") -> Y | HA7: =IF(EA7=EB7,"Y","N") -> Y | HB7: =IF(EC7=ED7,"Y","N") -> Y | HC7: =IF(EE7=EF7,"Y","N") -> Y | HD7: =IF(EG7=EH7,"Y","N") -> Y | HE7: =IF(EI7=EJ7,"Y","N") -> Y | HF7: =IF(EK7=EL7,"Y","N") -> Y | HG7: =IF(EM7=EN7,"Y","N") -> Y | HH7: =IF(EO7=EP7,"Y","N") -> Y | HI7: =IF(EQ7=ER7,"Y","N") -> Y | HJ7: =IF(ES7=ET7,"Y","N") -> Y
A8: Etlouba | B8: 2018 | C8: 95 | D8: 95 | E8: 64 | F8: 64 | G8: 28.7 | H8: 28.7 | I8: 36.7 | J8: 36.7 | K8: 34.3 | L8: 34.3 | M8: 142 | N8: 142 | O8: 5 | P8: 5 | Q8: 7 | R8: 7 | S8: 5 | T8: 5 | U8: 159 | V8: 159 | W8: 0 | X8: 0 | Y8: 0 | Z8: 0 | AA8: 0 | AB8: 0 | AC8: gen_hospital | AD8: South Africa | AE8: South Africa | AF8: afri | AG8: yes | AH8: yes | AI8: no | AJ8: no | AK8: yes | AL8: yes | AM8: 159 | AN8: 159 | AO8: 0 | AP8: 0 | AQ8: 0 | AR8: 0 | AS8: 16.6 | AT8: 16.6 | AU8: 37.8 | AV8: NS | AX8: NS | AY8: 159 | AZ8: 159 | BA8: 124 | BB8: 124 | BC8: multiple | BD8: multiple | BE8: =SUM(BI8,BK8,BQ8,BS8,BU8,BW8,BY8,CA8,CC8,CE8,CG8,CI8,CK8,CM8,CO8) -> 87 | BF8: =SUM(BJ8,BL8,BR8,BT8,BV8,BX8,BZ8,CB8,CD8,CF8,CH8,CJ8,CL8,CN8,CP8) -> 87 | BG8: =SUM(BM8,BO8) -> 37 | BH8: =SUM(BN8,BP8) -> 37 | BI8: 0 | BJ8: 0 | BK8: 0 | BL8: 0 | BM8: 37 | BN8: 37 | BO8: 0 | BP8: 0 | BQ8: 2 | BR8: 2 | BS8: 0 | BT8: 0 | BU8: 4 | BV8: 4 | BW8: 0 | BX8: 0 | BY8: 75 | BZ8: 75 | CA8: 0 | CB8: 0 | CC8: 0 | CD8: 0 | CE8: 3 | CF8: 3 | CG8: 0 | CH8: 0 | CI8: 0 | CJ8: 0 | CK8: 2 | CL8: 2 | CM8: 1 | CN8: 1 | CO8: 0 | CP8: 0 | CQ8: NS | CR8: NS | CS8: yes - NS | CT8: yes - NS | CU8: yes - NS | CV8: yes - NS | CW8: NS | CX8: NS | CY8: yes - NS | CZ8: yes - NS | DA8: yes - NS | DB8: yes - NS | DC8: yes - NS | DD8: yes - NS | DE8: all | DF8: all | DG8: NS | DH8: NS | DI8: all | DJ8: all | DK8: NS | DL8: NS | DM8: NS | DN8: NS | DO8: X-ray (yes-NS) | DP8: X-ray (yes-NS) | DQ8: NS | DR8: NS | DS8: symptoms | DT8: symptoms | DU8: NS | DV8: NS | DW8: NS | DX8: NS | DY8: 1 | DZ8: 1 | EA8: 1 | EB8: 1 | EC8: 1 | ED8: 1 | EE8: 1 | EF8: 1 | EG8: 1 | EH8: 1 | EI8: 1 | EJ8: 1 | EK8: 1 | EL8: 1 | EM8: 1 | EN8: 1 | EO8: 1 | EP8: 1 | EQ8: 1 | ER8: 1 | ES8: =SUM(DY8,EA8,EC8,EE8,EG8,EI8,EK8,EM8,EO8,EQ8) -> 10 | ET8: =SUM(DZ8,EB8,ED8,EF8,EH8,EJ8,EL8,EN8,EP8,ER8) -> 10 | EU8: Etlouba | EV8: 2018 | EW8: =IF(C8=D8,"Y","N") -> Y | EX8: =IF(E8=F8,"Y","N") -> Y | EY8: =IF(G8=H8,"Y","N") -> Y | EZ8: =IF(I8=J8,"Y","N") -> Y | FA8: =IF(K8=L8,"Y","N") -> Y | FB8: =IF(M8=N8,"Y","N") -> Y | FC8: =IF(O8=P8,"Y","N") -> Y | FD8: =IF(Q8=R8,"Y","N") -> Y | FE8: =IF(S8=T8,"Y","N") -> Y | FF8: =IF(U8=V8,"Y","N") -> Y | FG8: =IF(W8=X8,"Y","N") -> Y | FH8: =IF(Y8=Z8,"Y","N") -> Y | FI8: =IF(AA8=AB8,"Y","N") -> Y | FJ8: =IF(AD8=AE8,"Y","N") -> Y | FK8: =IF(AG8=AH8,"Y","N") -> Y | FL8: =IF(AI8=AJ8,"Y","N") -> Y | FM8: =IF(AM8=AN8,"Y","N") -> Y | FN8: =IF(AO8=AP8,"Y","N") -> Y | FO8: =IF(AQ8=AR8,"Y","N") -> Y | FP8: =IF(AY8=AZ8,"Y","N") -> Y | FQ8: =IF(BA8=BB8,"Y","N") -> Y | FR8: =IF(BC8=BD8,"Y","N") -> Y | FS8: =IF(BE8=BF8,"Y","N") -> Y | FT8: =IF(BG8=BH8,"Y","N") -> Y | FU8: =IF(BI8=BJ8,"Y","N") -> Y | FV8: =IF(BK8=BL8,"Y","N") -> Y | FW8: =IF(BM8=BN8,"Y","N") -> Y | FX8: =IF(BO8=BP8,"Y","N") -> Y | FY8: =IF(BQ8=BR8,"Y","N") -> Y | FZ8: =IF(BS8=BT8,"Y","N") -> Y | GA8: =IF(BU8=BV8,"Y","N") -> Y | GB8: =IF(BW8=BX8,"Y","N") -> Y | GC8: =IF(BY8=BZ8,"Y","N") -> Y | GD8: =IF(CA8=CB8,"Y","N") -> Y | GE8: =IF(CC8=CD8,"Y","N") -> Y | GF8: =IF(CE8=CF8,"Y","N") -> Y | GG8: =IF(CG8=CH8, "Y", "N") -> Y | GH8: =IF(CI8=CJ8, "Y", "N") -> Y | GI8: =IF(CK8=CL8,"Y","N") -> Y | GJ8: =IF(CM8=CN8,"Y","N") -> Y | GK8: =IF(CO8=CP8,"Y","N") -> Y | GL8: =IF(CQ8=CR8,"Y","N") -> Y | GM8: =IF(CS8=CT8,"Y","N") -> Y | GN8: =IF(CU8=CV8,"Y","N") -> Y | GO8: =IF(CW8=CX8,"Y","N") -> Y | GP8: =IF(CY8=CZ8,"Y","N") -> Y | GQ8: =IF(DA8=DB8,"Y","N") -> Y | GR8: =IF(DC8=DD8,"Y","N") -> Y | GS8: =IF(DE8=DF8,"Y","N") -> Y | GT8: =IF(DG8=DH8,"Y","N") -> Y | GU8: =IF(DI8=DJ8,"Y","N") -> Y | GV8: =IF(DK8=DL8,"Y","N") -> Y | GW8: =IF(DM8=DN8,"Y","N") -> Y | GX8: =IF(DO8=DP8,"Y","N") -> Y | GY8: =IF(DQ8=DR8,"Y","N") -> Y | GZ8: =IF(DY8=DZ8,"Y","N") -> Y | HA8: =IF(EA8=EB8,"Y","N") -> Y | HB8: =IF(EC8=ED8,"Y","N") -> Y | HC8: =IF(EE8=EF8,"Y","N") -> Y | HD8: =IF(EG8=EH8,"Y","N") -> Y | HE8: =IF(EI8=EJ8,"Y","N") -> Y | HF8: =IF(EK8=EL8,"Y","N") -> Y | HG8: =IF(EM8=EN8,"Y","N") -> Y | HH8: =IF(EO8=EP8,"Y","N") -> Y | HI8: =IF(EQ8=ER8,"Y","N") -> Y | HJ8: =IF(ES8=ET8,"Y","N") -> Y
A9: Fraser | B9: 2020 | C9: 47 | D9: 47 | E9: 14 | F9: 14 | G9: 21.3 | H9: 21.3 | I9: 20.1 | J9: 20.1 | K9: 20.6 | L9: 20.6 | M9: NS | N9: NS | O9: NS | P9: NS | Q9: NS | R9: NS | S9: NS | T9: NS | U9: 0 | V9: 0 | W9: 61 | X9: 61 | Y9: 0 | Z9: 0 | AA9: 0 | AB9: 0 | AC9: inpat_psych | AD9: Australia | AE9: Australia | AF9: aus | AG9: no | AH9: no | AI9: yes | AJ9: yes | AK9: yes | AL9: yes | AM9: 61 | AN9: 61 | AO9: 0 | AP9: 0 | AQ9: 0 | AR9: 0 | AS9: 2.9 | AT9: NS | AU9: 3.4 | AV9: NS | AW9: 2.4 | AX9: 2.4 | AY9: 61 | AZ9: 61 | BA9: 34 | BB9: 34 | BC9: single | BD9: single | BE9: =SUM(BI9,BK9,BQ9,BS9,BU9,BW9,BY9,CA9,CC9,CE9,CG9,CI9,CK9,CM9,CO9) -> 0 | BF9: =SUM(BJ9,BL9,BR9,BT9,BV9,BX9,BZ9,CB9,CD9,CF9,CH9,CJ9,CL9,CN9,CP9) -> 0 | BG9: =SUM(BM9,BO9) -> 34 | BH9: =SUM(BN9,BP9) -> 34 | BI9: NA | BJ9: NA | BK9: NA | BL9: NA | BM9: 34 | BN9: 34 | BO9: NA | BP9: NA | BQ9: NA | BR9: NA | BS9: NA | BT9: NA | BU9: NA | BV9: NA | BW9: NA | BX9: NA | BY9: NA | BZ9: NA | CA9: NA | CB9: NA | CC9: NA | CD9: NA | CE9: NA | CF9: NA | CG9: NA | CH9: NA | CI9: NA | CJ9: NA | CK9: NA | CL9: NA | CM9: NA | CN9: NA | CO9: NA | CP9: NA | CQ9: NS | CR9: NS | CS9: NS | CT9: NS | CU9: NS | CV9: NS | CW9: NS | CX9: NS | CY9: NS | CZ9: NS | DA9: NS | DB9: NS | DC9: yes - NS | DD9: yes - NS | DE9: all | DF9: all | DG9: yes | DH9: yes | DI9: NS | DJ9: NS | DK9: NS | DL9: NS | DM9: NS | DN9: NS | DO9: NS | DP9: NS | DQ9: NS | DR9: NS | DS9: disorder | DT9: disorder | DU9: PRISM | DV9: PRISM | DW9: DSM-IV | DX9: DSM-IV | DY9: 1 | DZ9: 1 | EA9: 0 | EB9: 0 | EC9: 1 | ED9: 1 | EE9: 1 | EF9: 1 | EG9: 1 | EH9: 1 | EI9: 1 | EJ9: 1 | EK9: 1 | EL9: 1 | EM9: 1 | EN9: 1 | EO9: 1 | EP9: 1 | EQ9: 1 | ER9: 1 | ES9: =SUM(DY9,EA9,EC9,EE9,EG9,EI9,EK9,EM9,EO9,EQ9) -> 9 | ET9: =SUM(DZ9,EB9,ED9,EF9,EH9,EJ9,EL9,EN9,EP9,ER9) -> 9 | EW9: =IF(C9=D9,"Y","N") -> Y | EX9: =IF(E9=F9,"Y","N") -> Y | EY9: =IF(G9=H9,"Y","N") -> Y | EZ9: =IF(I9=J9,"Y","N") -> Y | FA9: =IF(K9=L9,"Y","N") -> Y | FC9: =IF(O9=P9,"Y","N") -> Y | FD9: =IF(Q9=R9,"Y","N") -> Y | FE9: =IF(S9=T9,"Y","N") -> Y | FF9: =IF(U9=V9,"Y","N") -> Y | FG9: =IF(W9=X9,"Y","N") -> Y | FH9: =IF(Y9=Z9,"Y","N") -> Y | FI9: =IF(AA9=AB9,"Y","N") -> Y | FJ9: =IF(AD9=AE9,"Y","N") -> Y | FK9: =IF(AG9=AH9,"Y","N") -> Y | FL9: =IF(AI9=AJ9,"Y","N") -> Y | FM9: =IF(AM9=AN9,"Y","N") -> Y | FN9: =IF(AO9=AP9,"Y","N") -> Y | FO9: =IF(AQ9=AR9,"Y","N") -> Y | FP9: =IF(AY9=AZ9,"Y","N") -> Y | FQ9: =IF(BA9=BB9,"Y","N") -> Y | FR9: =IF(BC9=BD9,"Y","N") -> Y | FS9: =IF(BE9=BF9,"Y","N") -> Y | FT9: =IF(BG9=BH9,"Y","N") -> Y | FU9: =IF(BI9=BJ9,"Y","N") -> Y | FV9: =IF(BK9=BL9,"Y","N") -> Y | FW9: =IF(BM9=BN9,"Y","N") -> Y | FX9: =IF(BO9=BP9,"Y","N") -> Y | FY9: =IF(BQ9=BR9,"Y","N") -> Y | FZ9: =IF(BS9=BT9,"Y","N") -> Y | GA9: =IF(BU9=BV9,"Y","N") -> Y | GB9: =IF(BW9=BX9,"Y","N") -> Y | GC9: =IF(BY9=BZ9,"Y","N") -> Y | GD9: =IF(CA9=CB9,"Y","N") -> Y | GE9: =IF(CC9=CD9,"Y","N") -> Y | GF9: =IF(CE9=CF9,"Y","N") -> Y | GG9: =IF(CG9=CH9, "Y", "N") -> Y | GH9: =IF(CI9=CJ9, "Y", "N") -> Y | GI9: =IF(CK9=CL9,"Y","N") -> Y | GJ9: =IF(CM9=CN9,"Y","N") -> Y | GK9: =IF(CO9=CP9,"Y","N") -> Y | GL9: =IF(CQ9=CR9,"Y","N") -> Y | GM9: =IF(CS9=CT9,"Y","N") -> Y | GN9: =IF(CU9=CV9,"Y","N") -> Y | GO9: =IF(CW9=CX9,"Y","N") -> Y | GP9: =IF(CY9=CZ9,"Y","N") -> Y | GQ9: =IF(DA9=DB9,"Y","N") -> Y | GR9: =IF(DC9=DD9,"Y","N") -> Y | GS9: =IF(DE9=DF9,"Y","N") -> Y | GT9: =IF(DG9=DH9,"Y","N") -> Y | GU9: =IF(DI9=DJ9,"Y","N") -> Y | GV9: =IF(DK9=DL9,"Y","N") -> Y | GW9: =IF(DM9=DN9,"Y","N") -> Y | GX9: =IF(DO9=DP9,"Y","N") -> Y | GY9: =IF(DQ9=DR9,"Y","N") -> Y | GZ9: =IF(DY9=DZ9,"Y","N") -> Y | HA9: =IF(EA9=EB9,"Y","N") -> Y | HB9: =IF(EC9=ED9,"Y","N") -> Y | HC9: =IF(EE9=EF9,"Y","N") -> Y | HD9: =IF(EG9=EH9,"Y","N") -> Y | HE9: =IF(EI9=EJ9,"Y","N") -> Y | HF9: =IF(EK9=EL9,"Y","N") -> Y | HG9: =IF(EM9=EN9,"Y","N") -> Y | HH9: =IF(EO9=EP9,"Y","N") -> Y | HI9: =IF(EQ9=ER9,"Y","N") -> Y | HJ9: =IF(ES9=ET9,"Y","N") -> Y
A10: Funayama | B10: 2022 | C10: 68 | D10: 68 | E10: 119 | F10: 119 | G10: 36.7 | H10: 36.7 | I10: 32.3 | J10: 32.3 | K10: NS | L10: NS | M10: NS | N10: NS | O10: NS | P10: NS | Q10: NS | R10: NS | S10: NS | T10: NS | U10: 0 | V10: 0 | W10: 187 | X10: 187 | Y10: 0 | Z10: 0 | AA10: 0 | AB10: 0 | AC10: inpat_psych | AD10: Japan | AE10: Japan | AF10: asia | AG10: yes | AH10: yes | AI10: no | AJ10: no | AK10: yes | AL10: yes | AM10: 187 | AN10: 187 | AO10: 0 | AP10: 0 | AQ10: 0 | AR10: 0 | AS10: NS | AT10: NS | AU10: NS | AV10: NS | AW10: NS | AX10: NS | AY10: 187 | AZ10: 187 | BA10: 10 | BB10: 10 | BC10: single | BD10: single | BE10: =SUM(BI10,BK10,BQ10,BS10,BU10,BW10,BY10,CA10,CC10,CE10,CG10,CI10,CK10,CM10,CO10) -> 10 | BF10: =SUM(BJ10,BL10,BR10,BT10,BV10,BX10,BZ10,CB10,CD10,CF10,CH10,CJ10,CL10,CN10,CP10) -> 10 | BG10: =SUM(BM10,BO10) -> 0 | BH10: =SUM(BN10,BP10) -> 0 | BI10: 10 | BJ10: 10 | BK10: NA | BL10: NA | BM10: NA | BN10: NA | BO10: NA | BP10: NA | BQ10: NA | BR10: NA | BS10: NA | BT10: NA | BU10: NA | BV10: NA | BW10: NA | BX10: NA | BY10: NA | BZ10: NA | CA10: NA | CB10: NA | CC10: NA | CD10: NA | CE10: NA | CF10: NA | CG10: NA | CH10: NA | CI10: NA | CJ10: NA | CK10: NA | CL10: NA | CM10: NA | CN10: NA | CO10: NA | CP10: NA | CQ10: yes - NS | CR10: yes - NS | CS10: NS | CT10: NS | CU10: NS | CV10: NS | CW10: yes - NS | CX10: yes - NS | CY10: yes - NS | CZ10: yes - NS | DA10: all | DB10: all | DC10: NS | DD10: NS | DE10: all | DF10: all | DG10: NS | DH10: NS | DI10: all | DJ10: all | DK10: all | DL10: all | DM10: no | DN10: no | DO10: NS | DP10: NS | DQ10: NS | DR10: NS | DS10: symptoms | DT10: symptoms | DU10: NS | DV10: NS | DW10: ICD-10 | DX10: ICD-10 | DY10: 1 | DZ10: 1 | EA10: 1 | EB10: 1 | EC10: 1 | ED10: 1 | EE10: 1 | EF10: 1 | EG10: 1 | EH10: 1 | EI10: 1 | EJ10: 1 | EK10: 1 | EL10: 1 | EM10: 1 | EN10: 1 | EO10: 1 | EP10: 1 | EQ10: 1 | ER10: 1 | ES10: =SUM(DY10,EA10,EC10,EE10,EG10,EI10,EK10,EM10,EO10,EQ10) -> 10 | ET10: =SUM(DZ10,EB10,ED10,EF10,EH10,EJ10,EL10,EN10,EP10,ER10) -> 10 | EU10: Funayama | EV10: 2022 | EW10: =IF(C10=D10,"Y","N") -> Y | EX10: =IF(E10=F10,"Y","N") -> Y | EY10: =IF(G10=H10,"Y","N") -> Y | EZ10: =IF(I10=J10,"Y","N") -> Y | FA10: =IF(K10=L10,"Y","N") -> Y | FB10: =IF(M10=N10,"Y","N") -> Y | FC10: =IF(O10=P10,"Y","N") -> Y | FD10: =IF(Q10=R10,"Y","N") -> Y | FE10: =IF(S10=T10,"Y","N") -> Y | FF10: =IF(U10=V10,"Y","N") -> Y | FG10: =IF(W10=X10,"Y","N") -> Y | FH10: =IF(Y10=Z10,"Y","N") -> Y | FI10: =IF(AA10=AB10,"Y","N") -> Y | FJ10: =IF(AD10=AE10,"Y","N") -> Y | FK10: =IF(AG10=AH10,"Y","N") -> Y | FL10: =IF(AI10=AJ10,"Y","N") -> Y | FM10: =IF(AM10=AN10,"Y","N") -> Y | FN10: =IF(AO10=AP10,"Y","N") -> Y | FO10: =IF(AQ10=AR10,"Y","N") -> Y | FP10: =IF(AY10=AZ10,"Y","N") -> Y | FQ10: =IF(BA10=BB10,"Y","N") -> Y | FR10: =IF(BC10=BD10,"Y","N") -> Y | FS10: =IF(BE10=BF10,"Y","N") -> Y | FT10: =IF(BG10=BH10,"Y","N") -> Y | FU10: =IF(BI10=BJ10,"Y","N") -> Y | FV10: =IF(BK10=BL10,"Y","N") -> Y | FW10: =IF(BM10=BN10,"Y","N") -> Y | FX10: =IF(BO10=BP10,"Y","N") -> Y | FY10: =IF(BQ10=BR10,"Y","N") -> Y | FZ10: =IF(BS10=BT10,"Y","N") -> Y | GA10: =IF(BU10=BV10,"Y","N") -> Y | GB10: =IF(BW10=BX10,"Y","N") -> Y | GC10: =IF(BY10=BZ10,"Y","N") -> Y | GD10: =IF(CA10=CB10,"Y","N") -> Y | GE10: =IF(CC10=CD10,"Y","N") -> Y | GF10: =IF(CE10=CF10,"Y","N") -> Y | GG10: =IF(CG10=CH10, "Y", "N") -> Y | GH10: =IF(CI10=CJ10, "Y", "N") -> Y | GI10: =IF(CK10=CL10,"Y","N") -> Y | GJ10: =IF(CM10=CN10,"Y","N") -> Y | GK10: =IF(CO10=CP10,"Y","N") -> Y | GL10: =IF(CQ10=CR10,"Y","N") -> Y | GM10: =IF(CS10=CT10,"Y","N") -> Y | GN10: =IF(CU10=CV10,"Y","N") -> Y | GO10: =IF(CW10=CX10,"Y","N") -> Y | GP10: =IF(CY10=CZ10,"Y","N") -> Y | GQ10: =IF(DA10=DB10,"Y","N") -> Y | GR10: =IF(DC10=DD10,"Y","N") -> Y | GS10: =IF(DE10=DF10,"Y","N") -> Y | GT10: =IF(DG10=DH10,"Y","N") -> Y | GU10: =IF(DI10=DJ10,"Y","N") -> Y | GV10: =IF(DK10=DL10,"Y","N") -> Y | GW10: =IF(DM10=DN10,"Y","N") -> Y | GX10: =IF(DO10=DP10,"Y","N") -> Y | GY10: =IF(DQ10=DR10,"Y","N") -> Y | GZ10: =IF(DY10=DZ10,"Y","N") -> Y | HA10: =IF(EA10=EB10,"Y","N") -> Y | HB10: =IF(EC10=ED10,"Y","N") -> Y | HC10: =IF(EE10=EF10,"Y","N") -> Y | HD10: =IF(EG10=EH10,"Y","N") -> Y | HE10: =IF(EI10=EJ10,"Y","N") -> Y | HF10: =IF(EK10=EL10,"Y","N") -> Y | HG10: =IF(EM10=EN10,"Y","N") -> Y | HH10: =IF(EO10=EP10,"Y","N") -> Y | HI10: =IF(EQ10=ER10,"Y","N") -> Y | HJ10: =IF(ES10=ET10,"Y","N") -> Y
A11: Giannitelli | B11: 2018 | C11: NS | D11: NS | E11: NS | F11: NS | G11: NS | H11: NS | I11: NS | J11: NS | K11: NS | L11: NS | M11: NS | N11: NS | O11: NS | P11: NS | Q11: NS | R11: NS | S11: NS | T11: NS | U11: 160 | V11: 160 | W11: NS | X11: NS | Y11: NS | Z11: NS | AA11: NS | AB11: NS | AC11: gen_hospital | AD11: France | AE11: France | AF11: euro | AG11: yes | AH11: yes | AI11: no | AJ11: no | AK11: NS | AL11: NS | AM11: NS | AN11: NS | AO11: NS | AP11: NS | AQ11: NS | AR11: NS | AS11: NS | AT11: NS | AU11: NS | AV11: NS | AW11: NS | AX11: NS | AY11: 160 | AZ11: 160 | BA11: 20 | BB11: 20 | BC11: multiple | BD11: multiple | BE11: =SUM(BI11,BK11,BQ11,BS11,BU11,BW11,BY11,CA11,CC11,CE11,CG11,CI11,CK11,CM11,CO11) -> 20 | BF11: =SUM(BJ11,BL11,BR11,BT11,BV11,BX11,BZ11,CB11,CD11,CF11,CH11,CJ11,CL11,CN11,CP11) -> 20 | BG11: =SUM(BM11,BO11) -> 0 | BH11: =SUM(BN11,BP11) -> 0 | BI11: 3 | BJ11: 3 | BK11: 15 | BL11: 15 | BM11: 0 | BN11: 0 | BO11: 0 | BP11: 0 | BQ11: 0 | BR11: 0 | BS11: 2 | BT11: 2 | BU11: 0 | BV11: 0 | BW11: 0 | BX11: 0 | BY11: 0 | BZ11: 0 | CA11: 0 | CB11: 0 | CC11: 0 | CD11: 0 | CE11: 0 | CF11: 0 | CG11: 0 | CH11: 0 | CI11: 0 | CJ11: 0 | CK11: 0 | CL11: 0 | CM11: 0 | CN11: 0 | CO11: 0 | CP11: 0 | CQ11: NS | CR11: NS | CS11: NS | CT11: NS | CU11: NS | CV11: NS | CW11: yes - NS | CX11: yes - NS | CY11: NS | CZ11: NS | DA11: yes - NS | DB11: yes - NS | DC11: NS | DD11: NS | DE11: NS | DF11: NS | DG11: NS | DH11: NS | DI11: NS | DJ11: NS | DK11: NS | DL11: NS | DM11: NS | DN11: NS | DO11: NS | DP11: NS | DQ11: NS | DR11: NS | DS11: disorder | DT11: disorder | DU11: NS | DV11: NS | DW11: NS | DX11: NS | DY11: 1 | DZ11: 1 | EA11: 1 | EB11: 1 | EC11: 1 | ED11: 1 | EE11: 1 | EF11: 1 | EG11: 1 | EH11: 1 | EI11: 1 | EJ11: 1 | EK11: 1 | EL11: 1 | EM11: 1 | EN11: 1 | EO11: 1 | EP11: 1 | EQ11: 1 | ER11: 1 | ES11: =SUM(DY11,EA11,EC11,EE11,EG11,EI11,EK11,EM11,EO11,EQ11) -> 10 | ET11: =SUM(DZ11,EB11,ED11,EF11,EH11,EJ11,EL11,EN11,EP11,ER11) -> 10 | EU11: Giannitelli | EV11: 2018 | EW11: =IF(C11=D11,"Y","N") -> Y | EX11: =IF(E11=F11,"Y","N") -> Y | EY11: =IF(G11=H11,"Y","N") -> Y | EZ11: =IF(I11=J11,"Y","N") -> Y | FA11: =IF(K11=L11,"Y","N") -> Y | FB11: =IF(M11=N11,"Y","N") -> Y | FC11: =IF(O11=P11,"Y","N") -> Y | FD11: =IF(Q11=R11,"Y","N") -> Y | FE11: =IF(S11=T11,"Y","N") -> Y | FF11: =IF(U11=V11,"Y","N") -> Y | FG11: =IF(W11=X11,"Y","N") -> Y | FH11: =IF(Y11=Z11,"Y","N") -> Y | FI11: =IF(AA11=AB11,"Y","N") -> Y | FJ11: =IF(AD11=AE11,"Y","N") -> Y | FK11: =IF(AG11=AH11,"Y","N") -> Y | FL11: =IF(AI11=AJ11,"Y","N") -> Y | FM11: =IF(AM11=AN11,"Y","N") -> Y | FN11: =IF(AO11=AP11,"Y","N") -> Y | FO11: =IF(AQ11=AR11,"Y","N") -> Y | FP11: =IF(AY11=AZ11,"Y","N") -> Y | FQ11: =IF(BA11=BB11,"Y","N") -> Y | FR11: =IF(BC11=BD11,"Y","N") -> Y | FS11: =IF(BE11=BF11,"Y","N") -> Y | FT11: =IF(BG11=BH11,"Y","N") -> Y | FU11: =IF(BI11=BJ11,"Y","N") -> Y | FV11: =IF(BK11=BL11,"Y","N") -> Y | FW11: =IF(BM11=BN11,"Y","N") -> Y | FX11: =IF(BO11=BP11,"Y","N") -> Y | FY11: =IF(BQ11=BR11,"Y","N") -> Y | FZ11: =IF(BS11=BT11,"Y","N") -> Y | GA11: =IF(BU11=BV11,"Y","N") -> Y | GB11: =IF(BW11=BX11,"Y","N") -> Y | GC11: =IF(BY11=BZ11,"Y","N") -> Y | GD11: =IF(CA11=CB11,"Y","N") -> Y | GE11: =IF(CC11=CD11,"Y","N") -> Y | GF11: =IF(CE11=CF11,"Y","N") -> Y | GG11: =IF(CG11=CH11, "Y", "N") -> Y | GH11: =IF(CI11=CJ11, "Y", "N") -> Y | GI11: =IF(CK11=CL11,"Y","N") -> Y | GJ11: =IF(CM11=CN11,"Y","N") -> Y | GK11: =IF(CO11=CP11,"Y","N") -> Y | GL11: =IF(CQ11=CR11,"Y","N") -> Y | GM11: =IF(CS11=CT11,"Y","N") -> Y | GN11: =IF(CU11=CV11,"Y","N") -> Y | GO11: =IF(CW11=CX11,"Y","N") -> Y | GP11: =IF(CY11=CZ11,"Y","N") -> Y | GQ11: =IF(DA11=DB11,"Y","N") -> Y | GR11: =IF(DC11=DD11,"Y","N") -> Y | GS11: =IF(DE11=DF11,"Y","N") -> Y | GT11: =IF(DG11=DH11,"Y","N") -> Y | GU11: =IF(DI11=DJ11,"Y","N") -> Y | GV11: =IF(DK11=DL11,"Y","N") -> Y | GW11: =IF(DM11=DN11,"Y","N") -> Y | GX11: =IF(DO11=DP11,"Y","N") -> Y | GY11: =IF(DQ11=DR11,"Y","N") -> Y | GZ11: =IF(DY11=DZ11,"Y","N") -> Y | HA11: =IF(EA11=EB11,"Y","N") -> Y | HB11: =IF(EC11=ED11,"Y","N") -> Y | HC11: =IF(EE11=EF11,"Y","N") -> Y | HD11: =IF(EG11=EH11,"Y","N") -> Y | HE11: =IF(EI11=EJ11,"Y","N") -> Y | HF11: =IF(EK11=EL11,"Y","N") -> Y | HG11: =IF(EM11=EN11,"Y","N") -> Y | HH11: =IF(EO11=EP11,"Y","N") -> Y | HI11: =IF(EQ11=ER11,"Y","N") -> Y | HJ11: =IF(ES11=ET11,"Y","N") -> Y
A12: Guasp | B12: 2021 | C12: 61 | D12: 61 | E12: 44 | F12: 44 | G12: NS | H12: NS | I12: NS | J12: NS | K12: NS | L12: NS | M12: NS | N12: NS | O12: NS | P12: NS | Q12: NS | R12: NS | S12: NS | T12: NS | U12: 0 | V12: 0 | W12: 105 | X12: 105 | Y12: 0 | Z12: 0 | AA12: 0 | AB12: 0 | AC12: inpat_psych | AD12: Spain | AE12: Spain | AF12: euro | AG12: no | AH12: no | AI12: yes | AJ12: yes | AK12: yes | AL12: yes | AM12: 105 | AN12: 105 | AO12: 0 | AP12: 0 | AQ12: 0 | AR12: 0 | AS12: 79 | AT12: 79 | AU12: NS | AV12: NS | AW12: NS | AX12: NS | AY12: 105 | AZ12: 105 | BA12: 4 | BB12: 4 | BC12: multiple | BD12: multiple | BE12: =SUM(BI12,BK12,BQ12,BS12,BU12,BW12,BY12,CA12,CC12,CE12,CG12,CI12,CK12,CM12,CO12) -> 4 | BF12: =SUM(BJ12,BL12,BR12,BT12,BV12,BX12,BZ12,CB12,CD12,CF12,CH12,CJ12,CL12,CN12,CP12) -> 4 | BG12: =SUM(BM12,BO12) -> 0 | BH12: =SUM(BN12,BP12) -> 0 | BI12: 0 | BJ12: 0 | BK12: 0 | BL12: 0 | BM12: 0 | BN12: 0 | BO12: 0 | BP12: 0 | BQ12: 0 | BR12: 0 | BS12: 0 | BT12: 0 | BU12: 1 | BV12: 1 | BW12: 0 | BX12: 0 | BY12: 1 | BZ12: 1 | CA12: 1 | CB12: 1 | CC12: 0 | CD12: 0 | CE12: 0 | CF12: 0 | CG12: 0 | CH12: 0 | CI12: 0 | CJ12: 0 | CK12: 1 | CL12: 1 | CM12: 0 | CN12: 0 | CO12: 0 | CP12: 0 | CQ12: all | CR12: all | CS12: NS | CT12: NS | CU12: NS | CV12: NS | CW12: some | CX12: some | CY12: all | CZ12: all | DA12: all | DB12: all | DC12: all | DD12: all | DE12: all | DF12: all | DG12: NS | DH12: NS | DI12: all | DJ12: all | DK12: NS | DL12: NS | DM12: NS | DN12: NS | DO12: NS | DP12: NS | DQ12: NS | DR12: NS | DS12: disorder | DT12: disorder | DU12: SCID | DV12: SCID and PANSS | DW12: DSM-IV | DX12: DSM-IV | DY12: 1 | DZ12: 1 | EA12: 1 | EB12: 1 | EC12: 1 | ED12: 1 | EE12: 1 | EF12: 1 | EG12: 1 | EH12: 1 | EI12: 1 | EJ12: 1 | EK12: 1 | EL12: 1 | EM12: 1 | EN12: 1 | EO12: 1 | EP12: 1 | EQ12: 1 | ER12: 1 | ES12: =SUM(DY12,EA12,EC12,EE12,EG12,EI12,EK12,EM12,EO12,EQ12) -> 10 | ET12: =SUM(DZ12,EB12,ED12,EF12,EH12,EJ12,EL12,EN12,EP12,ER12) -> 10 | EU12: Guasp | EV12: 2021 | EW12: =IF(C12=D12,"Y","N") -> Y | EX12: =IF(E12=F12,"Y","N") -> Y | EY12: =IF(G12=H12,"Y","N") -> Y | EZ12: =IF(I12=J12,"Y","N") -> Y | FA12: =IF(K12=L12,"Y","N") -> Y | FB12: =IF(M12=N12,"Y","N") -> Y | FC12: =IF(O12=P12,"Y","N") -> Y | FD12: =IF(Q12=R12,"Y","N") -> Y | FE12: =IF(S12=T12,"Y","N") -> Y | FF12: =IF(U12=V12,"Y","N") -> Y | FG12: =IF(W12=X12,"Y","N") -> Y | FH12: =IF(Y12=Z12,"Y","N") -> Y | FI12: =IF(AA12=AB12,"Y","N") -> Y | FJ12: =IF(AD12=AE12,"Y","N") -> Y | FK12: =IF(AG12=AH12,"Y","N") -> Y | FL12: =IF(AI12=AJ12,"Y","N") -> Y | FM12: =IF(AM12=AN12,"Y","N") -> Y | FN12: =IF(AO12=AP12,"Y","N") -> Y | FO12: =IF(AQ12=AR12,"Y","N") -> Y | FP12: =IF(AY12=AZ12,"Y","N") -> Y | FQ12: =IF(BA12=BB12,"Y","N") -> Y | FR12: =IF(BC12=BD12,"Y","N") -> Y | FS12: =IF(BE12=BF12,"Y","N") -> Y | FT12: =IF(BG12=BH12,"Y","N") -> Y | FU12: =IF(BI12=BJ12,"Y","N") -> Y | FV12: =IF(BK12=BL12,"Y","N") -> Y | FW12: =IF(BM12=BN12,"Y","N") -> Y | FX12: =IF(BO12=BP12,"Y","N") -> Y | FY12: =IF(BQ12=BR12,"Y","N") -> Y | FZ12: =IF(BS12=BT12,"Y","N") -> Y | GA12: =IF(BU12=BV12,"Y","N") -> Y | GB12: =IF(BW12=BX12,"Y","N") -> Y | GC12: =IF(BY12=BZ12,"Y","N") -> Y | GD12: =IF(CA12=CB12,"Y","N") -> Y | GE12: =IF(CC12=CD12,"Y","N") -> Y | GF12: =IF(CE12=CF12,"Y","N") -> Y | GG12: =IF(CG12=CH12, "Y", "N") -> Y | GH12: =IF(CI12=CJ12, "Y", "N") -> Y | GI12: =IF(CK12=CL12,"Y","N") -> Y | GJ12: =IF(CM12=CN12,"Y","N") -> Y | GK12: =IF(CO12=CP12,"Y","N") -> Y | GL12: =IF(CQ12=CR12,"Y","N") -> Y | GM12: =IF(CS12=CT12,"Y","N") -> Y | GN12: =IF(CU12=CV12,"Y","N") -> Y | GO12: =IF(CW12=CX12,"Y","N") -> Y | GP12: =IF(CY12=CZ12,"Y","N") -> Y | GQ12: =IF(DA12=DB12,"Y","N") -> Y | GR12: =IF(DC12=DD12,"Y","N") -> Y | GS12: =IF(DE12=DF12,"Y","N") -> Y | GT12: =IF(DG12=DH12,"Y","N") -> Y | GU12: =IF(DI12=DJ12,"Y","N") -> Y | GV12: =IF(DK12=DL12,"Y","N") -> Y | GW12: =IF(DM12=DN12,"Y","N") -> Y | GX12: =IF(DO12=DP12,"Y","N") -> Y | GY12: =IF(DQ12=DR12,"Y","N") -> Y | GZ12: =IF(DY12=DZ12,"Y","N") -> Y | HA12: =IF(EA12=EB12,"Y","N") -> Y | HB12: =IF(EC12=ED12,"Y","N") -> Y | HC12: =IF(EE12=EF12,"Y","N") -> Y | HD12: =IF(EG12=EH12,"Y","N") -> Y | HE12: =IF(EI12=EJ12,"Y","N") -> Y | HF12: =IF(EK12=EL12,"Y","N") -> Y | HG12: =IF(EM12=EN12,"Y","N") -> Y | HH12: =IF(EO12=EP12,"Y","N") -> Y | HI12: =IF(EQ12=ER12,"Y","N") -> Y | HJ12: =IF(ES12=ET12,"Y","N") -> Y
A13: Harris | B13: 2019 | C13: 480 | D13: 480 | E13: 325 | F13: 325 | G13: NS | H13: NS | I13: NS | J13: NS | K13: 32 | L13: 32 | M13: NS | N13: NS | O13: NS | P13: NS | Q13: NS | R13: NS | S13: NS | T13: NS | U13: NS | V13: NS | W13: NS | X13: NS | Y13: 0 | Z13: 0 | AA13: 0 | AB13: 0 | AC13: NS | AD13: Australia | AE13: Australia | AF13: aus | AG13: yes | AH13: yes | AI13: no | AJ13: no | AK13: no | AL13: no | AM13: NS | AN13: NS | AO13: NS | AP13: NS | AQ13: NS | AR13: NS | AS13: NS | AT13: NS | AU13: NS | AV13: NS | AW13: NS | AX13: NS | AY13: 805 | AZ13: 805 | BA13: 3 | BB13: 3 | BC13: multiple | BD13: multiple | BE13: =SUM(BI13,BK13,BQ13,BS13,BU13,BW13,BY13,CA13,CC13,CE13,CG13,CI13,CK13,CM13,CO13) -> 3 | BF13: =SUM(BJ13,BL13,BR13,BT13,BV13,BX13,BZ13,CB13,CD13,CF13,CH13,CJ13,CL13,CN13,CP13) -> 3 | BG13: =SUM(BM13,BO13) -> 0 | BH13: =SUM(BN13,BP13) -> 0 | BI13: NA | BJ13: NA | BK13: NA | BL13: NA | BM13: NA | BN13: NA | BO13: NA | BP13: NA | BQ13: NA | BR13: NA | BS13: NA | BT13: NA | BU13: NA | BV13: NA | BW13: NA | BX13: NA | BY13: NA | BZ13: NA | CA13: NA | CB13: NA | CC13: NA | CD13: NA | CE13: NA | CF13: NA | CG13: NA | CH13: NA | CI13: NA | CJ13: NA | CK13: NA | CL13: NA | CM13: NA | CN13: NA | CO13: 3 | CP13: 3 | CQ13: some | CR13: some | CS13: all | CT13: all | CU13: some | CV13: some | CW13: some | CX13: some | CY13: some | CZ13: some | DA13: some | DB13: some | DC13: NS | DD13: NS | DE13: NS | DF13: NS | DG13: NS | DH13: NS | DI13: some | DJ13: some | DK13: NS | DL13: NS | DM13: NS | DN13: NS | DO13: NS | DP13: NS | DQ13: NS | DR13: NS | DS13: NS | DT13: NS | DU13: NS | DV13: NS | DW13: NS | DX13: NS | DY13: 1 | DZ13: 1 | EA13: 1 | EB13: 1 | EC13: 1 | ED13: 1 | EE13: 1 | EF13: 1 | EG13: 1 | EH13: 1 | EI13: 1 | EJ13: 1 | EK13: 1 | EL13: 1 | EM13: 1 | EN13: 1 | EO13: 1 | EP13: 1 | EQ13: 1 | ER13: 1 | ES13: =SUM(DY13,EA13,EC13,EE13,EG13,EI13,EK13,EM13,EO13,EQ13) -> 10 | ET13: =SUM(DZ13,EB13,ED13,EF13,EH13,EJ13,EL13,EN13,EP13,ER13) -> 10 | EU13: Harris | EV13: 2019 | EW13: =IF(C13=D13,"Y","N") -> Y | EX13: =IF(E13=F13,"Y","N") -> Y | EY13: =IF(G13=H13,"Y","N") -> Y | EZ13: =IF(I13=J13,"Y","N") -> Y | FA13: =IF(K13=L13,"Y","N") -> Y | FB13: =IF(M13=N13,"Y","N") -> Y | FC13: =IF(O13=P13,"Y","N") -> Y | FD13: =IF(Q13=R13,"Y","N") -> Y | FE13: =IF(S13=T13,"Y","N") -> Y | FF13: =IF(U13=V13,"Y","N") -> Y | FG13: =IF(W13=X13,"Y","N") -> Y | FH13: =IF(Y13=Z13,"Y","N") -> Y | FI13: =IF(AA13=AB13,"Y","N") -> Y | FJ13: =IF(AD13=AE13,"Y","N") -> Y | FK13: =IF(AG13=AH13,"Y","N") -> Y | FL13: =IF(AI13=AJ13,"Y","N") -> Y | FM13: =IF(AM13=AN13,"Y","N") -> Y | FN13: =IF(AO13=AP13,"Y","N") -> Y | FO13: =IF(AQ13=AR13,"Y","N") -> Y | FP13: =IF(AY13=AZ13,"Y","N") -> Y | FQ13: =IF(BA13=BB13,"Y","N") -> Y | FR13: =IF(BC13=BD13,"Y","N") -> Y | FS13: =IF(BE13=BF13,"Y","N") -> Y | FT13: =IF(BG13=BH13,"Y","N") -> Y | FU13: =IF(BI13=BJ13,"Y","N") -> Y | FV13: =IF(BK13=BL13,"Y","N") -> Y | FW13: =IF(BM13=BN13,"Y","N") -> Y | FX13: =IF(BO13=BP13,"Y","N") -> Y | FY13: =IF(BQ13=BR13,"Y","N") -> Y | FZ13: =IF(BS13=BT13,"Y","N") -> Y | GA13: =IF(BU13=BV13,"Y","N") -> Y | GB13: =IF(BW13=BX13,"Y","N") -> Y | GC13: =IF(BY13=BZ13,"Y","N") -> Y | GD13: =IF(CA13=CB13,"Y","N") -> Y | GE13: =IF(CC13=CD13,"Y","N") -> Y | GF13: =IF(CE13=CF13,"Y","N") -> Y | GG13: =IF(CG13=CH13, "Y", "N") -> Y | GH13: =IF(CI13=CJ13, "Y", "N") -> Y | GI13: =IF(CK13=CL13,"Y","N") -> Y | GJ13: =IF(CM13=CN13,"Y","N") -> Y | GK13: =IF(CO13=CP13,"Y","N") -> Y | GL13: =IF(CQ13=CR13,"Y","N") -> Y | GM13: =IF(CS13=CT13,"Y","N") -> Y | GN13: =IF(CU13=CV13,"Y","N") -> Y | GO13: =IF(CW13=CX13,"Y","N") -> Y | GP13: =IF(CY13=CZ13,"Y","N") -> Y | GQ13: =IF(DA13=DB13,"Y","N") -> Y | GR13: =IF(DC13=DD13,"Y","N") -> Y | GS13: =IF(DE13=DF13,"Y","N") -> Y | GT13: =IF(DG13=DH13,"Y","N") -> Y | GU13: =IF(DI13=DJ13,"Y","N") -> Y | GV13: =IF(DK13=DL13,"Y","N") -> Y | GW13: =IF(DM13=DN13,"Y","N") -> Y | GX13: =IF(DO13=DP13,"Y","N") -> Y | GY13: =IF(DQ13=DR13,"Y","N") -> Y | GZ13: =IF(DY13=DZ13,"Y","N") -> Y | HA13: =IF(EA13=EB13,"Y","N") -> Y | HB13: =IF(EC13=ED13,"Y","N") -> Y | HC13: =IF(EE13=EF13,"Y","N") -> Y | HD13: =IF(EG13=EH13,"Y","N") -> Y | HE13: =IF(EI13=EJ13,"Y","N") -> Y | HF13: =IF(EK13=EL13,"Y","N") -> Y | HG13: =IF(EM13=EN13,"Y","N") -> Y | HH13: =IF(EO13=EP13,"Y","N") -> Y | HI13: =IF(EQ13=ER13,"Y","N") -> Y | HJ13: =IF(ES13=ET13,"Y","N") -> Y
A14: Johnstone | B14: 1987 | C14: NS | D14: NS | E14: NS | F14: NS | G14: NS | H14: NS | I14: NS | J14: NS | K14: NS | L14: NS | M14: NS | N14: NS | O14: NS | P14: NS | Q14: NS | R14: NS | S14: NS | T14: NS | U14: 0 | V14: 0 | W14: 268 | X14: 268 | Y14: 0 | Z14: 0 | AA14: 0 | AB14: 0 | AC14: inpat_psych | AD14: UK | AE14: UK | AF14: euro | AG14: no | AH14: no | AI14: yes | AJ14: yes | AK14: yes | AL14: yes | AM14: 268 | AN14: 268 | AO14: 0 | AP14: 0 | AQ14: 0 | AR14: 0 | AS14: NS | AT14: NS | AU14: NS | AV14: NS | AW14: NS | AX14: NS | AY14: 268 | AZ14: 268 | BA14: 15 | BB14: 15 | BC14: multiple | BD14: multiple | BE14: =SUM(BI14,BK14,BQ14,BS14,BU14,BW14,BY14,CA14,CC14,CE14,CG14,CI14,CK14,CM14,CO14) -> 10 | BF14: =SUM(BJ14,BL14,BR14,BT14,BV14,BX14,BZ14,CB14,CD14,CF14,CH14,CJ14,CL14,CN14,CP14) -> 10 | BG14: =SUM(BM14,BO14) -> 5 | BH14: =SUM(BN14,BP14) -> 5 | BI14: 0 | BJ14: 0 | BK14: 0 | BL14: 0 | BM14: 5 | BN14: 5 | BO14: 0 | BP14: 0 | BQ14: 0 | BR14: 0 | BS14: 0 | BT14: 0 | BU14: 0 | BV14: 0 | BW14: 0 | BX14: 0 | BY14: 4 | BZ14: 4 | CA14: 0 | CB14: 0 | CC14: 0 | CD14: 0 | CE14: 0 | CF14: 0 | CG14: 0 | CH14: 0 | CI14: 0 | CJ14: 0 | CK14: 1 | CL14: 1 | CM14: 5 | CN14: 5 | CO14: 0 | CP14: 0 | CQ14: NS | CR14: NS | CS14: some | CT14: some | CU14: 0 | CV14: 0 | CW14: some | CX14: some | CY14: some | CZ14: some | DA14: some | DB14: some | DC14: 0 | DD14: 0 | DE14: all | DF14: all | DG14: NS | DH14: NS | DI14: some | DJ14: some | DK14: some | DL14: some | DM14: NS | DN14: NS | DO14: X-ray (Unspecified freq) | DP14: X-ray (Unspecified freq) | DQ14: NS | DR14: NS | DS14: disorder | DT14: disorder | DU14: NS | DV14: NS | DW14: NS | DX14: NS | DY14: 1 | DZ14: 1 | EA14: 1 | EB14: 1 | EC14: 1 | ED14: 1 | EE14: 1 | EF14: 1 | EG14: 1 | EH14: 1 | EI14: 1 | EJ14: 1 | EK14: 1 | EL14: 1 | EM14: 0 | EN14: 0 | EO14: 1 | EP14: 1 | EQ14: 1 | ER14: 1 | ES14: =SUM(DY14,EA14,EC14,EE14,EG14,EI14,EK14,EM14,EO14,EQ14) -> 9 | ET14: =SUM(DZ14,EB14,ED14,EF14,EH14,EJ14,EL14,EN14,EP14,ER14) -> 9 | EU14: Johnstone | EV14: 1987 | EW14: =IF(C14=D14,"Y","N") -> Y | EX14: =IF(E14=F14,"Y","N") -> Y | EY14: =IF(G14=H14,"Y","N") -> Y | EZ14: =IF(I14=J14,"Y","N") -> Y | FA14: =IF(K14=L14,"Y","N") -> Y | FB14: =IF(M14=N14,"Y","N") -> Y | FC14: =IF(O14=P14,"Y","N") -> Y | FD14: =IF(Q14=R14,"Y","N") -> Y | FE14: =IF(S14=T14,"Y","N") -> Y | FF14: =IF(U14=V14,"Y","N") -> Y | FG14: =IF(W14=X14,"Y","N") -> Y | FH14: =IF(Y14=Z14,"Y","N") -> Y | FI14: =IF(AA14=AB14,"Y","N") -> Y | FJ14: =IF(AD14=AE14,"Y","N") -> Y | FK14: =IF(AG14=AH14,"Y","N") -> Y | FL14: =IF(AI14=AJ14,"Y","N") -> Y | FM14: =IF(AM14=AN14,"Y","N") -> Y | FN14: =IF(AO14=AP14,"Y","N") -> Y | FO14: =IF(AQ14=AR14,"Y","N") -> Y | FP14: =IF(AY14=AZ14,"Y","N") -> Y | FQ14: =IF(BA14=BB14,"Y","N") -> Y | FR14: =IF(BC14=BD14,"Y","N") -> Y | FS14: =IF(BE14=BF14,"Y","N") -> Y | FT14: =IF(BG14=BH14,"Y","N") -> Y | FU14: =IF(BI14=BJ14,"Y","N") -> Y | FV14: =IF(BK14=BL14,"Y","N") -> Y | FW14: =IF(BM14=BN14,"Y","N") -> Y | FX14: =IF(BO14=BP14,"Y","N") -> Y | FY14: =IF(BQ14=BR14,"Y","N") -> Y | FZ14: =IF(BS14=BT14,"Y","N") -> Y | GA14: =IF(BU14=BV14,"Y","N") -> Y | GB14: =IF(BW14=BX14,"Y","N") -> Y | GC14: =IF(BY14=BZ14,"Y","N") -> Y | GD14: =IF(CA14=CB14,"Y","N") -> Y | GE14: =IF(CC14=CD14,"Y","N") -> Y | GF14: =IF(CE14=CF14,"Y","N") -> Y | GG14: =IF(CG14=CH14, "Y", "N") -> Y | GH14: =IF(CI14=CJ14, "Y", "N") -> Y | GI14: =IF(CK14=CL14,"Y","N") -> Y | GJ14: =IF(CM14=CN14,"Y","N") -> Y | GK14: =IF(CO14=CP14,"Y","N") -> Y | GL14: =IF(CQ14=CR14,"Y","N") -> Y | GM14: =IF(CS14=CT14,"Y","N") -> Y | GN14: =IF(CU14=CV14,"Y","N") -> Y | GO14: =IF(CW14=CX14,"Y","N") -> Y | GP14: =IF(CY14=CZ14,"Y","N") -> Y | GQ14: =IF(DA14=DB14,"Y","N") -> Y | GR14: =IF(DC14=DD14,"Y","N") -> Y | GS14: =IF(DE14=DF14,"Y","N") -> Y | GT14: =IF(DG14=DH14,"Y","N") -> Y | GU14: =IF(DI14=DJ14,"Y","N") -> Y | GV14: =IF(DK14=DL14,"Y","N") -> Y | GW14: =IF(DM14=DN14,"Y","N") -> Y | GX14: =IF(DO14=DP14,"Y","N") -> Y | GY14: =IF(DQ14=DR14,"Y","N") -> Y | GZ14: =IF(DY14=DZ14,"Y","N") -> Y | HA14: =IF(EA14=EB14,"Y","N") -> Y | HB14: =IF(EC14=ED14,"Y","N") -> Y | HC14: =IF(EE14=EF14,"Y","N") -> Y | HD14: =IF(EG14=EH14,"Y","N") -> Y | HE14: =IF(EI14=EJ14,"Y","N") -> Y | HF14: =IF(EK14=EL14,"Y","N") -> Y | HG14: =IF(EM14=EN14,"Y","N") -> Y | HH14: =IF(EO14=EP14,"Y","N") -> Y | HI14: =IF(EQ14=ER14,"Y","N") -> Y | HJ14: =IF(ES14=ET14,"Y","N") -> Y
A15: Kanbayashi | B15: 2012 | C15: NS | D15: NS | E15: NS | F15: NS | G15: NS | H15: NS | I15: 30.6 | J15: 30.6 | K15: NS | L15: NS | M15: NS | N15: NS | O15: NS | P15: NS | Q15: NS | R15: NS | S15: NS | T15: NS | U15: 0 | V15: 0 | W15: 51 | X15: 51 | Y15: 0 | Z15: 0 | AA15: 0 | AB15: 0 | AC15: inpat_psych | AD15: Japan | AE15: Japan | AF15: asia | AG15: no | AH15: no | AI15: yes | AJ15: yes | AK15: no | AL15: no | AM15: NS | AN15: NS | AO15: NS | AP15: NS | AQ15: NS | AR15: NS | AS15: NS | AT15: NS | AU15: NS | AV15: NS | AW15: NS | AX15: NS | AY15: 51 | AZ15: 51 | BA15: 4 | BB15: 4 | BC15: single | BD15: single | BE15: =SUM(BI15,BK15,BQ15,BS15,BU15,BW15,BY15,CA15,CC15,CE15,CG15,CI15,CK15,CM15,CO15) -> 4 | BF15: =SUM(BJ15,BL15,BR15,BT15,BV15,BX15,BZ15,CB15,CD15,CF15,CH15,CJ15,CL15,CN15,CP15) -> 4 | BG15: =SUM(BM15,BO15) -> 0 | BH15: =SUM(BN15,BP15) -> 0 | BI15: 4 | BJ15: 4 | BK15: NA | BL15: NA | BM15: NA | BN15: NA | BO15: NA | BP15: NA | BQ15: NA | BR15: NA | BS15: NA | BT15: NA | BU15: NA | BV15: NA | BW15: NA | BX15: NA | BY15: NA | BZ15: NA | CA15: NA | CB15: NA | CC15: NA | CD15: NA | CE15: NA | CF15: NA | CG15: NA | CH15: NA | CI15: NA | CJ15: NA | CK15: NA | CL15: NA | CM15: NA | CN15: NA | CO15: NA | CP15: NA | CQ15: yes - NS | CR15: yes - NS | CS15: NS | CT15: NS | CU15: NS | CV15: NS | CW15: yes - NS | CX15: yes - NS | CY15: some | CZ15: some | DA15: yes - NS | DB15: yes - NS | DC15: NS | DD15: NS | DE15: NS | DF15: NS | DG15: NS | DH15: NS | DI15: NS | DJ15: NS | DK15: NS | DL15: NS | DM15: NS | DN15: NS | DO15: NS | DP15: NS | DQ15: NS | DR15: NS | DS15: disorder | DT15: disorder | DU15: NS | DV15: NS | DW15: DSM-IV | DX15: DSM-IV | DY15: 1 | DZ15: 1 | EA15: 1 | EB15: 1 | EC15: 1 | ED15: 1 | EE15: 1 | EF15: 1 | EG15: 1 | EH15: 1 | EI15: 1 | EJ15: 1 | EK15: 1 | EL15: 1 | EM15: 1 | EN15: 1 | EO15: 1 | EP15: 1 | EQ15: 1 | ER15: 1 | ES15: =SUM(DY15,EA15,EC15,EE15,EG15,EI15,EK15,EM15,EO15,EQ15) -> 10 | ET15: =SUM(DZ15,EB15,ED15,EF15,EH15,EJ15,EL15,EN15,EP15,ER15) -> 10 | EU15: Kanbayashi | EV15: 2012 | EW15: =IF(C15=D15,"Y","N") -> Y | EX15: =IF(E15=F15,"Y","N") -> Y | EY15: =IF(G15=H15,"Y","N") -> Y | EZ15: =IF(I15=J15,"Y","N") -> Y | FA15: =IF(K15=L15,"Y","N") -> Y | FB15: =IF(M15=N15,"Y","N") -> Y | FC15: =IF(O15=P15,"Y","N") -> Y | FD15: =IF(Q15=R15,"Y","N") -> Y | FE15: =IF(S15=T15,"Y","N") -> Y | FF15: =IF(U15=V15,"Y","N") -> Y | FG15: =IF(W15=X15,"Y","N") -> Y | FH15: =IF(Y15=Z15,"Y","N") -> Y | FI15: =IF(AA15=AB15,"Y","N") -> Y | FJ15: =IF(AD15=AE15,"Y","N") -> Y | FK15: =IF(AG15=AH15,"Y","N") -> Y | FL15: =IF(AI15=AJ15,"Y","N") -> Y | FM15: =IF(AM15=AN15,"Y","N") -> Y | FN15: =IF(AO15=AP15,"Y","N") -> Y | FO15: =IF(AQ15=AR15,"Y","N") -> Y | FP15: =IF(AY15=AZ15,"Y","N") -> Y | FQ15: =IF(BA15=BB15,"Y","N") -> Y | FR15: =IF(BC15=BD15,"Y","N") -> Y | FS15: =IF(BE15=BF15,"Y","N") -> Y | FT15: =IF(BG15=BH15,"Y","N") -> Y | FU15: =IF(BI15=BJ15,"Y","N") -> Y | FV15: =IF(BK15=BL15,"Y","N") -> Y | FW15: =IF(BM15=BN15,"Y","N") -> Y | FX15: =IF(BO15=BP15,"Y","N") -> Y | FY15: =IF(BQ15=BR15,"Y","N") -> Y | FZ15: =IF(BS15=BT15,"Y","N") -> Y | GA15: =IF(BU15=BV15,"Y","N") -> Y | GB15: =IF(BW15=BX15,"Y","N") -> Y | GC15: =IF(BY15=BZ15,"Y","N") -> Y | GD15: =IF(CA15=CB15,"Y","N") -> Y | GE15: =IF(CC15=CD15,"Y","N") -> Y | GF15: =IF(CE15=CF15,"Y","N") -> Y | GG15: =IF(CG15=CH15, "Y", "N") -> Y | GH15: =IF(CI15=CJ15, "Y", "N") -> Y | GI15: =IF(CK15=CL15,"Y","N") -> Y | GJ15: =IF(CM15=CN15,"Y","N") -> Y | GK15: =IF(CO15=CP15,"Y","N") -> Y | GL15: =IF(CQ15=CR15,"Y","N") -> Y | GM15: =IF(CS15=CT15,"Y","N") -> Y | GN15: =IF(CU15=CV15,"Y","N") -> Y | GO15: =IF(CW15=CX15,"Y","N") -> Y | GP15: =IF(CY15=CZ15,"Y","N") -> Y | GQ15: =IF(DA15=DB15,"Y","N") -> Y | GR15: =IF(DC15=DD15,"Y","N") -> Y | GS15: =IF(DE15=DF15,"Y","N") -> Y | GT15: =IF(DG15=DH15,"Y","N") -> Y | GU15: =IF(DI15=DJ15,"Y","N") -> Y | GV15: =IF(DK15=DL15,"Y","N") -> Y | GW15: =IF(DM15=DN15,"Y","N") -> Y | GX15: =IF(DO15=DP15,"Y","N") -> Y | GY15: =IF(DQ15=DR15,"Y","N") -> Y | GZ15: =IF(DY15=DZ15,"Y","N") -> Y | HA15: =IF(EA15=EB15,"Y","N") -> Y | HB15: =IF(EC15=ED15,"Y","N") -> Y | HC15: =IF(EE15=EF15,"Y","N") -> Y | HD15: =IF(EG15=EH15,"Y","N") -> Y | HE15: =IF(EI15=EJ15,"Y","N") -> Y | HF15: =IF(EK15=EL15,"Y","N") -> Y | HG15: =IF(EM15=EN15,"Y","N") -> Y | HH15: =IF(EO15=EP15,"Y","N") -> Y | HI15: =IF(EQ15=ER15,"Y","N") -> Y | HJ15: =IF(ES15=ET15,"Y","N") -> Y
A16: Kelleher | B16: 2020 | C16: 134 | D16: 134 | E16: 78 | F16: 78 | G16: NS | H16: NS | I16: NS | J16: NS | K16: 33 FEP, 45 TRS Cohort | L16: 33 FEP, 45 TRS Cohort | M16: 5 | N16: 5 | O16: 203 | P16: 203 | Q16: 4 | R16: 4 | S16: 0 | T16: 0 | U16: 4 | V16: 4 | W16: 61 | X16: 61 | Y16: 147 | Z16: 147 | AA16: 0 | AB16: 0 | AC16: mixture | AD16: UK | AE16: UK | AF16: euro | AG16: no | AH16: no | AI16: yes | AJ16: yes | AK16: no | AL16: no | AM16: 112 | AN16: 112 | AO16: 100 | AP16: 100 | AQ16: 0 | AR16: 0 | AS16: NS | AT16: NS | AU16: NS | AV16: NS | AW16: 2 | AX16: NS | AY16: 212 | AZ16: 212 | BA16: 1 | BB16: 1 | BC16: single | BD16: single | BE16: =SUM(BI16,BK16,BQ16,BS16,BU16,BW16,BY16,CA16,CC16,CE16,CG16,CI16,CK16,CM16,CO16) -> 1 | BF16: =SUM(BJ16,BL16,BR16,BT16,BV16,BX16,BZ16,CB16,CD16,CF16,CH16,CJ16,CL16,CN16,CP16) -> 1 | BG16: =SUM(BM16,BO16) -> 0 | BH16: =SUM(BN16,BP16) -> 0 | BI16: 1 | BJ16: 1 | BK16: NA | BL16: NA | BM16: NA | BN16: NA | BO16: NA | BP16: NA | BQ16: NA | BR16: NA | BS16: NA | BT16: NA | BU16: NA | BV16: NA | BW16: NA | BX16: NA | BY16: NA | BZ16: NA | CA16: NA | CB16: NA | CC16: NA | CD16: NA | CE16: NA | CF16: NA | CG16: NA | CH16: NA | CI16: NA | CJ16: NA | CK16: NA | CL16: NA | CM16: NA | CN16: NA | CO16: NA | CP16: NA | CQ16: some | CR16: some | CS16: 0 | CT16: 0 | CU16: 0 | CV16: 0 | CW16: some | CX16: some | CY16: some | CZ16: some | DA16: all | DB16: all | DC16: 0 | DD16: 0 | DE16: all | DF16: all | DG16: yes | DH16: yes | DI16: some | DJ16: some | DK16: NS | DL16: NS | DM16: NS | DN16: NS | DO16: some | DP16: some | DQ16: NS | DR16: NS | DS16: disorder | DT16: disorder | DU16: SCID | DV16: SCID | DW16: ICD-10 | DX16: ICD-10 | DY16: 1 | DZ16: 1 | EA16: 1 | EB16: 1 | EC16: 1 | ED16: 1 | EE16: 1 | EF16: 1 | EG16: 1 | EH16: 1 | EI16: 1 | EJ16: 1 | EK16: 1 | EL16: 1 | EM16: 1 | EN16: 1 | EO16: 1 | EP16: 1 | EQ16: 1 | ER16: 1 | ES16: =SUM(DY16,EA16,EC16,EE16,EG16,EI16,EK16,EM16,EO16,EQ16) -> 10 | ET16: =SUM(DZ16,EB16,ED16,EF16,EH16,EJ16,EL16,EN16,EP16,ER16) -> 10 | EU16: Kelleher | EV16: 2020 | EW16: =IF(C16=D16,"Y","N") -> Y | EX16: =IF(E16=F16,"Y","N") -> Y | EY16: =IF(G16=H16,"Y","N") -> Y | EZ16: =IF(I16=J16,"Y","N") -> Y | FA16: =IF(K16=L16,"Y","N") -> Y | FB16: =IF(M16=N16,"Y","N") -> Y | FC16: =IF(O16=P16,"Y","N") -> Y | FD16: =IF(Q16=R16,"Y","N") -> Y | FE16: =IF(S16=T16,"Y","N") -> Y | FF16: =IF(U16=V16,"Y","N") -> Y | FG16: =IF(W16=X16,"Y","N") -> Y | FH16: =IF(Y16=Z16,"Y","N") -> Y | FI16: =IF(AA16=AB16,"Y","N") -> Y | FJ16: =IF(AD16=AE16,"Y","N") -> Y | FK16: =IF(AG16=AH16,"Y","N") -> Y | FL16: =IF(AI16=AJ16,"Y","N") -> Y | FM16: =IF(AM16=AN16,"Y","N") -> Y | FN16: =IF(AO16=AP16,"Y","N") -> Y | FO16: =IF(AQ16=AR16,"Y","N") -> Y | FP16: =IF(AY16=AZ16,"Y","N") -> Y | FQ16: =IF(BA16=BB16,"Y","N") -> Y | FR16: =IF(BC16=BD16,"Y","N") -> Y | FS16: =IF(BE16=BF16,"Y","N") -> Y | FT16: =IF(BG16=BH16,"Y","N") -> Y | FU16: =IF(BI16=BJ16,"Y","N") -> Y | FV16: =IF(BK16=BL16,"Y","N") -> Y | FW16: =IF(BM16=BN16,"Y","N") -> Y | FX16: =IF(BO16=BP16,"Y","N") -> Y | FY16: =IF(BQ16=BR16,"Y","N") -> Y | FZ16: =IF(BS16=BT16,"Y","N") -> Y | GA16: =IF(BU16=BV16,"Y","N") -> Y | GB16: =IF(BW16=BX16,"Y","N") -> Y | GC16: =IF(BY16=BZ16,"Y","N") -> Y | GD16: =IF(CA16=CB16,"Y","N") -> Y | GE16: =IF(CC16=CD16,"Y","N") -> Y | GF16: =IF(CE16=CF16,"Y","N") -> Y | GG16: =IF(CG16=CH16, "Y", "N") -> Y | GH16: =IF(CI16=CJ16, "Y", "N") -> Y | GI16: =IF(CK16=CL16,"Y","N") -> Y | GJ16: =IF(CM16=CN16,"Y","N") -> Y | GK16: =IF(CO16=CP16,"Y","N") -> Y | GL16: =IF(CQ16=CR16,"Y","N") -> Y | GM16: =IF(CS16=CT16,"Y","N") -> Y | GN16: =IF(CU16=CV16,"Y","N") -> Y | GO16: =IF(CW16=CX16,"Y","N") -> Y | GP16: =IF(CY16=CZ16,"Y","N") -> Y | GQ16: =IF(DA16=DB16,"Y","N") -> Y | GR16: =IF(DC16=DD16,"Y","N") -> Y | GS16: =IF(DE16=DF16,"Y","N") -> Y | GT16: =IF(DG16=DH16,"Y","N") -> Y | GU16: =IF(DI16=DJ16,"Y","N") -> Y | GV16: =IF(DK16=DL16,"Y","N") -> Y | GW16: =IF(DM16=DN16,"Y","N") -> Y | GX16: =IF(DO16=DP16,"Y","N") -> Y | GY16: =IF(DQ16=DR16,"Y","N") -> Y | GZ16: =IF(DY16=DZ16,"Y","N") -> Y | HA16: =IF(EA16=EB16,"Y","N") -> Y | HB16: =IF(EC16=ED16,"Y","N") -> Y | HC16: =IF(EE16=EF16,"Y","N") -> Y | HD16: =IF(EG16=EH16,"Y","N") -> Y | HE16: =IF(EI16=EJ16,"Y","N") -> Y | HF16: =IF(EK16=EL16,"Y","N") -> Y | HG16: =IF(EM16=EN16,"Y","N") -> Y | HH16: =IF(EO16=EP16,"Y","N") -> Y | HI16: =IF(EQ16=ER16,"Y","N") -> Y | HJ16: =IF(ES16=ET16,"Y","N") -> Y
A17: Mantovani | B17: 2012 | C17: 54 | D17: 54 | E17: 31 | F17: 31 | G17: NS | H17: NS | I17: NS | J17: NS | K17: NS | L17: NS | M17: NS | N17: NS | O17: NS | P17: NS | Q17: NS | R17: NS | S17: NS | T17: NS | U17: 85 | V17: 85 | W17: 0 | X17: 0 | Y17: 0 | Z17: 0 | AA17: 0 | AB17: 0 | AC17: gen_hospital | AD17: Brazil | AE17: Brazil | AF17: s_am | AG17: yes | AH17: yes | AI17: no | AJ17: no | AK17: yes | AL17: yes | AM17: 85 | AN17: 85 | AO17: 0 | AP17: 0 | AQ17: 0 | AR17: 0 | AS17: NS | AT17: NS | AU17: NS | AV17: NS | AW17: NS | AX17: NS | AY17: 85 | AZ17: 85 | BA17: 2 | BB17: 2 | BC17: single | BD17: single | BE17: =SUM(BI17,BK17,BQ17,BS17,BU17,BW17,BY17,CA17,CC17,CE17,CG17,CI17,CK17,CM17,CO17) -> 2 | BF17: =SUM(BJ17,BL17,BR17,BT17,BV17,BX17,BZ17,CB17,CD17,CF17,CH17,CJ17,CL17,CN17,CP17) -> 2 | BG17: =SUM(BM17,BO17) -> 0 | BH17: =SUM(BN17,BP17) -> 0 | BI17: 2 | BJ17: 2 | BK17: NA | BL17: NA | BM17: NA | BN17: NA | BO17: NA | BP17: NA | BQ17: NA | BR17: NA | BS17: NA | BT17: NA | BU17: NA | BV17: NA | BW17: NA | BX17: NA | BY17: NA | BZ17: NA | CA17: NA | CB17: NA | CC17: NA | CD17: NA | CE17: NA | CF17: NA | CG17: NA | CH17: NA | CI17: NA | CJ17: NA | CK17: NA | CL17: NA | CM17: NA | CN17: NA | CO17: NA | CP17: NA | CQ17: yes - NS | CR17: yes - NS | CS17: NS | CT17: NS | CU17: yes - NS | CV17: yes - NS | CW17: NS | CX17: NS | CY17: NS | CZ17: NS | DA17: all | DB17: all | DC17: NS | DD17: NS | DE17: NS | DF17: NS | DG17: NS | DH17: NS | DI17: yes - NS | DJ17: yes - NS | DK17: NS | DL17: NS | DM17: NS | DN17: NS | DO17: all | DP17: all | DQ17: NS | DR17: NS | DS17: disorder | DT17: disorder | DU17: Clinical Assessment | DV17: Clinical Assessment | DW17: DSM-IV | DX17: DSM-IV | DY17: 1 | DZ17: 1 | EA17: 1 | EB17: 1 | EC17: 1 | ED17: 1 | EE17: 1 | EF17: 1 | EG17: 1 | EH17: 1 | EI17: 1 | EJ17: 1 | EK17: 1 | EL17: 1 | EM17: 1 | EN17: 1 | EO17: 1 | EP17: 1 | EQ17: 1 | ER17: 1 | ES17: 10 | ET17: 10 | EW17: =IF(C17=D17,"Y","N") -> Y | EX17: =IF(E17=F17,"Y","N") -> Y | EY17: =IF(G17=H17,"Y","N") -> Y | EZ17: =IF(I17=J17,"Y","N") -> Y | FA17: =IF(K17=L17,"Y","N") -> Y | FB17: =IF(M17=N17,"Y","N") -> Y | FC17: =IF(O17=P17,"Y","N") -> Y | FD17: =IF(Q17=R17,"Y","N") -> Y | FE17: =IF(S17=T17,"Y","N") -> Y | FF17: =IF(U17=V17,"Y","N") -> Y | FG17: =IF(W17=X17,"Y","N") -> Y | FH17: =IF(Y17=Z17,"Y","N") -> Y | FI17: =IF(AA17=AB17,"Y","N") -> Y | FJ17: =IF(AD17=AE17,"Y","N") -> Y | FK17: =IF(AG17=AH17,"Y","N") -> Y | FL17: =IF(AI17=AJ17,"Y","N") -> Y | FM17: =IF(AM17=AN17,"Y","N") -> Y | FN17: =IF(AO17=AP17,"Y","N") -> Y | FO17: =IF(AQ17=AR17,"Y","N") -> Y | FP17: =IF(AY17=AZ17,"Y","N") -> Y | FQ17: =IF(BA17=BB17,"Y","N") -> Y | FR17: =IF(BC17=BD17,"Y","N") -> Y | FS17: =IF(BE17=BF17,"Y","N") -> Y | FT17: =IF(BG17=BH17,"Y","N") -> Y | FU17: =IF(BI17=BJ17,"Y","N") -> Y | FV17: =IF(BK17=BL17,"Y","N") -> Y | FW17: =IF(BM17=BN17,"Y","N") -> Y | FX17: =IF(BO17=BP17,"Y","N") -> Y | FY17: =IF(BQ17=BR17,"Y","N") -> Y | FZ17: =IF(BS17=BT17,"Y","N") -> Y | GA17: =IF(BU17=BV17,"Y","N") -> Y | GB17: =IF(BW17=BX17,"Y","N") -> Y | GC17: =IF(BY17=BZ17,"Y","N") -> Y | GD17: =IF(CA17=CB17,"Y","N") -> Y | GE17: =IF(CC17=CD17,"Y","N") -> Y | GF17: =IF(CE17=CF17,"Y","N") -> Y | GG17: =IF(CG17=CH17, "Y", "N") -> Y | GH17: =IF(CI17=CJ17, "Y", "N") -> Y | GI17: =IF(CK17=CL17,"Y","N") -> Y | GJ17: =IF(CM17=CN17,"Y","N") -> Y | GK17: =IF(CO17=CP17,"Y","N") -> Y | GL17: =IF(CQ17=CR17,"Y","N") -> Y | GM17: =IF(CS17=CT17,"Y","N") -> Y | GN17: =IF(CU17=CV17,"Y","N") -> Y | GO17: =IF(CW17=CX17,"Y","N") -> Y | GP17: =IF(CY17=CZ17,"Y","N") -> Y | GQ17: =IF(DA17=DB17,"Y","N") -> Y | GR17: =IF(DC17=DD17,"Y","N") -> Y | GS17: =IF(DE17=DF17,"Y","N") -> Y | GT17: =IF(DG17=DH17,"Y","N") -> Y | GU17: =IF(DI17=DJ17,"Y","N") -> Y | GV17: =IF(DK17=DL17,"Y","N") -> Y | GW17: =IF(DM17=DN17,"Y","N") -> Y | GX17: =IF(DO17=DP17,"Y","N") -> Y | GY17: =IF(DQ17=DR17,"Y","N") -> Y | GZ17: =IF(DY17=DZ17,"Y","N") -> Y | HA17: =IF(EA17=EB17,"Y","N") -> Y | HB17: =IF(EC17=ED17,"Y","N") -> Y | HC17: =IF(EE17=EF17,"Y","N") -> Y | HD17: =IF(EG17=EH17,"Y","N") -> Y | HE17: =IF(EI17=EJ17,"Y","N") -> Y | HF17: =IF(EK17=EL17,"Y","N") -> Y | HG17: =IF(EM17=EN17,"Y","N") -> Y | HH17: =IF(EO17=EP17,"Y","N") -> Y | HI17: =IF(EQ17=ER17,"Y","N") -> Y | HJ17: =IF(ES17=ET17,"Y","N") -> Y
A18: Marques | B18: 2020 | C18: 119 | D18: 119 | E18: 81 | F18: 81 | G18: NS | H18: NS | I18: NS | J18: NS | K18: 47 | L18: 47 | M18: 0 | N18: 0 | O18: 200 | P18: 200 | Q18: 0 | R18: 0 | S18: 0 | T18: 0 | U18: 0 | V18: 0 | W18: 200 | X18: 200 | Y18: 0 | Z18: 0 | AA18: 0 | AB18: 0 | AC18: inpat_psych | AD18: Portugal | AE18: Portugal | AF18: euro | AG18: yes | AH18: yes | AI18: no | AJ18: no | AK18: no | AL18: no | AM18: NS | AN18: NS | AO18: NS | AP18: NS | AQ18: NS | AR18: NS | AS18: NS | AT18: NS | AU18: NS | AV18: NS | AW18: NS | AX18: NS | AY18: 200 | AZ18: 200 | BA18: 50 | BB18: 50 | BC18: multiple | BD18: multiple | BE18: =SUM(BI18,BK18,BQ18,BS18,BU18,BW18,BY18,CA18,CC18,CE18,CG18,CI18,CK18,CM18,CO18) -> 50 | BF18: =SUM(BJ18,BL18,BR18,BT18,BV18,BX18,BZ18,CB18,CD18,CF18,CH18,CJ18,CL18,CN18,CP18) -> 50 | BG18: =SUM(BM18,BO18) -> 0 | BH18: =SUM(BN18,BP18) -> 0 | BI18: 1 | BJ18: 1 | BK18: 0 | BL18: 0 | BM18: 0 | BN18: 0 | BO18: 0 | BP18: 0 | BQ18: 4 | BR18: 4 | BS18: 7 | BT18: 7 | BU18: 0 | BV18: 0 | BW18: 0 | BX18: 0 | BY18: 0 | BZ18: 0 | CA18: 19 | CB18: 19 | CC18: 0 | CD18: 0 | CE18: 19 | CF18: 19 | CG18: 0 | CH18: 0 | CI18: 0 | CJ18: 0 | CK18: 0 | CL18: 0 | CM18: 0 | CN18: 0 | CO18: 0 | CP18: 0 | CQ18: NS | CR18: NS | CS18: all | CT18: all | CU18: 0 | CV18: 0 | CW18: all | CX18: all | CY18: 0 | CZ18: 0 | DA18: all | DB18: all | DC18: all | DD18: all | DE18: all | DF18: all | DG18: NS | DH18: NS | DI18: NS | DJ18: NS | DK18: all | DL18: all | DM18: NS | DN18: NS | DO18: NS | DP18: NS | DQ18: NS | DR18: NS | DS18: disorder | DT18: disorder | DU18: Clinical Assessment | DV18: Clinical Assessment | DW18: ICD-9 | DX18: ICD-9 | DY18: 1 | DZ18: 1 | EA18: 1 | EB18: 1 | EC18: 1 | ED18: 1 | EE18: 1 | EF18: 1 | EG18: 1 | EH18: 1 | EI18: 1 | EJ18: 1 | EK18: 1 | EL18: 1 | EM18: 1 | EN18: 1 | EO18: 1 | EP18: 1 | EQ18: 1 | ER18: 1 | ES18: =SUM(DY18,EA18,EC18,EE18,EG18,EI18,EK18,EM18,EO18,EQ18) -> 10 | ET18: =SUM(DZ18,EB18,ED18,EF18,EH18,EJ18,EL18,EN18,EP18,ER18) -> 10 | EU18: Marques | EV18: 2020 | EW18: =IF(C18=D18,"Y","N") -> Y | EX18: =IF(E18=F18,"Y","N") -> Y | EY18: =IF(G18=H18,"Y","N") -> Y | EZ18: =IF(I18=J18,"Y","N") -> Y | FA18: =IF(K18=L18,"Y","N") -> Y | FB18: =IF(M18=N18,"Y","N") -> Y | FC18: =IF(O18=P18,"Y","N") -> Y | FD18: =IF(Q18=R18,"Y","N") -> Y | FE18: =IF(S18=T18,"Y","N") -> Y | FF18: =IF(U18=V18,"Y","N") -> Y | FG18: =IF(W18=X18,"Y","N") -> Y | FH18: =IF(Y18=Z18,"Y","N") -> Y | FI18: =IF(AA18=AB18,"Y","N") -> Y | FJ18: =IF(AD18=AE18,"Y","N") -> Y | FK18: =IF(AG18=AH18,"Y","N") -> Y | FL18: =IF(AI18=AJ18,"Y","N") -> Y | FM18: =IF(AM18=AN18,"Y","N") -> Y | FN18: =IF(AO18=AP18,"Y","N") -> Y | FO18: =IF(AQ18=AR18,"Y","N") -> Y | FP18: =IF(AY18=AZ18,"Y","N") -> Y | FQ18: =IF(BA18=BB18,"Y","N") -> Y | FR18: =IF(BC18=BD18,"Y","N") -> Y | FS18: =IF(BE18=BF18,"Y","N") -> Y | FT18: =IF(BG18=BH18,"Y","N") -> Y | FU18: =IF(BI18=BJ18,"Y","N") -> Y | FV18: =IF(BK18=BL18,"Y","N") -> Y | FW18: =IF(BM18=BN18,"Y","N") -> Y | FX18: =IF(BO18=BP18,"Y","N") -> Y | FY18: =IF(BQ18=BR18,"Y","N") -> Y | FZ18: =IF(BS18=BT18,"Y","N") -> Y | GA18: =IF(BU18=BV18,"Y","N") -> Y | GB18: =IF(BW18=BX18,"Y","N") -> Y | GC18: =IF(BY18=BZ18,"Y","N") -> Y | GD18: =IF(CA18=CB18,"Y","N") -> Y | GE18: =IF(CC18=CD18,"Y","N") -> Y | GF18: =IF(CE18=CF18,"Y","N") -> Y | GG18: =IF(CG18=CH18, "Y", "N") -> Y | GH18: =IF(CI18=CJ18, "Y", "N") -> Y | GI18: =IF(CK18=CL18,"Y","N") -> Y | GJ18: =IF(CM18=CN18,"Y","N") -> Y | GK18: =IF(CO18=CP18,"Y","N") -> Y | GL18: =IF(CQ18=CR18,"Y","N") -> Y | GM18: =IF(CS18=CT18,"Y","N") -> Y | GN18: =IF(CU18=CV18,"Y","N") -> Y | GO18: =IF(CW18=CX18,"Y","N") -> Y | GP18: =IF(CY18=CZ18,"Y","N") -> Y | GQ18: =IF(DA18=DB18,"Y","N") -> Y | GR18: =IF(DC18=DD18,"Y","N") -> Y | GS18: =IF(DE18=DF18,"Y","N") -> Y | GT18: =IF(DG18=DH18,"Y","N") -> Y | GU18: =IF(DI18=DJ18,"Y","N") -> Y | GV18: =IF(DK18=DL18,"Y","N") -> Y | GW18: =IF(DM18=DN18,"Y","N") -> Y | GX18: =IF(DO18=DP18,"Y","N") -> Y | GY18: =IF(DQ18=DR18,"Y","N") -> Y | GZ18: =IF(DY18=DZ18,"Y","N") -> Y | HA18: =IF(EA18=EB18,"Y","N") -> Y | HB18: =IF(EC18=ED18,"Y","N") -> Y | HC18: =IF(EE18=EF18,"Y","N") -> Y | HD18: =IF(EG18=EH18,"Y","N") -> Y | HE18: =IF(EI18=EJ18,"Y","N") -> Y | HF18: =IF(EK18=EL18,"Y","N") -> Y | HG18: =IF(EM18=EN18,"Y","N") -> Y | HH18: =IF(EO18=EP18,"Y","N") -> Y | HI18: =IF(EQ18=ER18,"Y","N") -> Y | HJ18: =IF(ES18=ET18,"Y","N") -> Y
A19: Mauri | B19: 2017 | C19: 43 | D19: 43 | E19: 5 | F19: 5 | G19: NS | H19: NS | I19: NS | J19: NS | K19: 25.6 | L19: 25.6 | M19: NS | N19: NS | O19: NS | P19: NS | Q19: NS | R19: NS | S19: NS | T19: NS | U19: 0 | V19: 0 | W19: 48 | X19: 48 | Y19: 0 | Z19: 0 | AA19: 0 | AB19: 0 | AC19: inpat_psych | AD19: Italy | AE19: Italy | AF19: euro | AG19: no | AH19: no | AI19: yes | AJ19: yes | AK19: yes | AL19: yes | AM19: 48 | AN19: 48 | AO19: 0 | AP19: 0 | AQ19: 0 | AR19: 0 | AS19: NS | AT19: NS | AU19: NS | AV19: NS | AW19: NS | AX19: NS | AY19: 48 | AZ19: 48 | BA19: 23 | BB19: 23 | BC19: single | BD19: single | BE19: =SUM(BI19,BK19,BQ19,BS19,BU19,BW19,BY19,CA19,CC19,CE19,CG19,CI19,CK19,CM19,CO19) -> 0 | BF19: =SUM(BJ19,BL19,BR19,BT19,BV19,BX19,BZ19,CB19,CD19,CF19,CH19,CJ19,CL19,CN19,CP19) -> 0 | BG19: =SUM(BM19,BO19) -> 23 | BH19: =SUM(BN19,BP19) -> 23 | BI19: NA | BJ19: NA | BK19: NA | BL19: NA | BM19: 23 | BN19: 23 | BO19: NA | BP19: NA | BQ19: NA | BR19: NA | BS19: NA | BT19: NA | BU19: NA | BV19: NA | BW19: NA | BX19: NA | BY19: NA | BZ19: NA | CA19: NA | CB19: NA | CC19: NA | CD19: NA | CE19: NA | CF19: NA | CG19: NA | CH19: NA | CI19: NA | CJ19: NA | CK19: NA | CL19: NA | CM19: NA | CN19: NA | CO19: NA | CP19: NA | CQ19: NS | CR19: NS | CS19: NS | CT19: NS | CU19: NS | CV19: NS | CW19: NS | CX19: NS | CY19: NS | CZ19: NS | DA19: NS | DB19: NS | DC19: some | DD19: some | DE19: all | DF19: all | DG19: NS | DH19: NS | DI19: NS | DJ19: NS | DK19: NS | DL19: NS | DM19: NS | DN19: NS | DO19: NS | DP19: NS | DQ19: NS | DR19: NS | DS19: disorder | DT19: disorder | DU19: BPRS | DV19: BPRS | DW19: DSM-IV | DX19: DSM-IV | DY19: 1 | DZ19: 1 | EA19: 0 | EB19: 0 | EC19: 1 | ED19: 1 | EE19: 1 | EF19: 1 | EG19: 1 | EH19: 1 | EI19: 1 | EJ19: 1 | EK19: 1 | EL19: 1 | EM19: 1 | EN19: 1 | EO19: 1 | EP19: 1 | EQ19: 1 | ER19: 1 | ES19: =SUM(DY19,EA19,EC19,EE19,EG19,EI19,EK19,EM19,EO19,EQ19) -> 9 | ET19: =SUM(DZ19,EB19,ED19,EF19,EH19,EJ19,EL19,EN19,EP19,ER19) -> 9 | EU19: Mauri | EV19: 2017 | EW19: =IF(C19=D19,"Y","N") -> Y | EX19: =IF(E19=F19,"Y","N") -> Y | EY19: =IF(G19=H19,"Y","N") -> Y | EZ19: =IF(I19=J19,"Y","N") -> Y | FA19: =IF(K19=L19,"Y","N") -> Y | FB19: =IF(M19=N19,"Y","N") -> Y | FC19: =IF(O19=P19,"Y","N") -> Y | FD19: =IF(Q19=R19,"Y","N") -> Y | FE19: =IF(S19=T19,"Y","N") -> Y | FF19: =IF(U19=V19,"Y","N") -> Y | FG19: =IF(W19=X19,"Y","N") -> Y | FH19: =IF(Y19=Z19,"Y","N") -> Y | FI19: =IF(AA19=AB19,"Y","N") -> Y | FJ19: =IF(AD19=AE19,"Y","N") -> Y | FK19: =IF(AG19=AH19,"Y","N") -> Y | FL19: =IF(AI19=AJ19,"Y","N") -> Y | FM19: =IF(AM19=AN19,"Y","N") -> Y | FN19: =IF(AO19=AP19,"Y","N") -> Y | FO19: =IF(AQ19=AR19,"Y","N") -> Y | FP19: =IF(AY19=AZ19,"Y","N") -> Y | FQ19: =IF(BA19=BB19,"Y","N") -> Y | FR19: =IF(BC19=BD19,"Y","N") -> Y | FS19: =IF(BE19=BF19,"Y","N") -> Y | FT19: =IF(BG19=BH19,"Y","N") -> Y | FU19: =IF(BI19=BJ19,"Y","N") -> Y | FV19: =IF(BK19=BL19,"Y","N") -> Y | FW19: =IF(BM19=BN19,"Y","N") -> Y | FX19: =IF(BO19=BP19,"Y","N") -> Y | FY19: =IF(BQ19=BR19,"Y","N") -> Y | FZ19: =IF(BS19=BT19,"Y","N") -> Y | GA19: =IF(BU19=BV19,"Y","N") -> Y | GB19: =IF(BW19=BX19,"Y","N") -> Y | GC19: =IF(BY19=BZ19,"Y","N") -> Y | GD19: =IF(CA19=CB19,"Y","N") -> Y | GE19: =IF(CC19=CD19,"Y","N") -> Y | GF19: =IF(CE19=CF19,"Y","N") -> Y | GG19: =IF(CG19=CH19, "Y", "N") -> Y | GH19: =IF(CI19=CJ19, "Y", "N") -> Y | GI19: =IF(CK19=CL19,"Y","N") -> Y | GJ19: =IF(CM19=CN19,"Y","N") -> Y | GK19: =IF(CO19=CP19,"Y","N") -> Y | GL19: =IF(CQ19=CR19,"Y","N") -> Y | GM19: =IF(CS19=CT19,"Y","N") -> Y | GN19: =IF(CU19=CV19,"Y","N") -> Y | GO19: =IF(CW19=CX19,"Y","N") -> Y | GP19: =IF(CY19=CZ19,"Y","N") -> Y | GQ19: =IF(DA19=DB19,"Y","N") -> Y | GR19: =IF(DC19=DD19,"Y","N") -> Y | GS19: =IF(DE19=DF19,"Y","N") -> Y | GT19: =IF(DG19=DH19,"Y","N") -> Y | GU19: =IF(DI19=DJ19,"Y","N") -> Y | GV19: =IF(DK19=DL19,"Y","N") -> Y | GW19: =IF(DM19=DN19,"Y","N") -> Y | GX19: =IF(DO19=DP19,"Y","N") -> Y | GY19: =IF(DQ19=DR19,"Y","N") -> Y | GZ19: =IF(DY19=DZ19,"Y","N") -> Y | HA19: =IF(EA19=EB19,"Y","N") -> Y | HB19: =IF(EC19=ED19,"Y","N") -> Y | HC19: =IF(EE19=EF19,"Y","N") -> Y | HD19: =IF(EG19=EH19,"Y","N") -> Y | HE19: =IF(EI19=EJ19,"Y","N") -> Y | HF19: =IF(EK19=EL19,"Y","N") -> Y | HG19: =IF(EM19=EN19,"Y","N") -> Y | HH19: =IF(EO19=EP19,"Y","N") -> Y | HI19: =IF(EQ19=ER19,"Y","N") -> Y | HJ19: =IF(ES19=ET19,"Y","N") -> Y
A20: Misselbrook | B20: 2017 | C20: NS | D20: NS | E20: NS | F20: NS | G20: NS | H20: NS | I20: NS | J20: NS | K20: NS | L20: NS | M20: NS | N20: NS | O20: NS | P20: NS | Q20: NS | R20: NS | S20: NS | T20: NS | U20: NS | V20: NS | W20: 18297 | X20: 18297 | Y20: NS | Z20: NS | AA20: NS | AB20: NS | AC20: mixture | AD20: UK | AE20: UK | AF20: euro | AG20: yes | AH20: yes | AI20: no | AJ20: no | AK20: no | AL20: no | AM20: NS | AN20: NS | AO20: NS | AP20: NS | AQ20: NS | AR20: NS | AS20: NS | AT20: NS | AU20: NS | AV20: NS | AW20: NS | AX20: NS | AY20: 18297 | AZ20: 18297 | BA20: 553 | BB20: 553 | BC20: multiple | BD20: multiple | BE20: =SUM(BI20,BK20,BQ20,BS20,BU20,BW20,BY20,CA20,CC20,CE20,CG20,CI20,CK20,CM20,CO20) -> 553 | BF20: =SUM(BJ20,BL20,BR20,BT20,BV20,BX20,BZ20,CB20,CD20,CF20,CH20,CJ20,CL20,CN20,CP20) -> 553 | BG20: =SUM(BM20,BO20) -> 0 | BH20: =SUM(BN20,BP20) -> 0 | BI20: NS | BJ20: NS | BK20: NS | BL20: NS | BM20: NS | BN20: NS | BO20: NS | BP20: NS | BQ20: NS | BR20: NS | BS20: NS | BT20: NS | BU20: NS | BV20: NS | BW20: NS | BX20: NS | BY20: NS | BZ20: NS | CA20: NS | CB20: NS | CC20: NS | CD20: NS | CE20: NS | CF20: NS | CG20: NS | CH20: NS | CI20: NS | CJ20: NS | CK20: NS | CL20: NS | CM20: NS | CN20: NS | CO20: 553 | CP20: 553 | CQ20: NS | CR20: NS | CS20: NS | CT20: NS | CU20: NS | CV20: NS | CW20: NS | CX20: NS | CY20: NS | CZ20: NS | DA20: NS | DB20: NS | DC20: NS | DD20: NS | DE20: NS | DF20: NS | DG20: NS | DH20: NS | DI20: NS | DJ20: NS | DK20: NS | DL20: NS | DM20: NS | DN20: NS | DO20: NS | DP20: NS | DQ20: NS | DR20: NS | DS20: NS | DT20: NS | DU20: NS | DV20: NS | DW20: NS | DX20: NS | DY20: 1 | DZ20: 1 | EA20: 1 | EB20: 1 | EC20: 1 | ED20: 1 | EE20: 1 | EF20: 1 | EG20: 1 | EH20: 1 | EI20: 1 | EJ20: 1 | EK20: 0 | EL20: 0 | EM20: 1 | EN20: 1 | EO20: 1 | EP20: 1 | EQ20: 1 | ER20: 1 | ES20: =SUM(DY20,EA20,EC20,EE20,EG20,EI20,EK20,EM20,EO20,EQ20) -> 9 | ET20: =SUM(DZ20,EB20,ED20,EF20,EH20,EJ20,EL20,EN20,EP20,ER20) -> 9 | EU20: Misselbrook | EV20: 2017 | EW20: =IF(C20=D20,"Y","N") -> Y | EX20: =IF(E20=F20,"Y","N") -> Y | EY20: =IF(G20=H20,"Y","N") -> Y | EZ20: =IF(I20=J20,"Y","N") -> Y | FA20: =IF(K20=L20,"Y","N") -> Y | FB20: =IF(M20=N20,"Y","N") -> Y | FC20: =IF(O20=P20,"Y","N") -> Y | FD20: =IF(Q20=R20,"Y","N") -> Y | FE20: =IF(S20=T20,"Y","N") -> Y | FF20: =IF(U20=V20,"Y","N") -> Y | FG20: =IF(W20=X20,"Y","N") -> Y | FH20: =IF(Y20=Z20,"Y","N") -> Y | FI20: =IF(AA20=AB20,"Y","N") -> Y | FJ20: =IF(AD20=AE20,"Y","N") -> Y | FK20: =IF(AG20=AH20,"Y","N") -> Y | FL20: =IF(AI20=AJ20,"Y","N") -> Y | FM20: =IF(AM20=AN20,"Y","N") -> Y | FN20: =IF(AO20=AP20,"Y","N") -> Y | FO20: =IF(AQ20=AR20,"Y","N") -> Y | FP20: =IF(AY20=AZ20,"Y","N") -> Y | FQ20: =IF(BA20=BB20,"Y","N") -> Y | FR20: =IF(BC20=BD20,"Y","N") -> Y | FS20: =IF(BE20=BF20,"Y","N") -> Y | FT20: =IF(BG20=BH20,"Y","N") -> Y | FU20: =IF(BI20=BJ20,"Y","N") -> Y | FV20: =IF(BK20=BL20,"Y","N") -> Y | FW20: =IF(BM20=BN20,"Y","N") -> Y | FX20: =IF(BO20=BP20,"Y","N") -> Y | FY20: =IF(BQ20=BR20,"Y","N") -> Y | FZ20: =IF(BS20=BT20,"Y","N") -> Y | GA20: =IF(BU20=BV20,"Y","N") -> Y | GB20: =IF(BW20=BX20,"Y","N") -> Y | GC20: =IF(BY20=BZ20,"Y","N") -> Y | GD20: =IF(CA20=CB20,"Y","N") -> Y | GE20: =IF(CC20=CD20,"Y","N") -> Y | GF20: =IF(CE20=CF20,"Y","N") -> Y | GG20: =IF(CG20=CH20, "Y", "N") -> Y | GH20: =IF(CI20=CJ20, "Y", "N") -> Y | GI20: =IF(CK20=CL20,"Y","N") -> Y | GJ20: =IF(CM20=CN20,"Y","N") -> Y | GK20: =IF(CO20=CP20,"Y","N") -> Y | GL20: =IF(CQ20=CR20,"Y","N") -> Y | GM20: =IF(CS20=CT20,"Y","N") -> Y | GN20: =IF(CU20=CV20,"Y","N") -> Y | GO20: =IF(CW20=CX20,"Y","N") -> Y | GP20: =IF(CY20=CZ20,"Y","N") -> Y | GQ20: =IF(DA20=DB20,"Y","N") -> Y | GR20: =IF(DC20=DD20,"Y","N") -> Y | GS20: =IF(DE20=DF20,"Y","N") -> Y | GT20: =IF(DG20=DH20,"Y","N") -> Y | GU20: =IF(DI20=DJ20,"Y","N") -> Y | GV20: =IF(DK20=DL20,"Y","N") -> Y | GW20: =IF(DM20=DN20,"Y","N") -> Y | GX20: =IF(DO20=DP20,"Y","N") -> Y | GY20: =IF(DQ20=DR20,"Y","N") -> Y | GZ20: =IF(DY20=DZ20,"Y","N") -> Y | HA20: =IF(EA20=EB20,"Y","N") -> Y | HB20: =IF(EC20=ED20,"Y","N") -> Y | HC20: =IF(EE20=EF20,"Y","N") -> Y | HD20: =IF(EG20=EH20,"Y","N") -> Y | HE20: =IF(EI20=EJ20,"Y","N") -> Y | HF20: =IF(EK20=EL20,"Y","N") -> Y | HG20: =IF(EM20=EN20,"Y","N") -> Y | HH20: =IF(EO20=EP20,"Y","N") -> Y | HI20: =IF(EQ20=ER20,"Y","N") -> Y | HJ20: =IF(ES20=ET20,"Y","N") -> Y
A21: Muhrer | B21: 2022 | C21: 65 | D21: 65 | E21: 65 | F21: 65 | G21: NS | H21: NS | I21: NS | J21: NS | K21: 15 | L21: 15 | M21: 60 | N21: 60 | O21: 41 | P21: 41 | Q21: 8 | R21: 8 | S21: 22 | T21: 22 | U21: 131 | V21: 131 | W21: 0 | X21: 0 | Y21: 0 | Z21: 0 | AA21: 0 | AB21: 0 | AC21: gen_hospital | AD21: USA | AE21: USA | AF21: n_am | AG21: yes | AH21: yes | AI21: no | AJ21: no | AK21: yes | AL21: yes | AM21: 131 | AN21: 131 | AO21: 0 | AP21: 0 | AQ21: 0 | AR21: 0 | AS21: NS | AT21: NS | AU21: NS | AV21: NS | AW21: NS | AX21: NS | AY21: 131 | AZ21: 131 | BA21: 14 | BB21: 14 | BC21: multiple | BD21: multiple | BE21: =SUM(BI21,BK21,BQ21,BS21,BU21,BW21,BY21,CA21,CC21,CE21,CG21,CI21,CK21,CM21,CO21) -> 1 | BF21: =SUM(BJ21,BL21,BR21,BT21,BV21,BX21,BZ21,CB21,CD21,CF21,CH21,CJ21,CL21,CN21,CP21) -> 1 | BG21: =SUM(BM21,BO21) -> 13 | BH21: =SUM(BN21,BP21) -> 13 | BI21: 1 | BJ21: 1 | BK21: 0 | BL21: 0 | BM21: 12 | BN21: 12 | BO21: 1 | BP21: 1 | BQ21: 0 | BR21: 0 | BS21: 0 | BT21: 0 | BU21: 0 | BV21: 0 | BW21: 0 | BX21: 0 | BY21: 0 | BZ21: 0 | CA21: 0 | CB21: 0 | CC21: 0 | CD21: 0 | CE21: 0 | CF21: 0 | CG21: 0 | CH21: 0 | CI21: 0 | CJ21: 0 | CK21: 0 | CL21: 0 | CM21: 0 | CN21: 0 | CO21: 0 | CP21: 0 | CQ21: some | CR21: some | CS21: some | CT21: some | CU21: NS | CV21: NS | CW21: some | CX21: some | CY21: some | CZ21: some | DA21: some | DB21: some | DC21: some | DD21: some | DE21: ns | DF21: NS | DG21: NS | DH21: NS | DI21: some | DJ21: some | DK21: some | DL21: some | DM21: ns | DN21: NS | DO21: NS | DP21: NS | DQ21: NS | DR21: NS | DS21: disorder | DT21: disorder | DU21: NS | DV21: NS | DW21: ICD-10 | DX21: 1CD-10 | DY21: 1 | DZ21: 1 | EA21: 1 | EB21: 1 | EC21: 1 | ED21: 1 | EE21: 1 | EF21: 1 | EG21: 1 | EH21: 1 | EI21: 1 | EJ21: 1 | EK21: 1 | EL21: 1 | EM21: 1 | EN21: 1 | EO21: 1 | EP21: 1 | EQ21: 1 | ER21: 1 | ES21: =SUM(DY21,EA21,EC21,EE21,EG21,EI21,EK21,EM21,EO21,EQ21) -> 10 | ET21: =SUM(DZ21,EB21,ED21,EF21,EH21,EJ21,EL21,EN21,EP21,ER21) -> 10 | EW21: =IF(C21=D21,"Y","N") -> Y | EX21: =IF(E21=F21,"Y","N") -> Y | EY21: =IF(G21=H21,"Y","N") -> Y | EZ21: =IF(I21=J21,"Y","N") -> Y | FA21: =IF(K21=L21,"Y","N") -> Y | FB21: =IF(M21=N21,"Y","N") -> Y | FC21: =IF(O21=P21,"Y","N") -> Y | FD21: =IF(Q21=R21,"Y","N") -> Y | FE21: =IF(S21=T21,"Y","N") -> Y | FF21: =IF(U21=V21,"Y","N") -> Y | FG21: =IF(W21=X21,"Y","N") -> Y | FH21: =IF(Y21=Z21,"Y","N") -> Y | FI21: =IF(AA21=AB21,"Y","N") -> Y | FJ21: =IF(AD21=AE21,"Y","N") -> Y | FK21: =IF(AG21=AH21,"Y","N") -> Y | FL21: =IF(AI21=AJ21,"Y","N") -> Y | FM21: =IF(AM21=AN21,"Y","N") -> Y | FN21: =IF(AO21=AP21,"Y","N") -> Y | FO21: =IF(AQ21=AR21,"Y","N") -> Y | FP21: =IF(AY21=AZ21,"Y","N") -> Y | FQ21: =IF(BA21=BB21,"Y","N") -> Y | FR21: =IF(BC21=BD21,"Y","N") -> Y | FS21: =IF(BE21=BF21,"Y","N") -> Y | FT21: =IF(BG21=BH21,"Y","N") -> Y | FU21: =IF(BI21=BJ21,"Y","N") -> Y | FV21: =IF(BK21=BL21,"Y","N") -> Y | FW21: =IF(BM21=BN21,"Y","N") -> Y | FX21: =IF(BO21=BP21,"Y","N") -> Y | FY21: =IF(BQ21=BR21,"Y","N") -> Y | FZ21: =IF(BS21=BT21,"Y","N") -> Y | GA21: =IF(BU21=BV21,"Y","N") -> Y | GB21: =IF(BW21=BX21,"Y","N") -> Y | GC21: =IF(BY21=BZ21,"Y","N") -> Y | GD21: =IF(CA21=CB21,"Y","N") -> Y | GE21: =IF(CC21=CD21,"Y","N") -> Y | GF21: =IF(CE21=CF21,"Y","N") -> Y | GG21: =IF(CG21=CH21, "Y", "N") -> Y | GH21: =IF(CI21=CJ21, "Y", "N") -> Y | GI21: =IF(CK21=CL21,"Y","N") -> Y | GJ21: =IF(CM21=CN21,"Y","N") -> Y | GK21: =IF(CO21=CP21,"Y","N") -> Y | GL21: =IF(CQ21=CR21,"Y","N") -> Y | GM21: =IF(CS21=CT21,"Y","N") -> Y | GN21: =IF(CU21=CV21,"Y","N") -> Y | GO21: =IF(CW21=CX21,"Y","N") -> Y | GP21: =IF(CY21=CZ21,"Y","N") -> Y | GQ21: =IF(DA21=DB21,"Y","N") -> Y | GR21: =IF(DC21=DD21,"Y","N") -> Y | GS21: =IF(DE21=DF21,"Y","N") -> Y | GT21: =IF(DG21=DH21,"Y","N") -> Y | GU21: =IF(DI21=DJ21,"Y","N") -> Y | GV21: =IF(DK21=DL21,"Y","N") -> Y | GW21: =IF(DM21=DN21,"Y","N") -> Y | GX21: =IF(DO21=DP21,"Y","N") -> Y | GY21: =IF(DQ21=DR21,"Y","N") -> Y | GZ21: =IF(DY21=DZ21,"Y","N") -> Y | HA21: =IF(EA21=EB21,"Y","N") -> Y | HB21: =IF(EC21=ED21,"Y","N") -> Y | HC21: =IF(EE21=EF21,"Y","N") -> Y | HD21: =IF(EG21=EH21,"Y","N") -> Y | HE21: =IF(EI21=EJ21,"Y","N") -> Y | HF21: =IF(EK21=EL21,"Y","N") -> Y | HG21: =IF(EM21=EN21,"Y","N") -> Y | HH21: =IF(EO21=EP21,"Y","N") -> Y | HI21: =IF(EQ21=ER21,"Y","N") -> Y | HJ21: =IF(ES21=ET21,"Y","N") -> Y
A22: Nkire | B22: 2021 | C22: 249 | D22: 249 | E22: 183 | F22: 183 | G22: NS | H22: NS | I22: NS | J22: NS | K22: 38.3 | L22: 38.3 | M22: NS | N22: NS | O22: NS | P22: NS | Q22: NS | R22: NS | S22: NS | T22: NS | U22: 0 | V22: 0 | W22: 8 | X22: 8 | Y22: 424 | Z22: 424 | AA22: 0 | AB22: 0 | AC22: mixture | AD22: Ireland | AE22: Ireland | AF22: euro | AG22: no | AH22: no | AI22: yes | AJ22: yes | AK22: yes | AL22: yes | AM22: 432 | AN22: 432 | AO22: 0 | AP22: 0 | AQ22: 0 | AR22: 0 | AS22: NS | AT22: NS | AU22: NS | AV22: NS | AW22: NS | AX22: NS | AY22: 432 | AZ22: 432 | BA22: 38 | BB22: 38 | BC22: multiple | BD22: multiple | BE22: =SUM(BI22,BK22,BQ22,BS22,BU22,BW22,BY22,CA22,CC22,CE22,CG22,CI22,CK22,CM22,CO22) -> 13 | BF22: =SUM(BJ22,BL22,BR22,BT22,BV22,BX22,BZ22,CB22,CD22,CF22,CH22,CJ22,CL22,CN22,CP22) -> 13 | BG22: =SUM(BM22,BO22) -> 25 | BH22: =SUM(BN22,BP22) -> 25 | BI22: NA | BJ22: NA | BK22: NA | BL22: NA | BM22: 25 | BN22: 25 | BO22: NA | BP22: NA | BQ22: NA | BR22: NA | BS22: NA | BT22: NA | BU22: NA | BV22: NA | BW22: NA | BX22: NA | BY22: NA | BZ22: NA | CA22: NA | CB22: NA | CC22: NA | CD22: NA | CE22: NA | CF22: NA | CG22: NA | CH22: NA | CI22: NA | CJ22: NA | CK22: NA | CL22: NA | CM22: NA | CN22: NA | CO22: 13 | CP22: 13 | CQ22: NS | CR22: NS | CS22: NS | CT22: NS | CU22: NS | CV22: NS | CW22: NS | CX22: NS | CY22: NS | CZ22: NS | DA22: NS | DB22: NS | DC22: NS | DD22: NS | DE22: all | DF22: all | DG22: yes | DH22: yes | DI22: all | DJ22: all | DK22: all | DL22: all | DM22: yes | DN22: yes | DO22: NS | DP22: NS | DQ22: NS | DR22: NS | DS22: disorder | DT22: disorder | DU22: SCID | DV22: SCID | DW22: DSM-IV | DX22: DSM-IV | DY22: 1 | DZ22: 1 | EA22: 1 | EB22: 1 | EC22: 1 | ED22: 1 | EE22: 1 | EF22: 1 | EG22: 1 | EH22: 1 | EI22: 1 | EJ22: 1 | EK22: 1 | EL22: 1 | EM22: 1 | EN22: 1 | EO22: 1 | EP22: 1 | EQ22: 1 | ER22: 1 | ES22: =SUM(DY22,EA22,EC22,EE22,EG22,EI22,EK22,EM22,EO22,EQ22) -> 10 | ET22: =SUM(DZ22,EB22,ED22,EF22,EH22,EJ22,EL22,EN22,EP22,ER22) -> 10 | EU22: Nkire | EV22: 2021 | EW22: =IF(C22=D22,"Y","N") -> Y | EX22: =IF(E22=F22,"Y","N") -> Y | EY22: =IF(G22=H22,"Y","N") -> Y | EZ22: =IF(I22=J22,"Y","N") -> Y | FA22: =IF(K22=L22,"Y","N") -> Y | FB22: =IF(M22=N22,"Y","N") -> Y | FC22: =IF(O22=P22,"Y","N") -> Y | FD22: =IF(Q22=R22,"Y","N") -> Y | FE22: =IF(S22=T22,"Y","N") -> Y | FF22: =IF(U22=V22,"Y","N") -> Y | FG22: =IF(W22=X22,"Y","N") -> Y | FH22: =IF(Y22=Z22,"Y","N") -> Y | FI22: =IF(AA22=AB22,"Y","N") -> Y | FJ22: =IF(AD22=AE22,"Y","N") -> Y | FK22: =IF(AG22=AH22,"Y","N") -> Y | FL22: =IF(AI22=AJ22,"Y","N") -> Y | FM22: =IF(AM22=AN22,"Y","N") -> Y | FN22: =IF(AO22=AP22,"Y","N") -> Y | FO22: =IF(AQ22=AR22,"Y","N") -> Y | FP22: =IF(AY22=AZ22,"Y","N") -> Y | FQ22: =IF(BA22=BB22,"Y","N") -> Y | FR22: =IF(BC22=BD22,"Y","N") -> Y | FS22: =IF(BE22=BF22,"Y","N") -> Y | FT22: =IF(BG22=BH22,"Y","N") -> Y | FU22: =IF(BI22=BJ22,"Y","N") -> Y | FV22: =IF(BK22=BL22,"Y","N") -> Y | FW22: =IF(BM22=BN22,"Y","N") -> Y | FX22: =IF(BO22=BP22,"Y","N") -> Y | FY22: =IF(BQ22=BR22,"Y","N") -> Y | FZ22: =IF(BS22=BT22,"Y","N") -> Y | GA22: =IF(BU22=BV22,"Y","N") -> Y | GB22: =IF(BW22=BX22,"Y","N") -> Y | GC22: =IF(BY22=BZ22,"Y","N") -> Y | GD22: =IF(CA22=CB22,"Y","N") -> Y | GE22: =IF(CC22=CD22,"Y","N") -> Y | GF22: =IF(CE22=CF22,"Y","N") -> Y | GG22: =IF(CG22=CH22, "Y", "N") -> Y | GH22: =IF(CI22=CJ22, "Y", "N") -> Y | GI22: =IF(CK22=CL22,"Y","N") -> Y | GJ22: =IF(CM22=CN22,"Y","N") -> Y | GK22: =IF(CO22=CP22,"Y","N") -> Y | GL22: =IF(CQ22=CR22,"Y","N") -> Y | GM22: =IF(CS22=CT22,"Y","N") -> Y | GN22: =IF(CU22=CV22,"Y","N") -> Y | GO22: =IF(CW22=CX22,"Y","N") -> Y | GP22: =IF(CY22=CZ22,"Y","N") -> Y | GQ22: =IF(DA22=DB22,"Y","N") -> Y | GR22: =IF(DC22=DD22,"Y","N") -> Y | GS22: =IF(DE22=DF22,"Y","N") -> Y | GT22: =IF(DG22=DH22,"Y","N") -> Y | GU22: =IF(DI22=DJ22,"Y","N") -> Y | GV22: =IF(DK22=DL22,"Y","N") -> Y | GW22: =IF(DM22=DN22,"Y","N") -> Y | GX22: =IF(DO22=DP22,"Y","N") -> Y | GY22: =IF(DQ22=DR22,"Y","N") -> Y | GZ22: =IF(DY22=DZ22,"Y","N") -> Y | HA22: =IF(EA22=EB22,"Y","N") -> Y | HB22: =IF(EC22=ED22,"Y","N") -> Y | HC22: =IF(EE22=EF22,"Y","N") -> Y | HD22: =IF(EG22=EH22,"Y","N") -> Y | HE22: =IF(EI22=EJ22,"Y","N") -> Y | HF22: =IF(EK22=EL22,"Y","N") -> Y | HG22: =IF(EM22=EN22,"Y","N") -> Y | HH22: =IF(EO22=EP22,"Y","N") -> Y | HI22: =IF(EQ22=ER22,"Y","N") -> Y | HJ22: =IF(ES22=ET22,"Y","N") -> Y | HK22: 1 | HL22: 1
A23: Okewole | B23: 2016 | C23: 204 | D23: 204 | E23: 202 | F23: 202 | G23: NS | H23: NS | I23: NS | J23: NS | K23: 15.9 | L23: 15.9 | M23: 364 | N23: 364 | O23: NS | P23: NS | Q23: NS | R23: NS | S23: 45 | T23: 45 | U23: 0 | V23: 0 | W23: 409 | X23: 409 | Y23: 0 | Z23: 0 | AA23: 0 | AB23: 0 | AC23: inpat_psych | AD23: Nigeria | AE23: Nigeria | AF23: afri | AG23: yes | AH23: yes | AI23: no | AJ23: no | AK23: NS | AL23: NS | AM23: NS | AN23: NS | AO23: NS | AP23: NS | AQ23: NS | AR23: NS | AT23: NS | AU23: NS | AV23: NS | AW23: NS | AX23: NS | AY23: 409 | AZ23: 409 | BA23: 32 | BB23: 32 | BC23: multiple | BD23: multiple | BE23: =SUM(BI23,BK23,BQ23,BS23,BU23,BW23,BY23,CA23,CC23,CE23,CG23,CI23,CK23,CM23,CO23) -> 32 | BF23: =SUM(BJ23,BL23,BR23,BT23,BV23,BX23,BZ23,CB23,CD23,CF23,CH23,CJ23,CL23,CN23,CP23) -> 32 | BG23: =SUM(BM23,BO23) -> 0 | BH23: =SUM(BN23,BP23) -> 0 | BI23: NA | BJ23: NA | BK23: NA | BL23: NA | BM23: NA | BN23: NA | BO23: NA | BP23: NA | BQ23: NA | BR23: NA | BS23: NA | BT23: NA | BU23: NA | BV23: NA | BW23: NA | BX23: NA | BY23: NA | BZ23: NA | CA23: NA | CB23: NA | CC23: NA | CD23: NA | CE23: NA | CF23: NA | CG23: NA | CH23: NA | CI23: NA | CJ23: NA | CK23: NA | CL23: NA | CM23: NA | CN23: NA | CO23: 32 | CP23: 32 | CQ23: NS | CR23: NS | CS23: NS | CT23: NS | CU23: NS | CV23: NS | CW23: NS | CX23: NS | CY23: NS | CZ23: NS | DA23: NS | DB23: NS | DC23: NS | DD23: NS | DE23: all | DF23: all | DG23: yes | DH23: yes | DI23: NS | DJ23: NS | DK23: NS | DL23: NS | DM23: NS | DN23: NS | DO23: NS | DP23: NS | DQ23: NS | DR23: NS | DS23: disorder | DT23: disorder | DU23: Clinical Assessment | DV23: Clinical Assessment | DW23: ICD-10 and DSM-IV | DX23: ICD-10 and DSM-IV | DY23: 1 | DZ23: 1 | EA23: 1 | EB23: 1 | EC23: 1 | ED23: 1 | EE23: 1 | EF23: 1 | EG23: 1 | EH23: 1 | EI23: 0 | EJ23: 0 | EK23: 1 | EL23: 1 | EM23: 1 | EN23: 1 | EO23: 1 | EP23: 1 | EQ23: 1 | ER23: 1 | ES23: =SUM(DY23,EA23,EC23,EE23,EG23,EI23,EK23,EM23,EO23,EQ23) -> 9 | ET23: =SUM(DZ23,EB23,ED23,EF23,EH23,EJ23,EL23,EN23,EP23,ER23) -> 9 | EU23: Okewole | EV23: 2016 | EW23: =IF(C23=D23,"Y","N") -> Y | EX23: =IF(E23=F23,"Y","N") -> Y | EY23: =IF(G23=H23,"Y","N") -> Y | EZ23: =IF(I23=J23,"Y","N") -> Y | FA23: =IF(K23=L23,"Y","N") -> Y | FB23: =IF(M23=N23,"Y","N") -> Y | FC23: =IF(O23=P23,"Y","N") -> Y | FD23: =IF(Q23=R23,"Y","N") -> Y | FE23: =IF(S23=T23,"Y","N") -> Y | FF23: =IF(U23=V23,"Y","N") -> Y | FG23: =IF(W23=X23,"Y","N") -> Y | FH23: =IF(Y23=Z23,"Y","N") -> Y | FI23: =IF(AA23=AB23,"Y","N") -> Y | FJ23: =IF(AD23=AE23,"Y","N") -> Y | FK23: =IF(AG23=AH23,"Y","N") -> Y | FL23: =IF(AI23=AJ23,"Y","N") -> Y | FM23: =IF(AM23=AN23,"Y","N") -> Y | FN23: =IF(AO23=AP23,"Y","N") -> Y | FO23: =IF(AQ23=AR23,"Y","N") -> Y | FP23: =IF(AY23=AZ23,"Y","N") -> Y | FQ23: =IF(BA23=BB23,"Y","N") -> Y | FR23: =IF(BC23=BD23,"Y","N") -> Y | FS23: =IF(BE23=BF23,"Y","N") -> Y | FT23: =IF(BG23=BH23,"Y","N") -> Y | FU23: =IF(BI23=BJ23,"Y","N") -> Y | FV23: =IF(BK23=BL23,"Y","N") -> Y | FW23: =IF(BM23=BN23,"Y","N") -> Y | FX23: =IF(BO23=BP23,"Y","N") -> Y | FY23: =IF(BQ23=BR23,"Y","N") -> Y | FZ23: =IF(BS23=BT23,"Y","N") -> Y | GA23: =IF(BU23=BV23,"Y","N") -> Y | GB23: =IF(BW23=BX23,"Y","N") -> Y | GC23: =IF(BY23=BZ23,"Y","N") -> Y | GD23: =IF(CA23=CB23,"Y","N") -> Y | GE23: =IF(CC23=CD23,"Y","N") -> Y | GF23: =IF(CE23=CF23,"Y","N") -> Y | GG23: =IF(CG23=CH23, "Y", "N") -> Y | GH23: =IF(CI23=CJ23, "Y", "N") -> Y | GI23: =IF(CK23=CL23,"Y","N") -> Y | GJ23: =IF(CM23=CN23,"Y","N") -> Y | GK23: =IF(CO23=CP23,"Y","N") -> Y | GL23: =IF(CQ23=CR23,"Y","N") -> Y | GM23: =IF(CS23=CT23,"Y","N") -> Y | GN23: =IF(CU23=CV23,"Y","N") -> Y | GO23: =IF(CW23=CX23,"Y","N") -> Y | GP23: =IF(CY23=CZ23,"Y","N") -> Y | GQ23: =IF(DA23=DB23,"Y","N") -> Y | GR23: =IF(DC23=DD23,"Y","N") -> Y | GS23: =IF(DE23=DF23,"Y","N") -> Y | GT23: =IF(DG23=DH23,"Y","N") -> Y | GU23: =IF(DI23=DJ23,"Y","N") -> Y | GV23: =IF(DK23=DL23,"Y","N") -> Y | GW23: =IF(DM23=DN23,"Y","N") -> Y | GX23: =IF(DO23=DP23,"Y","N") -> Y | GY23: =IF(DQ23=DR23,"Y","N") -> Y | GZ23: =IF(DY23=DZ23,"Y","N") -> Y | HA23: =IF(EA23=EB23,"Y","N") -> Y | HB23: =IF(EC23=ED23,"Y","N") -> Y | HC23: =IF(EE23=EF23,"Y","N") -> Y | HD23: =IF(EG23=EH23,"Y","N") -> Y | HE23: =IF(EI23=EJ23,"Y","N") -> Y | HF23: =IF(EK23=EL23,"Y","N") -> Y | HG23: =IF(EM23=EN23,"Y","N") -> Y | HH23: =IF(EO23=EP23,"Y","N") -> Y | HI23: =IF(EQ23=ER23,"Y","N") -> Y | HJ23: =IF(ES23=ET23,"Y","N") -> Y | HK23: 1 | HL23: 1
A24: Perala | B24: 2007 | C24: NS | D24: NS | E24: NS | F24: NS | G24: NS | H24: NS | I24: NS | J24: NS | K24: NS | L24: NS | M24: NS | N24: NS | O24: NS | P24: NS | Q24: NS | R24: NS | S24: NS | T24: NS | U24: NS | V24: NS | W24: NS | X24: NS | Y24: 0 | Z24: 0 | AA24: 0 | AB24: 0 | AC24: mixture | AD24: Finland | AE24: Finland | AF24: euro | AG24: no | AH24: no | AI24: yes | AJ24: yes | AK24: no | AL24: no | AM24: NS | AN24: NS | AO24: NS | AP24: NS | AQ24: NS | AR24: NS | AS24: NS | AT24: NS | AU24: NS | AV24: NS | AW24: NS | AX24: NS | AY24: 249 | AZ24: 249 | BA24: 55 | BB24: 55 | BC24: single | BD24: single | BE24: =SUM(BI24,BK24,BQ24,BS24,BU24,BW24,BY24,CA24,CC24,CE24,CG24,CI24,CK24,CM24,CO24) -> 23 | BF24: =SUM(BJ24,BL24,BR24,BT24,BV24,BX24,BZ24,CB24,CD24,CF24,CH24,CJ24,CL24,CN24,CP24) -> 23 | BG24: =SUM(BM24,BO24) -> 33 | BH24: =SUM(BN24,BP24) -> 33 | BI24: NA | BJ24: NA | BK24: NA | BL24: NA | BM24: 33 | BN24: 33 | BO24: NA | BP24: NA | BQ24: NA | BR24: NA | BS24: NA | BT24: NA | BU24: NA | BV24: NA | BW24: NA | BX24: NA | BY24: NA | BZ24: NA | CA24: NA | CB24: NA | CC24: NA | CD24: NA | CE24: NA | CF24: NA | CG24: NA | CH24: NA | CI24: NA | CJ24: NA | CK24: NA | CL24: NA | CM24: NA | CN24: NA | CO24: 23 | CP24: 23 | CQ24: NS | CR24: NS | CS24: NS | CT24: NS | CU24: NS | CV24: NS | CW24: NS | CX24: NS | CY24: NS | CZ24: NS | DA24: NS | DB24: NS | DC24: NS | DD24: NS | DE24: all | DF24: all | DG24: yes | DH24: yes | DI24: all | DJ24: all | DK24: NS | DL24: NS | DM24: NS | DN24: NS | DO24: NS | DP24: NS | DQ24: NS | DR24: NS | DS24: disorder | DT24: disorder | DU24: SCID | DV24: SCID | DW24: DSM-IV | DX24: DSM-IV | DY24: 1 | DZ24: 1 | EA24: 1 | EB24: 1 | EC24: 1 | ED24: 1 | EE24: 1 | EF24: 1 | EG24: 1 | EH24: 1 | EI24: 1 | EJ24: 1 | EK24: 1 | EL24: 1 | EM24: 1 | EN24: 1 | EO24: 1 | EP24: 1 | EQ24: 1 | ER24: 1 | ES24: =SUM(DY24,EA24,EC24,EE24,EG24,EI24,EK24,EM24,EO24,EQ24) -> 10 | ET24: =SUM(DZ24,EB24,ED24,EF24,EH24,EJ24,EL24,EN24,EP24,ER24) -> 10 | EU24: Perala | EV24: 2007 | EW24: =IF(C24=D24,"Y","N") -> Y | EX24: =IF(E24=F24,"Y","N") -> Y | EY24: =IF(G24=H24,"Y","N") -> Y | EZ24: =IF(I24=J24,"Y","N") -> Y | FA24: =IF(K24=L24,"Y","N") -> Y | FB24: =IF(M24=N24,"Y","N") -> Y | FC24: =IF(O24=P24,"Y","N") -> Y | FD24: =IF(Q24=R24,"Y","N") -> Y | FE24: =IF(S24=T24,"Y","N") -> Y | FF24: =IF(U24=V24,"Y","N") -> Y | FG24: =IF(W24=X24,"Y","N") -> Y | FH24: =IF(Y24=Z24,"Y","N") -> Y | FI24: =IF(AA24=AB24,"Y","N") -> Y | FJ24: =IF(AD24=AE24,"Y","N") -> Y | FK24: =IF(AG24=AH24,"Y","N") -> Y | FL24: =IF(AI24=AJ24,"Y","N") -> Y | FM24: =IF(AM24=AN24,"Y","N") -> Y | FN24: =IF(AO24=AP24,"Y","N") -> Y | FO24: =IF(AQ24=AR24,"Y","N") -> Y | FP24: =IF(AY24=AZ24,"Y","N") -> Y | FQ24: =IF(BA24=BB24,"Y","N") -> Y | FR24: =IF(BC24=BD24,"Y","N") -> Y | FS24: =IF(BE24=BF24,"Y","N") -> Y | FT24: =IF(BG24=BH24,"Y","N") -> Y | FU24: =IF(BI24=BJ24,"Y","N") -> Y | FV24: =IF(BK24=BL24,"Y","N") -> Y | FW24: =IF(BM24=BN24,"Y","N") -> Y | FX24: =IF(BO24=BP24,"Y","N") -> Y | FY24: =IF(BQ24=BR24,"Y","N") -> Y | FZ24: =IF(BS24=BT24,"Y","N") -> Y | GA24: =IF(BU24=BV24,"Y","N") -> Y | GB24: =IF(BW24=BX24,"Y","N") -> Y | GC24: =IF(BY24=BZ24,"Y","N") -> Y | GD24: =IF(CA24=CB24,"Y","N") -> Y | GE24: =IF(CC24=CD24,"Y","N") -> Y | GF24: =IF(CE24=CF24,"Y","N") -> Y | GG24: =IF(CG24=CH24, "Y", "N") -> Y | GH24: =IF(CI24=CJ24, "Y", "N") -> Y | GI24: =IF(CK24=CL24,"Y","N") -> Y | GJ24: =IF(CM24=CN24,"Y","N") -> Y | GK24: =IF(CO24=CP24,"Y","N") -> Y | GL24: =IF(CQ24=CR24,"Y","N") -> Y | GM24: =IF(CS24=CT24,"Y","N") -> Y | GN24: =IF(CU24=CV24,"Y","N") -> Y | GO24: =IF(CW24=CX24,"Y","N") -> Y | GP24: =IF(CY24=CZ24,"Y","N") -> Y | GQ24: =IF(DA24=DB24,"Y","N") -> Y | GR24: =IF(DC24=DD24,"Y","N") -> Y | GS24: =IF(DE24=DF24,"Y","N") -> Y | GT24: =IF(DG24=DH24,"Y","N") -> Y | GU24: =IF(DI24=DJ24,"Y","N") -> Y | GV24: =IF(DK24=DL24,"Y","N") -> Y | GW24: =IF(DM24=DN24,"Y","N") -> Y | GX24: =IF(DO24=DP24,"Y","N") -> Y | GY24: =IF(DQ24=DR24,"Y","N") -> Y | GZ24: =IF(DY24=DZ24,"Y","N") -> Y | HA24: =IF(EA24=EB24,"Y","N") -> Y | HB24: =IF(EC24=ED24,"Y","N") -> Y | HC24: =IF(EE24=EF24,"Y","N") -> Y | HD24: =IF(EG24=EH24,"Y","N") -> Y | HE24: =IF(EI24=EJ24,"Y","N") -> Y | HF24: =IF(EK24=EL24,"Y","N") -> Y | HG24: =IF(EM24=EN24,"Y","N") -> Y | HH24: =IF(EO24=EP24,"Y","N") -> Y | HI24: =IF(EQ24=ER24,"Y","N") -> Y | HJ24: =IF(ES24=ET24,"Y","N") -> Y | HK24: 1 | HL24: 1
A25: Rattay | B25: 2021 | C25: 88 | D25: 88 | E25: 56 | F25: 56 | G25: NS | H25: NS | I25: NS | J25: NS | K25: Mixed | L25: Mixed | M25: NS | N25: NS | O25: NS | P25: NS | Q25: NS | R25: NS | S25: NS | T25: NS | U25: 0 | V25: 0 | W25: 144 | X25: 144 | Y25: 0 | Z25: 0 | AA25: 0 | AB25: 0 | AC25: inpat_psych | AD25: Germany | AE25: Germany | AF25: euro | AG25: yes | AH25: yes | AI25: no | AJ25: no | AK25: no | AL25: no | AM25: NS | AN25: NS | AO25: NS | AP25: NS | AQ25: NS | AR25: NS | AT25: NS | AV25: NS | AX25: NS | AY25: 144 | AZ25: 144 | BA25: 17 | BB25: 17 | BC25: multiple | BD25: multiple | BE25: =SUM(BI25,BK25,BQ25,BS25,BU25,BW25,BY25,CA25,CC25,CE25,CG25,CI25,CK25,CM25,CO25) -> 17 | BF25: =SUM(BJ25,BL25,BR25,BT25,BV25,BX25,BZ25,CB25,CD25,CF25,CH25,CJ25,CL25,CN25,CP25) -> 17 | BG25: =SUM(BM25,BO25) -> 0 | BH25: =SUM(BN25,BP25) -> 0 | BI25: 10 | BJ25: 10 | BK25: 0 | BL25: 0 | BM25: 0 | BN25: 0 | BO25: 0 | BP25: 0 | BQ25: 0 | BR25: 0 | BS25: 1 | BT25: 1 | BU25: 0 | BV25: 0 | BW25: 0 | BX25: 0 | BY25: 2 | BZ25: 2 | CA25: 0 | CB25: 0 | CC25: 2 | CD25: 2 | CE25: 0 | CF25: 0 | CG25: 0 | CH25: 0 | CI25: 0 | CJ25: 0 | CK25: 2 | CL25: 2 | CM25: 0 | CN25: 0 | CO25: 0 | CP25: 0 | CQ25: some | CR25: some | CS25: all | CT25: all | CU25: 0 | CV25: 0 | CW25: some | CX25: some | CY25: all | CZ25: all | DA25: all | DB25: all | DC25: NS | DD25: NS | DE25: all | DF25: all | DG25: NS | DH25: NS | DI25: all | DJ25: all | DK25: NS | DL25: NS | DM25: NS | DN25: NS | DO25: NS | DP25: NS | DQ25: NS | DR25: NS | DS25: symptoms | DT25: symptoms | DU25: Clinical Assessment | DV25: clinical Assessment | DW25: ICD-10 | DX25: ICD-10 | DY25: 1 | DZ25: 1 | EA25: 1 | EB25: 1 | EC25: 1 | ED25: 1 | EE25: 1 | EF25: 1 | EG25: 1 | EH25: 1 | EI25: 1 | EJ25: 1 | EK25: 1 | EL25: 1 | EM25: 1 | EN25: 1 | EO25: 1 | EP25: 1 | EQ25: 1 | ER25: 1 | ES25: =SUM(DY25,EA25,EC25,EE25,EG25,EI25,EK25,EM25,EO25,EQ25) -> 10 | ET25: =SUM(DZ25,EB25,ED25,EF25,EH25,EJ25,EL25,EN25,EP25,ER25) -> 10 | EU25: Rattay | EV25: 2021 | EW25: =IF(C25=D25,"Y","N") -> Y | EX25: =IF(E25=F25,"Y","N") -> Y | EY25: =IF(G25=H25,"Y","N") -> Y | EZ25: =IF(I25=J25,"Y","N") -> Y | FA25: =IF(K25=L25,"Y","N") -> Y | FB25: =IF(M25=N25,"Y","N") -> Y | FC25: =IF(O25=P25,"Y","N") -> Y | FD25: =IF(Q25=R25,"Y","N") -> Y | FE25: =IF(S25=T25,"Y","N") -> Y | FF25: =IF(U25=V25,"Y","N") -> Y | FG25: =IF(W25=X25,"Y","N") -> Y | FH25: =IF(Y25=Z25,"Y","N") -> Y | FI25: =IF(AA25=AB25,"Y","N") -> Y | FJ25: =IF(AD25=AE25,"Y","N") -> Y | FK25: =IF(AG25=AH25,"Y","N") -> Y | FL25: =IF(AI25=AJ25,"Y","N") -> Y | FM25: =IF(AM25=AN25,"Y","N") -> Y | FN25: =IF(AO25=AP25,"Y","N") -> Y | FO25: =IF(AQ25=AR25,"Y","N") -> Y | FP25: =IF(AY25=AZ25,"Y","N") -> Y | FQ25: =IF(BA25=BB25,"Y","N") -> Y | FR25: =IF(BC25=BD25,"Y","N") -> Y | FS25: =IF(BE25=BF25,"Y","N") -> Y | FT25: =IF(BG25=BH25,"Y","N") -> Y | FU25: =IF(BI25=BJ25,"Y","N") -> Y | FV25: =IF(BK25=BL25,"Y","N") -> Y | FW25: =IF(BM25=BN25,"Y","N") -> Y | FX25: =IF(BO25=BP25,"Y","N") -> Y | FY25: =IF(BQ25=BR25,"Y","N") -> Y | FZ25: =IF(BS25=BT25,"Y","N") -> Y | GA25: =IF(BU25=BV25,"Y","N") -> Y | GB25: =IF(BW25=BX25,"Y","N") -> Y | GC25: =IF(BY25=BZ25,"Y","N") -> Y | GD25: =IF(CA25=CB25,"Y","N") -> Y | GE25: =IF(CC25=CD25,"Y","N") -> Y | GF25: =IF(CE25=CF25,"Y","N") -> Y | GG25: =IF(CG25=CH25, "Y", "N") -> Y | GH25: =IF(CI25=CJ25, "Y", "N") -> Y | GI25: =IF(CK25=CL25,"Y","N") -> Y | GJ25: =IF(CM25=CN25,"Y","N") -> Y | GK25: =IF(CO25=CP25,"Y","N") -> Y | GL25: =IF(CQ25=CR25,"Y","N") -> Y | GM25: =IF(CS25=CT25,"Y","N") -> Y | GN25: =IF(CU25=CV25,"Y","N") -> Y | GO25: =IF(CW25=CX25,"Y","N") -> Y | GP25: =IF(CY25=CZ25,"Y","N") -> Y | GQ25: =IF(DA25=DB25,"Y","N") -> Y | GR25: =IF(DC25=DD25,"Y","N") -> Y | GS25: =IF(DE25=DF25,"Y","N") -> Y | GT25: =IF(DG25=DH25,"Y","N") -> Y | GU25: =IF(DI25=DJ25,"Y","N") -> Y | GV25: =IF(DK25=DL25,"Y","N") -> Y | GW25: =IF(DM25=DN25,"Y","N") -> Y | GX25: =IF(DO25=DP25,"Y","N") -> Y | GY25: =IF(DQ25=DR25,"Y","N") -> Y | GZ25: =IF(DY25=DZ25,"Y","N") -> Y | HA25: =IF(EA25=EB25,"Y","N") -> Y | HB25: =IF(EC25=ED25,"Y","N") -> Y | HC25: =IF(EE25=EF25,"Y","N") -> Y | HD25: =IF(EG25=EH25,"Y","N") -> Y | HE25: =IF(EI25=EJ25,"Y","N") -> Y | HF25: =IF(EK25=EL25,"Y","N") -> Y | HG25: =IF(EM25=EN25,"Y","N") -> Y | HH25: =IF(EO25=EP25,"Y","N") -> Y | HI25: =IF(EQ25=ER25,"Y","N") -> Y | HJ25: =IF(ES25=ET25,"Y","N") -> Y
A26: Reay | B26: 2010 | C26: 308 | D26: 308 | E26: 231 | F26: 231 | G26: NS | H26: NS | I26: NS | J26: NS | K26: NS | L26: NS | M26: NS | N26: NS | O26: 534 | P26: 534 | Q26: NS | R26: NS | S26: 5 | T26: 5 | U26: NS | V26: NS | W26: NS | X26: NS | Y26: NS | Z26: NS | AA26: NS | AB26: NS | AC26: mixture | AD26: UK | AE26: UK | AF26: euro | AG26: no | AH26: no | AI26: yes | AJ26: yes | AK26: yes | AL26: yes | AM26: 540 | AN26: 540 | AO26: 0 | AP26: 0 | AQ26: 0 | AR26: 0 | AS26: NS | AT26: NS | AU26: NS | AV26: NS | AW26: NS | AX26: NS | AY26: 540 | AZ26: 540 | BA26: 87 | BB26: 87 | BC26: single | BD26: single | BE26: =SUM(BI26,BK26,BQ26,BS26,BU26,BW26,BY26,CA26,CC26,CE26,CG26,CI26,CK26,CM26,CO26) -> 41 | BF26: =SUM(BJ26,BL26,BR26,BT26,BV26,BX26,BZ26,CB26,CD26,CF26,CH26,CJ26,CL26,CN26,CP26) -> 41 | BG26: =SUM(BM26,BO26) -> 46 | BH26: =SUM(BN26,BP26) -> 46 | BI26: NA | BJ26: NA | BK26: NA | BL26: NA | BM26: 46 | BN26: 46 | BO26: NA | BP26: NA | BQ26: NA | BR26: NA | BS26: NA | BT26: NA | BU26: NA | BV26: NA | BW26: NA | BX26: NA | BY26: NA | BZ26: NA | CA26: NA | CB26: NA | CC26: NA | CD26: NA | CE26: NA | CF26: NA | CG26: NA | CH26: NA | CI26: NA | CJ26: NA | CK26: NA | CL26: NA | CM26: NA | CN26: NA | CO26: 41 | CP26: 41 | CQ26: NS | CR26: NS | CS26: NS | CT26: NS | CU26: NS | CV26: NS | CW26: NS | CX26: NS | CY26: NS | CZ26: NS | DA26: NS | DB26: NS | DC26: NS | DD26: NS | DE26: NS | DF26: NS | DG26: NS | DH26: NS | DI26: NS | DJ26: NS | DK26: NS | DL26: NS | DM26: NS | DN26: NS | DO26: NS | DP26: NS | DQ26: NS | DR26: NS | DS26: disorder | DT26: disorder | DU26: Clinical Assessment | DV26: Clinical Assessment | DW26: ICD-10 | DX26: ICD-10 | DY26: 1 | DZ26: 1 | EA26: 1 | EB26: 1 | EC26: 1 | ED26: 1 | EE26: 0 | EF26: 0 | EG26: 1 | EH26: 1 | EI26: 0 | EJ26: 0 | EK26: 0 | EL26: 0 | EM26: 0 | EN26: 0 | EO26: 1 | EP26: 1 | EQ26: 1 | ER26: 1 | ES26: =SUM(DY26,EA26,EC26,EE26,EG26,EI26,EK26,EM26,EO26,EQ26) -> 6 | ET26: =SUM(DZ26,EB26,ED26,EF26,EH26,EJ26,EL26,EN26,EP26,ER26) -> 6 | EU26: Reay | EV26: 2010 | EW26: =IF(C26=D26,"Y","N") -> Y | EX26: =IF(E26=F26,"Y","N") -> Y | EY26: =IF(G26=H26,"Y","N") -> Y | EZ26: =IF(I26=J26,"Y","N") -> Y | FA26: =IF(K26=L26,"Y","N") -> Y | FB26: =IF(M26=N26,"Y","N") -> Y | FC26: =IF(O26=P26,"Y","N") -> Y | FD26: =IF(Q26=R26,"Y","N") -> Y | FE26: =IF(S26=T26,"Y","N") -> Y | FF26: =IF(U26=V26,"Y","N") -> Y | FG26: =IF(W26=X26,"Y","N") -> Y | FH26: =IF(Y26=Z26,"Y","N") -> Y | FI26: =IF(AA26=AB26,"Y","N") -> Y | FJ26: =IF(AD26=AE26,"Y","N") -> Y | FK26: =IF(AG26=AH26,"Y","N") -> Y | FL26: =IF(AI26=AJ26,"Y","N") -> Y | FM26: =IF(AM26=AN26,"Y","N") -> Y | FN26: =IF(AO26=AP26,"Y","N") -> Y | FO26: =IF(AQ26=AR26,"Y","N") -> Y | FP26: =IF(AY26=AZ26,"Y","N") -> Y | FQ26: =IF(BA26=BB26,"Y","N") -> Y | FR26: =IF(BC26=BD26,"Y","N") -> Y | FS26: =IF(BE26=BF26,"Y","N") -> Y | FT26: =IF(BG26=BH26,"Y","N") -> Y | FU26: =IF(BI26=BJ26,"Y","N") -> Y | FV26: =IF(BK26=BL26,"Y","N") -> Y | FW26: =IF(BM26=BN26,"Y","N") -> Y | FX26: =IF(BO26=BP26,"Y","N") -> Y | FY26: =IF(BQ26=BR26,"Y","N") -> Y | FZ26: =IF(BS26=BT26,"Y","N") -> Y | GA26: =IF(BU26=BV26,"Y","N") -> Y | GB26: =IF(BW26=BX26,"Y","N") -> Y | GC26: =IF(BY26=BZ26,"Y","N") -> Y | GD26: =IF(CA26=CB26,"Y","N") -> Y | GE26: =IF(CC26=CD26,"Y","N") -> Y | GF26: =IF(CE26=CF26,"Y","N") -> Y | GG26: =IF(CG26=CH26, "Y", "N") -> Y | GH26: =IF(CI26=CJ26, "Y", "N") -> Y | GI26: =IF(CK26=CL26,"Y","N") -> Y | GJ26: =IF(CM26=CN26,"Y","N") -> Y | GK26: =IF(CO26=CP26,"Y","N") -> Y | GL26: =IF(CQ26=CR26,"Y","N") -> Y | GM26: =IF(CS26=CT26,"Y","N") -> Y | GN26: =IF(CU26=CV26,"Y","N") -> Y | GO26: =IF(CW26=CX26,"Y","N") -> Y | GP26: =IF(CY26=CZ26,"Y","N") -> Y | GQ26: =IF(DA26=DB26,"Y","N") -> Y | GR26: =IF(DC26=DD26,"Y","N") -> Y | GS26: =IF(DE26=DF26,"Y","N") -> Y | GT26: =IF(DG26=DH26,"Y","N") -> Y | GU26: =IF(DI26=DJ26,"Y","N") -> Y | GV26: =IF(DK26=DL26,"Y","N") -> Y | GW26: =IF(DM26=DN26,"Y","N") -> Y | GX26: =IF(DO26=DP26,"Y","N") -> Y | GY26: =IF(DQ26=DR26,"Y","N") -> Y | GZ26: =IF(DY26=DZ26,"Y","N") -> Y | HA26: =IF(EA26=EB26,"Y","N") -> Y | HB26: =IF(EC26=ED26,"Y","N") -> Y | HC26: =IF(EE26=EF26,"Y","N") -> Y | HD26: =IF(EG26=EH26,"Y","N") -> Y | HE26: =IF(EI26=EJ26,"Y","N") -> Y | HF26: =IF(EK26=EL26,"Y","N") -> Y | HG26: =IF(EM26=EN26,"Y","N") -> Y | HH26: =IF(EO26=EP26,"Y","N") -> Y | HI26: =IF(EQ26=ER26,"Y","N") -> Y | HJ26: =IF(ES26=ET26,"Y","N") -> Y | HK26: 1 | HL26: 1
A27: Schanzer | B27: 2006 | C27: 214 | D27: 214 | E27: 88 | F27: 88 | G27: NS | H27: NS | I27: NS | J27: NS | K27: 28.5 | L27: 28.5 | M27: 148 | N27: 148 | O27: NS | P27: NS | Q27: 0 | R27: 0 | S27: 154 | T27: 154 | U27: 302 | V27: 302 | W27: 0 | X27: 0 | Y27: 0 | Z27: 0 | AA27: 0 | AB27: 0 | AC27: gen_hospital | AD27: USA | AE27: USA | AF27: n_am | AG27: no | AH27: no | AI27: yes | AJ27: yes | AK27: yes | AL27: yes | AM27: 302 | AN27: 302 | AO27: 0 | AP27: 0 | AQ27: 0 | AR27: 0 | AS27: NS | AT27: NS | AU27: NS | AV27: NS | AW27: NS | AX27: NS | AY27: 302 | AZ27: 302 | BA27: 53 | BB27: 53 | BC27: single | BD27: single | BE27: =SUM(BI27,BK27,BQ27,BS27,BU27,BW27,BY27,CA27,CC27,CE27,CG27,CI27,CK27,CM27,CO27) -> 0 | BF27: =SUM(BJ27,BL27,BR27,BT27,BV27,BX27,BZ27,CB27,CD27,CF27,CH27,CJ27,CL27,CN27,CP27) -> 0 | BG27: =SUM(BM27,BO27) -> 53 | BH27: =SUM(BN27,BP27) -> 53 | BI27: NA | BJ27: NA | BK27: NA | BL27: NA | BM27: 53 | BN27: 53 | BO27: NA | BP27: NA | BQ27: NA | BR27: NA | BS27: NA | BT27: NA | BU27: NA | BV27: NA | BW27: NA | BX27: NA | BY27: NA | BZ27: NA | CA27: NA | CB27: NA | CC27: NA | CD27: NA | CE27: NA | CF27: NA | CG27: NA | CH27: NA | CI27: NA | CJ27: NA | CK27: NA | CL27: NA | CM27: NA | CN27: NA | CO27: NA | CP27: NA | CQ27: NS | CR27: NS | CS27: NS | CT27: NS | CU27: NS | CV27: NS | CW27: NS | CX27: NS | CY27: NS | CZ27: NS | DA27: NS | DB27: NS | DC27: all | DD27: all | DE27: all | DF27: all | DG27: yes | DH27: yes | DI27: yes | DJ27: yes | DK27: NS | DL27: NS | DM27: NS | DN27: NS | DO27: NS | DP27: NS | DQ27: NS | DR27: NS | DS27: disorder | DT27: disorder | DU27: PRISM | DV27: PRISM | DW27: DSM-IV | DX27: DSM-IV | DY27: 1 | DZ27: 1 | EA27: 0 | EB27: 0 | EC27: 1 | ED27: 1 | EE27: 1 | EF27: 1 | EG27: 1 | EH27: 1 | EI27: 1 | EJ27: 1 | EK27: 1 | EL27: 1 | EM27: 1 | EN27: 1 | EO27: 1 | EP27: 1 | EQ27: 1 | ER27: 1 | ES27: 9 | ET27: 9 | EW27: =IF(C27=D27,"Y","N") -> Y | EX27: =IF(E27=F27,"Y","N") -> Y | EY27: =IF(G27=H27,"Y","N") -> Y | EZ27: =IF(I27=J27,"Y","N") -> Y | FA27: =IF(K27=L27,"Y","N") -> Y | FB27: =IF(M27=N27,"Y","N") -> Y | FC27: =IF(O27=P27,"Y","N") -> Y | FD27: =IF(Q27=R27,"Y","N") -> Y | FE27: =IF(S27=T27,"Y","N") -> Y | FF27: =IF(U27=V27,"Y","N") -> Y | FG27: =IF(W27=X27,"Y","N") -> Y | FH27: =IF(Y27=Z27,"Y","N") -> Y | FI27: =IF(AA27=AB27,"Y","N") -> Y | FJ27: =IF(AD27=AE27,"Y","N") -> Y | FK27: =IF(AG27=AH27,"Y","N") -> Y | FL27: =IF(AI27=AJ27,"Y","N") -> Y | FM27: =IF(AM27=AN27,"Y","N") -> Y | FN27: =IF(AO27=AP27,"Y","N") -> Y | FO27: =IF(AQ27=AR27,"Y","N") -> Y | FP27: =IF(AY27=AZ27,"Y","N") -> Y | FQ27: =IF(BA27=BB27,"Y","N") -> Y | FR27: =IF(BC27=BD27,"Y","N") -> Y | FS27: =IF(BE27=BF27,"Y","N") -> Y | FT27: =IF(BG27=BH27,"Y","N") -> Y | FU27: =IF(BI27=BJ27,"Y","N") -> Y | FV27: =IF(BK27=BL27,"Y","N") -> Y | FW27: =IF(BM27=BN27,"Y","N") -> Y | FX27: =IF(BO27=BP27,"Y","N") -> Y | FY27: =IF(BQ27=BR27,"Y","N") -> Y | FZ27: =IF(BS27=BT27,"Y","N") -> Y | GA27: =IF(BU27=BV27,"Y","N") -> Y | GB27: =IF(BW27=BX27,"Y","N") -> Y | GC27: =IF(BY27=BZ27,"Y","N") -> Y | GD27: =IF(CA27=CB27,"Y","N") -> Y | GE27: =IF(CC27=CD27,"Y","N") -> Y | GF27: =IF(CE27=CF27,"Y","N") -> Y | GG27: =IF(CG27=CH27, "Y", "N") -> Y | GH27: =IF(CI27=CJ27, "Y", "N") -> Y | GI27: =IF(CK27=CL27,"Y","N") -> Y | GJ27: =IF(CM27=CN27,"Y","N") -> Y | GK27: =IF(CO27=CP27,"Y","N") -> Y | GL27: =IF(CQ27=CR27,"Y","N") -> Y | GM27: =IF(CS27=CT27,"Y","N") -> Y | GN27: =IF(CU27=CV27,"Y","N") -> Y | GO27: =IF(CW27=CX27,"Y","N") -> Y | GP27: =IF(CY27=CZ27,"Y","N") -> Y | GQ27: =IF(DA27=DB27,"Y","N") -> Y | GR27: =IF(DC27=DD27,"Y","N") -> Y | GS27: =IF(DE27=DF27,"Y","N") -> Y | GT27: =IF(DG27=DH27,"Y","N") -> Y | GU27: =IF(DI27=DJ27,"Y","N") -> Y | GV27: =IF(DK27=DL27,"Y","N") -> Y | GW27: =IF(DM27=DN27,"Y","N") -> Y | GX27: =IF(DO27=DP27,"Y","N") -> Y | GY27: =IF(DQ27=DR27,"Y","N") -> Y | GZ27: =IF(DY27=DZ27,"Y","N") -> Y | HA27: =IF(EA27=EB27,"Y","N") -> Y | HB27: =IF(EC27=ED27,"Y","N") -> Y | HC27: =IF(EE27=EF27,"Y","N") -> Y | HD27: =IF(EG27=EH27,"Y","N") -> Y | HE27: =IF(EI27=EJ27,"Y","N") -> Y | HF27: =IF(EK27=EL27,"Y","N") -> Y | HG27: =IF(EM27=EN27,"Y","N") -> Y | HH27: =IF(EO27=EP27,"Y","N") -> Y | HI27: =IF(EQ27=ER27,"Y","N") -> Y | HJ27: =IF(ES27=ET27,"Y","N") -> Y
A28: Scott | B28: 2018 | C28: 66 | D28: 66 | E28: 47 | F28: 47 | G28: NS | H28: NS | I28: NS | J28: NS | K28: 26.2 | L28: 26.2 | M28: NS | N28: NS | O28: NS | P28: NS | Q28: NS | R28: NS | S28: NS | T28: NS | U28: 0 | V28: 0 | W28: 113 | X28: 113 | Y28: 0 | Z28: 0 | AA28: 0 | AB28: 0 | AC28: inpat_psych | AD28: Australia | AE28: Australia | AF28: aus | AG28: No | AH28: no | AI28: yes | AJ28: yes | AK28: yes | AL28: yes | AM28: 113 | AN28: 113 | AO28: 0 | AP28: 0 | AQ28: 0 | AR28: 0 | AS28: 30 | AT28: 30 | AU28: NS | AV28: NS | AW28: NS | AX28: NS | AY28: 113 | AZ28: 113 | BA28: 24 | BB28: 24 | BC28: multiple | BD28: multiple | BE28: =SUM(BI28,BK28,BQ28,BS28,BU28,BW28,BY28,CA28,CC28,CE28,CG28,CI28,CK28,CM28,CO28) -> 6 | BF28: =SUM(BJ28,BL28,BR28,BT28,BV28,BX28,BZ28,CB28,CD28,CF28,CH28,CJ28,CL28,CN28,CP28) -> 6 | BG28: =SUM(BM28,BO28) -> 18 | BH28: =SUM(BN28,BP28) -> 18 | BI28: 6 | BJ28: 6 | BK28: 0 | BL28: 0 | BM28: 18 | BN28: 18 | BO28: 0 | BP28: 0 | BQ28: 0 | BR28: 0 | BS28: 0 | BT28: 0 | BU28: 0 | BV28: 0 | BW28: 0 | BX28: 0 | BY28: 0 | BZ28: 0 | CA28: 0 | CB28: 0 | CC28: 0 | CD28: 0 | CE28: 0 | CF28: 0 | CG28: 0 | CH28: 0 | CI28: 0 | CJ28: 0 | CK28: 0 | CL28: 0 | CM28: 0 | CN28: 0 | CO28: 0 | CP28: 0 | CQ28: Yes - NS | CR28: Yes - NS | CS28: Yes - NS | CT28: Yes - NS | CU28: NS | CV28: NS | CW28: yes - NS | CX28: yes - NS | CY28: Yes - NS | CZ28: Yes - NS | DA28: All | DB28: All | DC28: NS | DD28: NS | DE28: All | DF28: All | DG28: NS | DH28: NS | DI28: NS | DJ28: NS | DK28: NS | DL28: NS | DM28: NS | DN28: NS | DO28: Radioimmunoassay | DP28: Radioimmunoassay | DQ28: NS | DR28: NS | DS28: disorder | DT28: disorder | DU28: NS | DV28: NS | DW28: ICD-10 | DX28: ICD-10 | DY28: 1 | DZ28: 1 | EA28: 1 | EB28: 1 | EC28: 1 | ED28: 1 | EE28: 1 | EF28: 1 | EG28: 1 | EH28: 1 | EI28: 1 | EJ28: 1 | EK28: 1 | EL28: 1 | EM28: 1 | EN28: 1 | EO28: 1 | EP28: 1 | EQ28: 1 | ER28: 1 | ES28: 10 | ET28: 10 | EW28: =IF(C28=D28,"Y","N") -> Y | EX28: =IF(E28=F28,"Y","N") -> Y | EY28: =IF(G28=H28,"Y","N") -> Y | EZ28: =IF(I28=J28,"Y","N") -> Y | FA28: =IF(K28=L28,"Y","N") -> Y | FB28: =IF(M28=N28,"Y","N") -> Y | FC28: =IF(O28=P28,"Y","N") -> Y | FD28: =IF(Q28=R28,"Y","N") -> Y | FE28: =IF(S28=T28,"Y","N") -> Y | FF28: =IF(U28=V28,"Y","N") -> Y | FG28: =IF(W28=X28,"Y","N") -> Y | FH28: =IF(Y28=Z28,"Y","N") -> Y | FI28: =IF(AA28=AB28,"Y","N") -> Y | FJ28: =IF(AD28=AE28,"Y","N") -> Y | FK28: =IF(AG28=AH28,"Y","N") -> Y | FL28: =IF(AI28=AJ28,"Y","N") -> Y | FM28: =IF(AM28=AN28,"Y","N") -> Y | FN28: =IF(AO28=AP28,"Y","N") -> Y | FO28: =IF(AQ28=AR28,"Y","N") -> Y | FP28: =IF(AY28=AZ28,"Y","N") -> Y | FQ28: =IF(BA28=BB28,"Y","N") -> Y | FR28: =IF(BC28=BD28,"Y","N") -> Y | FS28: =IF(BE28=BF28,"Y","N") -> Y | FT28: =IF(BG28=BH28,"Y","N") -> Y | FU28: =IF(BI28=BJ28,"Y","N") -> Y | FV28: =IF(BK28=BL28,"Y","N") -> Y | FW28: =IF(BM28=BN28,"Y","N") -> Y | FX28: =IF(BO28=BP28,"Y","N") -> Y | FY28: =IF(BQ28=BR28,"Y","N") -> Y | FZ28: =IF(BS28=BT28,"Y","N") -> Y | GA28: =IF(BU28=BV28,"Y","N") -> Y | GB28: =IF(BW28=BX28,"Y","N") -> Y | GC28: =IF(BY28=BZ28,"Y","N") -> Y | GD28: =IF(CA28=CB28,"Y","N") -> Y | GE28: =IF(CC28=CD28,"Y","N") -> Y | GF28: =IF(CE28=CF28,"Y","N") -> Y | GG28: =IF(CG28=CH28, "Y", "N") -> Y | GH28: =IF(CI28=CJ28, "Y", "N") -> Y | GI28: =IF(CK28=CL28,"Y","N") -> Y | GJ28: =IF(CM28=CN28,"Y","N") -> Y | GK28: =IF(CO28=CP28,"Y","N") -> Y | GL28: =IF(CQ28=CR28,"Y","N") -> Y | GM28: =IF(CS28=CT28,"Y","N") -> Y | GN28: =IF(CU28=CV28,"Y","N") -> Y | GO28: =IF(CW28=CX28,"Y","N") -> Y | GP28: =IF(CY28=CZ28,"Y","N") -> Y | GQ28: =IF(DA28=DB28,"Y","N") -> Y | GR28: =IF(DC28=DD28,"Y","N") -> Y | GS28: =IF(DE28=DF28,"Y","N") -> Y | GT28: =IF(DG28=DH28,"Y","N") -> Y | GU28: =IF(DI28=DJ28,"Y","N") -> Y | GV28: =IF(DK28=DL28,"Y","N") -> Y | GW28: =IF(DM28=DN28,"Y","N") -> Y | GX28: =IF(DO28=DP28,"Y","N") -> Y | GY28: =IF(DQ28=DR28,"Y","N") -> Y | GZ28: =IF(DY28=DZ28,"Y","N") -> Y | HA28: =IF(EA28=EB28,"Y","N") -> Y | HB28: =IF(EC28=ED28,"Y","N") -> Y | HC28: =IF(EE28=EF28,"Y","N") -> Y | HD28: =IF(EG28=EH28,"Y","N") -> Y | HE28: =IF(EI28=EJ28,"Y","N") -> Y | HF28: =IF(EK28=EL28,"Y","N") -> Y | HG28: =IF(EM28=EN28,"Y","N") -> Y | HH28: =IF(EO28=EP28,"Y","N") -> Y | HI28: =IF(EQ28=ER28,"Y","N") -> Y | HJ28: =IF(ES28=ET28,"Y","N") -> Y
A29: Solomons | B29: 1990 | C29: 100 | D29: 100 | E29: 0 | F29: 0 | G29: NS | H29: NS | I29: NS | J29: NS | K29: 28.2 | L29: 28.2 | M29: 100 | N29: 100 | O29: 0 | P29: 0 | Q29: 0 | R29: 0 | S29: 0 | T29: 0 | U29: 0 | V29: 0 | W29: 100 | X29: 100 | Y29: 0 | Z29: 0 | AA29: 0 | AB29: 0 | AC29: inpat_psych | AD29: South Africa | AE29: South Africa | AF29: afri | AG29: no | AH29: no | AI29: yes | AJ29: yes | AK29: no | AL29: no | AM29: NS | AN29: NS | AO29: NS | AP29: NS | AQ29: NS | AR29: NS | AS29: NS | AT29: NS | AU29: NS | AV29: NS | AW29: NS | AX29: NS | AY29: 70 | AZ29: 70 | BA29: 42 | BB29: 42 | BC29: multiple | BD29: multiple | BE29: =SUM(BI29,BK29,BQ29,BS29,BU29,BW29,BY29,CA29,CC29,CE29,CG29,CI29,CK29,CM29,CO29) -> 0 | BF29: =SUM(BJ29,BL29,BR29,BT29,BV29,BX29,BZ29,CB29,CD29,CF29,CH29,CJ29,CL29,CN29,CP29) -> 0 | BG29: =SUM(BM29,BO29) -> 42 | BH29: =SUM(BN29,BP29) -> 42 | BI29: NA | BJ29: NA | BK29: NA | BL29: NA | BM29: 42 | BN29: 42 | BO29: NA | BP29: NA | BQ29: NA | BR29: NA | BS29: NA | BT29: NA | BU29: NA | BV29: NA | BW29: NA | BX29: NA | BY29: NA | BZ29: NA | CA29: NA | CB29: NA | CC29: NA | CD29: NA | CE29: NA | CF29: NA | CG29: NA | CH29: NA | CI29: NA | CJ29: NA | CK29: NA | CL29: NA | CM29: NA | CN29: NA | CO29: NA | CP29: NA | CQ29: 0 | CR29: 0 | CS29: 0 | CT29: 0 | CU29: 0 | CV29: 0 | CW29: some | CX29: some | CY29: 0 | CZ29: 0 | DA29: 0 | DB29: 0 | DC29: all | DD29: all | DE29: all | DF29: all | DG29: NS | DH29: NS | DI29: NS | DJ29: NS | DK29: NS | DL29: NS | DM29: NS | DN29: NS | DO29: NS | DP29: NS | DQ29: NS | DR29: NS | DS29: disorder | DT29: disorder | DU29: BPRS | DV29: BPRS | DW29: DSM-III | DX29: DSM-III | DY29: 0 | DZ29: 0 | EA29: 1 | EB29: 1 | EC29: 1 | ED29: 1 | EE29: 1 | EF29: 1 | EG29: 1 | EH29: 1 | EI29: 1 | EJ29: 1 | EK29: 1 | EL29: 1 | EM29: 1 | EN29: 1 | EO29: 0 | EP29: 0 | EQ29: 1 | ER29: 1 | ES29: =SUM(DY29,EA29,EC29,EE29,EG29,EI29,EK29,EM29,EO29,EQ29) -> 8 | ET29: =SUM(DZ29,EB29,ED29,EF29,EH29,EJ29,EL29,EN29,EP29,ER29) -> 8 | EU29: Solomons | EV29: 1990 | EW29: =IF(C29=D29,"Y","N") -> Y | EX29: =IF(E29=F29,"Y","N") -> Y | EY29: =IF(G29=H29,"Y","N") -> Y | EZ29: =IF(I29=J29,"Y","N") -> Y | FA29: =IF(K29=L29,"Y","N") -> Y | FB29: =IF(M29=N29,"Y","N") -> Y | FC29: =IF(O29=P29,"Y","N") -> Y | FD29: =IF(Q29=R29,"Y","N") -> Y | FE29: =IF(S29=T29,"Y","N") -> Y | FF29: =IF(U29=V29,"Y","N") -> Y | FG29: =IF(W29=X29,"Y","N") -> Y | FH29: =IF(Y29=Z29,"Y","N") -> Y | FI29: =IF(AA29=AB29,"Y","N") -> Y | FJ29: =IF(AD29=AE29,"Y","N") -> Y | FK29: =IF(AG29=AH29,"Y","N") -> Y | FL29: =IF(AI29=AJ29,"Y","N") -> Y | FM29: =IF(AM29=AN29,"Y","N") -> Y | FN29: =IF(AO29=AP29,"Y","N") -> Y | FO29: =IF(AQ29=AR29,"Y","N") -> Y | FP29: =IF(AY29=AZ29,"Y","N") -> Y | FQ29: =IF(BA29=BB29,"Y","N") -> Y | FR29: =IF(BC29=BD29,"Y","N") -> Y | FS29: =IF(BE29=BF29,"Y","N") -> Y | FT29: =IF(BG29=BH29,"Y","N") -> Y | FU29: =IF(BI29=BJ29,"Y","N") -> Y | FV29: =IF(BK29=BL29,"Y","N") -> Y | FW29: =IF(BM29=BN29,"Y","N") -> Y | FX29: =IF(BO29=BP29,"Y","N") -> Y | FY29: =IF(BQ29=BR29,"Y","N") -> Y | FZ29: =IF(BS29=BT29,"Y","N") -> Y | GA29: =IF(BU29=BV29,"Y","N") -> Y | GB29: =IF(BW29=BX29,"Y","N") -> Y | GC29: =IF(BY29=BZ29,"Y","N") -> Y | GD29: =IF(CA29=CB29,"Y","N") -> Y | GE29: =IF(CC29=CD29,"Y","N") -> Y | GF29: =IF(CE29=CF29,"Y","N") -> Y | GG29: =IF(CG29=CH29, "Y", "N") -> Y | GH29: =IF(CI29=CJ29, "Y", "N") -> Y | GI29: =IF(CK29=CL29,"Y","N") -> Y | GJ29: =IF(CM29=CN29,"Y","N") -> Y | GK29: =IF(CO29=CP29,"Y","N") -> Y | GL29: =IF(CQ29=CR29,"Y","N") -> Y | GM29: =IF(CS29=CT29,"Y","N") -> Y | GN29: =IF(CU29=CV29,"Y","N") -> Y | GO29: =IF(CW29=CX29,"Y","N") -> Y | GP29: =IF(CY29=CZ29,"Y","N") -> Y | GQ29: =IF(DA29=DB29,"Y","N") -> Y | GR29: =IF(DC29=DD29,"Y","N") -> Y | GS29: =IF(DE29=DF29,"Y","N") -> Y | GT29: =IF(DG29=DH29,"Y","N") -> Y | GU29: =IF(DI29=DJ29,"Y","N") -> Y | GV29: =IF(DK29=DL29,"Y","N") -> Y | GW29: =IF(DM29=DN29,"Y","N") -> Y | GX29: =IF(DO29=DP29,"Y","N") -> Y | GY29: =IF(DQ29=DR29,"Y","N") -> Y | GZ29: =IF(DY29=DZ29,"Y","N") -> Y | HA29: =IF(EA29=EB29,"Y","N") -> Y | HB29: =IF(EC29=ED29,"Y","N") -> Y | HC29: =IF(EE29=EF29,"Y","N") -> Y | HD29: =IF(EG29=EH29,"Y","N") -> Y | HE29: =IF(EI29=EJ29,"Y","N") -> Y | HF29: =IF(EK29=EL29,"Y","N") -> Y | HG29: =IF(EM29=EN29,"Y","N") -> Y | HH29: =IF(EO29=EP29,"Y","N") -> Y | HI29: =IF(EQ29=ER29,"Y","N") -> Y | HJ29: =IF(ES29=ET29,"Y","N") -> Y
A30: Spies | B30: 2022 | C30: 448 | D30: 448 | E30: 463 | F30: 463 | G30: NS | H30: NS | I30: NS | J30: NS | K30: Mixed | L30: Mixed | M30: NS | N30: NS | O30: NS | P30: NS | Q30: NS | R30: NS | S30: NS | T30: NS | U30: 0 | V30: 0 | W30: 911 | X30: 911 | Y30: 0 | Z30: 0 | AA30: 0 | AB30: 0 | AC30: inpat_psych | AD30: Australia | AE30: Australia | AF30: aus | AG30: yes | AH30: yes | AI30: no | AJ30: no | AK30: no | AL30: no | AM30: NS | AN30: NS | AO30: NS | AP30: NS | AQ30: NS | AR30: NS | AS30: NS | AT30: NS | AU30: NS | AV30: NS | AW30: NS | AX30: NS | AY30: 911 | AZ30: 911 | BA30: 2 | BB30: 2 | BC30: single | BD30: single | BE30: =SUM(BI30,BK30,BQ30,BS30,BU30,BW30,BY30,CA30,CC30,CE30,CG30,CI30,CK30,CM30,CO30) -> 2 | BF30: =SUM(BJ30,BL30,BR30,BT30,BV30,BX30,BZ30,CB30,CD30,CF30,CH30,CJ30,CL30,CN30,CP30) -> 2 | BG30: =SUM(BM30,BO30) -> 0 | BH30: =SUM(BN30,BP30) -> 0 | BI30: 2 | BJ30: 2 | BK30: NA | BL30: NA | BM30: NA | BN30: NA | BO30: NA | BP30: NA | BQ30: NA | BR30: NA | BS30: NA | BT30: NA | BU30: NA | BV30: NA | BW30: NA | BX30: NA | BY30: NA | BZ30: NA | CA30: NA | CB30: NA | CC30: NA | CD30: NA | CE30: NA | CF30: NA | CG30: NA | CH30: NA | CI30: NA | CJ30: NA | CK30: NA | CL30: NA | CM30: NA | CN30: NA | CO30: NA | CP30: NA | CQ30: some | CR30: some | CS30: some | CT30: some | CU30: some | CV30: some | CW30: NS | CX30: NS | CY30: NS | CZ30: NS | DA30: all | DB30: all | DC30: NS | DD30: NS | DE30: all | DF30: all | DG30: NS | DH30: NS | DI30: NS | DJ30: NS | DK30: NS | DL30: NS | DM30: NS | DN30: NS | DO30: NS | DP30: NS | DQ30: NS | DR30: NS | DS30: disorder | DT30: disorder | DU30: NS | DV30: NS | DW30: ICD-10 | DX30: ICD-10 | DY30: 1 | DZ30: 1 | EA30: 0 | EB30: 0 | EC30: 1 | ED30: 1 | EE30: 1 | EF30: 1 | EG30: 1 | EH30: 1 | EI30: 1 | EJ30: 1 | EK30: 1 | EL30: 1 | EM30: 1 | EN30: 1 | EO30: 1 | EP30: 1 | EQ30: 1 | ER30: 1 | ES30: =SUM(DY30,EA30,EC30,EE30,EG30,EI30,EK30,EM30,EO30,EQ30) -> 9 | ET30: =SUM(DZ30,EB30,ED30,EF30,EH30,EJ30,EL30,EN30,EP30,ER30) -> 9 | EU30: Spies | EV30: 2022 | EW30: =IF(C30=D30,"Y","N") -> Y | EX30: =IF(E30=F30,"Y","N") -> Y | EY30: =IF(G30=H30,"Y","N") -> Y | EZ30: =IF(I30=J30,"Y","N") -> Y | FA30: =IF(K30=L30,"Y","N") -> Y | FB30: =IF(M30=N30,"Y","N") -> Y | FC30: =IF(O30=P30,"Y","N") -> Y | FD30: =IF(Q30=R30,"Y","N") -> Y | FE30: =IF(S30=T30,"Y","N") -> Y | FF30: =IF(U30=V30,"Y","N") -> Y | FG30: =IF(W30=X30,"Y","N") -> Y | FH30: =IF(Y30=Z30,"Y","N") -> Y | FI30: =IF(AA30=AB30,"Y","N") -> Y | FJ30: =IF(AD30=AE30,"Y","N") -> Y | FK30: =IF(AG30=AH30,"Y","N") -> Y | FL30: =IF(AI30=AJ30,"Y","N") -> Y | FM30: =IF(AM30=AN30,"Y","N") -> Y | FN30: =IF(AO30=AP30,"Y","N") -> Y | FO30: =IF(AQ30=AR30,"Y","N") -> Y | FP30: =IF(AY30=AZ30,"Y","N") -> Y | FQ30: =IF(BA30=BB30,"Y","N") -> Y | FR30: =IF(BC30=BD30,"Y","N") -> Y | FS30: =IF(BE30=BF30,"Y","N") -> Y | FT30: =IF(BG30=BH30,"Y","N") -> Y | FU30: =IF(BI30=BJ30,"Y","N") -> Y | FV30: =IF(BK30=BL30,"Y","N") -> Y | FW30: =IF(BM30=BN30,"Y","N") -> Y | FX30: =IF(BO30=BP30,"Y","N") -> Y | FY30: =IF(BQ30=BR30,"Y","N") -> Y | FZ30: =IF(BS30=BT30,"Y","N") -> Y | GA30: =IF(BU30=BV30,"Y","N") -> Y | GB30: =IF(BW30=BX30,"Y","N") -> Y | GC30: =IF(BY30=BZ30,"Y","N") -> Y | GD30: =IF(CA30=CB30,"Y","N") -> Y | GE30: =IF(CC30=CD30,"Y","N") -> Y | GF30: =IF(CE30=CF30,"Y","N") -> Y | GG30: =IF(CG30=CH30, "Y", "N") -> Y | GH30: =IF(CI30=CJ30, "Y", "N") -> Y | GI30: =IF(CK30=CL30,"Y","N") -> Y | GJ30: =IF(CM30=CN30,"Y","N") -> Y | GK30: =IF(CO30=CP30,"Y","N") -> Y | GL30: =IF(CQ30=CR30,"Y","N") -> Y | GM30: =IF(CS30=CT30,"Y","N") -> Y | GN30: =IF(CU30=CV30,"Y","N") -> Y | GO30: =IF(CW30=CX30,"Y","N") -> Y | GP30: =IF(CY30=CZ30,"Y","N") -> Y | GQ30: =IF(DA30=DB30,"Y","N") -> Y | GR30: =IF(DC30=DD30,"Y","N") -> Y | GS30: =IF(DE30=DF30,"Y","N") -> Y | GT30: =IF(DG30=DH30,"Y","N") -> Y | GU30: =IF(DI30=DJ30,"Y","N") -> Y | GV30: =IF(DK30=DL30,"Y","N") -> Y | GW30: =IF(DM30=DN30,"Y","N") -> Y | GX30: =IF(DO30=DP30,"Y","N") -> Y | GY30: =IF(DQ30=DR30,"Y","N") -> Y | GZ30: =IF(DY30=DZ30,"Y","N") -> Y | HA30: =IF(EA30=EB30,"Y","N") -> Y | HB30: =IF(EC30=ED30,"Y","N") -> Y | HC30: =IF(EE30=EF30,"Y","N") -> Y | HD30: =IF(EG30=EH30,"Y","N") -> Y | HE30: =IF(EI30=EJ30,"Y","N") -> Y | HF30: =IF(EK30=EL30,"Y","N") -> Y | HG30: =IF(EM30=EN30,"Y","N") -> Y | HH30: =IF(EO30=EP30,"Y","N") -> Y | HI30: =IF(EQ30=ER30,"Y","N") -> Y | HJ30: =IF(ES30=ET30,"Y","N") -> Y
A31: Steiner | B31: 2013 | C31: 77 | D31: 77 | E31: 44 | F31: 44 | G31: NS | H31: NS | I31: 21.5 | J31: 21.5 | K31: 36 | L31: 36 | M31: NS | N31: NS | O31: NS | P31: NS | Q31: NS | R31: NS | S31: NS | T31: NS | U31: 0 | V31: 0 | W31: 121 | X31: 121 | Y31: 0 | Z31: 0 | AA31: 0 | AB31: 0 | AC31: inpat_psych | AD31: Germany | AE31: Germany | AG31: No | AH31: no | AI31: Yes | AJ31: yes | AK31: No | AL31: no | AM31: NS | AN31: NS | AO31: NS | AP31: NS | AQ31: NS | AR31: NS | AS31: NS | AT31: NS | AU31: NS | AV31: NS | AW31: NS | AX31: NS | AY31: 121 | AZ31: 121 | BA31: 2 | BB31: 2 | BC31: single | BD31: single | BE31: =SUM(BI31,BK31,BQ31,BS31,BU31,BW31,BY31,CA31,CC31,CE31,CG31,CI31,CK31,CM31,CO31) -> 2 | BF31: =SUM(BJ31,BL31,BR31,BT31,BV31,BX31,BZ31,CB31,CD31,CF31,CH31,CJ31,CL31,CN31,CP31) -> 2 | BG31: =SUM(BM31,BO31) -> 0 | BH31: =SUM(BN31,BP31) -> 0 | BI31: 2 | BJ31: 2 | BK31: NA | BL31: NA | BM31: NA | BN31: NA | BO31: NA | BP31: NA | BQ31: NA | BR31: NA | BS31: NA | BT31: NA | BU31: NA | BV31: NA | BW31: NA | BX31: NA | BY31: NA | BZ31: NA | CA31: NA | CB31: NA | CC31: NA | CD31: NA | CE31: NA | CF31: NA | CG31: NA | CH31: NA | CI31: NA | CJ31: NA | CK31: NA | CL31: NA | CM31: NA | CN31: NA | CO31: NA | CP31: NA | CQ31: All | CR31: All | CS31: NS | CT31: NS | CU31: NS | CV31: NS | CW31: all | CX31: all | CY31: some | CZ31: some | DA31: all | DB31: all | DC31: all | DD31: all | DE31: all | DF31: all | DG31: Yes | DH31: yes | DI31: all | DJ31: all | DK31: NS | DL31: NS | DM31: NS | DN31: NS | DO31: NS | DP31: NS | DQ31: NS | DR31: NS | DS31: disorder | DT31: disorder | DU31: NS | DV31: NS | DW31: DSM-IV | DX31: DSM-IV | DY31: 1 | DZ31: 1 | EA31: 1 | EB31: 1 | EC31: 1 | ED31: 1 | EE31: 1 | EF31: 1 | EG31: 1 | EH31: 1 | EI31: 0 | EJ31: 0 | EK31: 1 | EL31: 1 | EM31: 1 | EN31: 1 | EO31: 1 | EP31: 1 | EQ31: 1 | ER31: 1 | ES31: 9 | ET31: 9 | EW31: =IF(C31=D31,"Y","N") -> Y | EX31: =IF(E31=F31,"Y","N") -> Y | EY31: =IF(G31=H31,"Y","N") -> Y | EZ31: =IF(I31=J31,"Y","N") -> Y | FA31: =IF(K31=L31,"Y","N") -> Y | FB31: =IF(M31=N31,"Y","N") -> Y | FC31: =IF(O31=P31,"Y","N") -> Y | FD31: =IF(Q31=R31,"Y","N") -> Y | FE31: =IF(S31=T31,"Y","N") -> Y | FF31: =IF(U31=V31,"Y","N") -> Y | FG31: =IF(W31=X31,"Y","N") -> Y | FH31: =IF(Y31=Z31,"Y","N") -> Y | FI31: =IF(AA31=AB31,"Y","N") -> Y | FJ31: =IF(AD31=AE31,"Y","N") -> Y | FK31: =IF(AG31=AH31,"Y","N") -> Y | FL31: =IF(AI31=AJ31,"Y","N") -> Y | FM31: =IF(AM31=AN31,"Y","N") -> Y | FN31: =IF(AO31=AP31,"Y","N") -> Y | FO31: =IF(AQ31=AR31,"Y","N") -> Y | FP31: =IF(AY31=AZ31,"Y","N") -> Y | FQ31: =IF(BA31=BB31,"Y","N") -> Y | FR31: =IF(BC31=BD31,"Y","N") -> Y | FS31: =IF(BE31=BF31,"Y","N") -> Y | FT31: =IF(BG31=BH31,"Y","N") -> Y | FU31: =IF(BI31=BJ31,"Y","N") -> Y | FV31: =IF(BK31=BL31,"Y","N") -> Y | FW31: =IF(BM31=BN31,"Y","N") -> Y | FX31: =IF(BO31=BP31,"Y","N") -> Y | FY31: =IF(BQ31=BR31,"Y","N") -> Y | FZ31: =IF(BS31=BT31,"Y","N") -> Y | GA31: =IF(BU31=BV31,"Y","N") -> Y | GB31: =IF(BW31=BX31,"Y","N") -> Y | GC31: =IF(BY31=BZ31,"Y","N") -> Y | GD31: =IF(CA31=CB31,"Y","N") -> Y | GE31: =IF(CC31=CD31,"Y","N") -> Y | GF31: =IF(CE31=CF31,"Y","N") -> Y | GG31: =IF(CG31=CH31, "Y", "N") -> Y | GH31: =IF(CI31=CJ31, "Y", "N") -> Y | GI31: =IF(CK31=CL31,"Y","N") -> Y | GJ31: =IF(CM31=CN31,"Y","N") -> Y | GK31: =IF(CO31=CP31,"Y","N") -> Y | GL31: =IF(CQ31=CR31,"Y","N") -> Y | GM31: =IF(CS31=CT31,"Y","N") -> Y | GN31: =IF(CU31=CV31,"Y","N") -> Y | GO31: =IF(CW31=CX31,"Y","N") -> Y | GP31: =IF(CY31=CZ31,"Y","N") -> Y | GQ31: =IF(DA31=DB31,"Y","N") -> Y | GR31: =IF(DC31=DD31,"Y","N") -> Y | GS31: =IF(DE31=DF31,"Y","N") -> Y | GT31: =IF(DG31=DH31,"Y","N") -> Y | GU31: =IF(DI31=DJ31,"Y","N") -> Y | GV31: =IF(DK31=DL31,"Y","N") -> Y | GW31: =IF(DM31=DN31,"Y","N") -> Y | GX31: =IF(DO31=DP31,"Y","N") -> Y | GY31: =IF(DQ31=DR31,"Y","N") -> Y | GZ31: =IF(DY31=DZ31,"Y","N") -> Y | HA31: =IF(EA31=EB31,"Y","N") -> Y | HB31: =IF(EC31=ED31,"Y","N") -> Y | HC31: =IF(EE31=EF31,"Y","N") -> Y | HD31: =IF(EG31=EH31,"Y","N") -> Y | HE31: =IF(EI31=EJ31,"Y","N") -> Y | HF31: =IF(EK31=EL31,"Y","N") -> Y | HG31: =IF(EM31=EN31,"Y","N") -> Y | HH31: =IF(EO31=EP31,"Y","N") -> Y | HI31: =IF(EQ31=ER31,"Y","N") -> Y | HJ31: =IF(ES31=ET31,"Y","N") -> Y
A32: Sullivan | B32: 2020 | C32: NS | D32: NS | E32: NS | F32: NS | G32: NS | H32: NS | I32: NS | J32: NS | K32: NS | L32: NS | M32: NS | N32: NS | O32: NS | P32: NS | Q32: NS | R32: NS | S32: NS | T32: NS | U32: NS | V32: NS | W32: NS | X32: NS | Y32: NS | Z32: NS | AA32: NS | AB32: NS | AC32: mixture | AD32: UK | AE32: UK | AF32: euro | AG32: no | AH32: no | AI32: yes | AJ32: yes | AK32: no | AL32: no | AM32: NS | AN32: NS | AO32: NS | AP32: NS | AQ32: NS | AR32: NS | AS32: NS | AT32: NS | AU32: NS | AV32: NS | AW32: NS | AX32: NS | AY32: 313 | AZ32: 313 | BA32: 67 | BB32: 67 | BC32: multiple | BD32: multiple | BE32: =SUM(BI32,BK32,BQ32,BS32,BU32,BW32,BY32,CA32,CC32,CE32,CG32,CI32,CK32,CM32,CO32) -> 59 | BF32: =SUM(BJ32,BL32,BR32,BT32,BV32,BX32,BZ32,CB32,CD32,CF32,CH32,CJ32,CL32,CN32,CP32) -> 59 | BG32: =SUM(BM32,BO32) -> 8 | BH32: =SUM(BN32,BP32) -> 8 | BI32: NA | BJ32: NA | BK32: NA | BL32: NA | BM32: 8 | BN32: 8 | BO32: NA | BP32: NA | BQ32: NA | BR32: NA | BS32: NA | BT32: NA | BU32: NA | BV32: NA | BW32: NA | BX32: NA | BY32: NA | BZ32: NA | CA32: NA | CB32: NA | CC32: NA | CD32: NA | CE32: NA | CF32: NA | CG32: NA | CH32: NA | CI32: NA | CJ32: NA | CK32: NA | CL32: NA | CM32: NA | CN32: NA | CO32: 59 | CP32: 59 | CQ32: NS | CR32: NS | CS32: NS | CT32: NS | CU32: NS | CV32: NS | CW32: NS | CX32: NS | CY32: NS | CZ32: NS | DA32: NS | DB32: NS | DC32: NS | DD32: NS | DE32: all | DF32: all | DG32: yes | DH32: yes | DI32: NS | DJ32: NS | DK32: NS | DL32: NS | DM32: NS | DN32: NS | DO32: NS | DP32: NS | DQ32: NS | DR32: NS | DS32: symptoms | DT32: Pychotic Disorder | DU32: NS | DV32: NS | DW32: NS | DX32: NS | DY32: 1 | DZ32: 1 | EA32: 1 | EB32: 1 | EC32: 1 | ED32: 1 | EE32: 1 | EF32: 1 | EG32: 1 | EH32: 1 | EI32: 0 | EJ32: 0 | EK32: 0 | EL32: 0 | EM32: 1 | EN32: 1 | EO32: 1 | EP32: 1 | EQ32: 0 | ER32: 0 | ES32: =SUM(DY32,EA32,EC32,EE32,EG32,EI32,EK32,EM32,EO32,EQ32) -> 7 | ET32: =SUM(DZ32,EB32,ED32,EF32,EH32,EJ32,EL32,EN32,EP32,ER32) -> 7 | EW32: =IF(C32=D32,"Y","N") -> Y | EX32: =IF(E32=F32,"Y","N") -> Y | EY32: =IF(G32=H32,"Y","N") -> Y | EZ32: =IF(I32=J32,"Y","N") -> Y | FA32: =IF(K32=L32,"Y","N") -> Y | FB32: =IF(M32=N32,"Y","N") -> Y | FC32: =IF(O32=P32,"Y","N") -> Y | FD32: =IF(Q32=R32,"Y","N") -> Y | FE32: =IF(S32=T32,"Y","N") -> Y | FF32: =IF(U32=V32,"Y","N") -> Y | FG32: =IF(W32=X32,"Y","N") -> Y | FH32: =IF(Y32=Z32,"Y","N") -> Y | FI32: =IF(AA32=AB32,"Y","N") -> Y | FJ32: =IF(AD32=AE32,"Y","N") -> Y | FK32: =IF(AG32=AH32,"Y","N") -> Y | FL32: =IF(AI32=AJ32,"Y","N") -> Y | FM32: =IF(AM32=AN32,"Y","N") -> Y | FN32: =IF(AO32=AP32,"Y","N") -> Y | FO32: =IF(AQ32=AR32,"Y","N") -> Y | FP32: =IF(AY32=AZ32,"Y","N") -> Y | FQ32: =IF(BA32=BB32,"Y","N") -> Y | FR32: =IF(BC32=BD32,"Y","N") -> Y | FS32: =IF(BE32=BF32,"Y","N") -> Y | FT32: =IF(BG32=BH32,"Y","N") -> Y | FU32: =IF(BI32=BJ32,"Y","N") -> Y | FV32: =IF(BK32=BL32,"Y","N") -> Y | FW32: =IF(BM32=BN32,"Y","N") -> Y | FX32: =IF(BO32=BP32,"Y","N") -> Y | FY32: =IF(BQ32=BR32,"Y","N") -> Y | FZ32: =IF(BS32=BT32,"Y","N") -> Y | GA32: =IF(BU32=BV32,"Y","N") -> Y | GB32: =IF(BW32=BX32,"Y","N") -> Y | GC32: =IF(BY32=BZ32,"Y","N") -> Y | GD32: =IF(CA32=CB32,"Y","N") -> Y | GE32: =IF(CC32=CD32,"Y","N") -> Y | GF32: =IF(CE32=CF32,"Y","N") -> Y | GG32: =IF(CG32=CH32, "Y", "N") -> Y | GH32: =IF(CI32=CJ32, "Y", "N") -> Y | GI32: =IF(CK32=CL32,"Y","N") -> Y | GJ32: =IF(CM32=CN32,"Y","N") -> Y | GK32: =IF(CO32=CP32,"Y","N") -> Y | GL32: =IF(CQ32=CR32,"Y","N") -> Y | GM32: =IF(CS32=CT32,"Y","N") -> Y | GN32: =IF(CU32=CV32,"Y","N") -> Y | GO32: =IF(CW32=CX32,"Y","N") -> Y | GP32: =IF(CY32=CZ32,"Y","N") -> Y | GQ32: =IF(DA32=DB32,"Y","N") -> Y | GR32: =IF(DC32=DD32,"Y","N") -> Y | GS32: =IF(DE32=DF32,"Y","N") -> Y | GT32: =IF(DG32=DH32,"Y","N") -> Y | GU32: =IF(DI32=DJ32,"Y","N") -> Y | GV32: =IF(DK32=DL32,"Y","N") -> Y | GW32: =IF(DM32=DN32,"Y","N") -> Y | GX32: =IF(DO32=DP32,"Y","N") -> Y | GY32: =IF(DQ32=DR32,"Y","N") -> Y | GZ32: =IF(DY32=DZ32,"Y","N") -> Y | HA32: =IF(EA32=EB32,"Y","N") -> Y | HB32: =IF(EC32=ED32,"Y","N") -> Y | HC32: =IF(EE32=EF32,"Y","N") -> Y | HD32: =IF(EG32=EH32,"Y","N") -> Y | HE32: =IF(EI32=EJ32,"Y","N") -> Y | HF32: =IF(EK32=EL32,"Y","N") -> Y | HG32: =IF(EM32=EN32,"Y","N") -> Y | HH32: =IF(EO32=EP32,"Y","N") -> Y | HI32: =IF(EQ32=ER32,"Y","N") -> Y | HJ32: =IF(ES32=ET32,"Y","N") -> Y
A33: Thompson | B33: 2016 | C33: 658 | D33: 658 | E33: 296 | F33: 296 | G33: 21.3 | H33: 21.3 | I33: 20.7 | J33: 20.7 | K33: 21.3 | L33: 21.3 | M33: 59 | N33: 59 | O33: 710 | P33: 710 | Q33: 139 | R33: 139 | S33: 46 | T33: 46 | U33: 0 | V33: 0 | W33: 0 | X33: 0 | Y33: 954 | Z33: 954 | AA33: 0 | AB33: 0 | AC33: outpat_psych | AD33: UK | AE33: UK | AF33: euro | AG33: yes | AH33: yes | AI33: no | AJ33: no | AK33: yes | AL33: yes | AM33: 954 | AN33: 954 | AO33: 0 | AP33: 0 | AQ33: 0 | AR33: 0 | AS33: 316.1 | AT33: NS | AU33: 328.3 | AV33: NS | AW33: 154.7 | AX33: 154.7 | AY33: 954 | AZ33: 954 | BA33: 67 | BB33: 67 | BC33: single | BD33: single | BE33: =SUM(BI33,BK33,BQ33,BS33,BU33,BW33,BY33,CA33,CC33,CE33,CG33,CI33,CK33,CM33,CO33) -> 0 | BF33: =SUM(BJ33,BL33,BR33,BT33,BV33,BX33,BZ33,CB33,CD33,CF33,CH33,CJ33,CL33,CN33,CP33) -> 0 | BG33: =SUM(BM33,BO33) -> 67 | BH33: =SUM(BN33,BP33) -> 67 | BI33: NA | BJ33: NA | BK33: NA | BL33: NA | BM33: 67 | BN33: 67 | BO33: NA | BP33: NA | BQ33: NA | BR33: NA | BS33: NA | BT33: NA | BU33: NA | BV33: NA | BW33: NA | BX33: NA | BY33: NA | BZ33: NA | CA33: NA | CB33: NA | CC33: NA | CD33: NA | CE33: NA | CF33: NA | CG33: NA | CH33: NA | CI33: NA | CJ33: NA | CK33: NA | CL33: NA | CM33: NA | CN33: NA | CO33: NA | CP33: NA | CQ33: NS | CR33: NS | CS33: NS | CT33: NS | CU33: NS | CV33: NS | CW33: NS | CX33: NS | CY33: NS | CZ33: NS | DA33: NS | DB33: NS | DC33: NS | DD33: NS | DE33: all | DF33: all | DG33: yes | DH33: yes | DI33: NS | DJ33: NS | DK33: NS | DL33: NS | DM33: NS | DN33: NS | DO33: NS | DP33: NS | DQ33: NS | DR33: NS | DS33: disorder | DT33: disorder | DU33: OPCRIT, Clinical Assessment | DV33: Clinical Assessmnet | DW33: ICD-10 | DX33: ICD-10 | DY33: 1 | DZ33: 1 | EA33: 1 | EB33: 1 | EC33: 1 | ED33: 1 | EE33: 1 | EF33: 1 | EG33: 1 | EH33: 1 | EI33: 0 | EJ33: 0 | EK33: 1 | EL33: 1 | EM33: 1 | EN33: 1 | EO33: 1 | EP33: 1 | EQ33: 1 | ER33: 1 | ES33: =SUM(DY33,EA33,EC33,EE33,EG33,EI33,EK33,EM33,EO33,EQ33) -> 9 | ET33: =SUM(DZ33,EB33,ED33,EF33,EH33,EJ33,EL33,EN33,EP33,ER33) -> 9 | EU33: Thompson | EV33: 2016 | EW33: =IF(C33=D33,"Y","N") -> Y | EX33: =IF(E33=F33,"Y","N") -> Y | EY33: =IF(G33=H33,"Y","N") -> Y | EZ33: =IF(I33=J33,"Y","N") -> Y | FA33: =IF(K33=L33,"Y","N") -> Y | FB33: =IF(M33=N33,"Y","N") -> Y | FC33: =IF(O33=P33,"Y","N") -> Y | FD33: =IF(Q33=R33,"Y","N") -> Y | FE33: =IF(S33=T33,"Y","N") -> Y | FF33: =IF(U33=V33,"Y","N") -> Y | FG33: =IF(W33=X33,"Y","N") -> Y | FH33: =IF(Y33=Z33,"Y","N") -> Y | FI33: =IF(AA33=AB33,"Y","N") -> Y | FJ33: =IF(AD33=AE33,"Y","N") -> Y | FK33: =IF(AG33=AH33,"Y","N") -> Y | FL33: =IF(AI33=AJ33,"Y","N") -> Y | FM33: =IF(AM33=AN33,"Y","N") -> Y | FN33: =IF(AO33=AP33,"Y","N") -> Y | FO33: =IF(AQ33=AR33,"Y","N") -> Y | FP33: =IF(AY33=AZ33,"Y","N") -> Y | FQ33: =IF(BA33=BB33,"Y","N") -> Y | FR33: =IF(BC33=BD33,"Y","N") -> Y | FS33: =IF(BE33=BF33,"Y","N") -> Y | FT33: =IF(BG33=BH33,"Y","N") -> Y | FU33: =IF(BI33=BJ33,"Y","N") -> Y | FV33: =IF(BK33=BL33,"Y","N") -> Y | FW33: =IF(BM33=BN33,"Y","N") -> Y | FX33: =IF(BO33=BP33,"Y","N") -> Y | FY33: =IF(BQ33=BR33,"Y","N") -> Y | FZ33: =IF(BS33=BT33,"Y","N") -> Y | GA33: =IF(BU33=BV33,"Y","N") -> Y | GB33: =IF(BW33=BX33,"Y","N") -> Y | GC33: =IF(BY33=BZ33,"Y","N") -> Y | GD33: =IF(CA33=CB33,"Y","N") -> Y | GE33: =IF(CC33=CD33,"Y","N") -> Y | GF33: =IF(CE33=CF33,"Y","N") -> Y | GG33: =IF(CG33=CH33, "Y", "N") -> Y | GH33: =IF(CI33=CJ33, "Y", "N") -> Y | GI33: =IF(CK33=CL33,"Y","N") -> Y | GJ33: =IF(CM33=CN33,"Y","N") -> Y | GK33: =IF(CO33=CP33,"Y","N") -> Y | GL33: =IF(CQ33=CR33,"Y","N") -> Y | GM33: =IF(CS33=CT33,"Y","N") -> Y | GN33: =IF(CU33=CV33,"Y","N") -> Y | GO33: =IF(CW33=CX33,"Y","N") -> Y | GP33: =IF(CY33=CZ33,"Y","N") -> Y | GQ33: =IF(DA33=DB33,"Y","N") -> Y | GR33: =IF(DC33=DD33,"Y","N") -> Y | GS33: =IF(DE33=DF33,"Y","N") -> Y | GT33: =IF(DG33=DH33,"Y","N") -> Y | GU33: =IF(DI33=DJ33,"Y","N") -> Y | GV33: =IF(DK33=DL33,"Y","N") -> Y | GW33: =IF(DM33=DN33,"Y","N") -> Y | GX33: =IF(DO33=DP33,"Y","N") -> Y | GY33: =IF(DQ33=DR33,"Y","N") -> Y | GZ33: =IF(DY33=DZ33,"Y","N") -> Y | HA33: =IF(EA33=EB33,"Y","N") -> Y | HB33: =IF(EC33=ED33,"Y","N") -> Y | HC33: =IF(EE33=EF33,"Y","N") -> Y | HD33: =IF(EG33=EH33,"Y","N") -> Y | HE33: =IF(EI33=EJ33,"Y","N") -> Y | HF33: =IF(EK33=EL33,"Y","N") -> Y | HG33: =IF(EM33=EN33,"Y","N") -> Y | HH33: =IF(EO33=EP33,"Y","N") -> Y | HI33: =IF(EQ33=ER33,"Y","N") -> Y | HJ33: =IF(ES33=ET33,"Y","N") -> Y
A34: Turner | B34: 2006 | C34: NS | D34: NS | E34: NS | F34: NS | G34: NS | H34: NS | I34: NS | J34: NS | K34: NS | L34: NS | M34: NS | N34: NS | O34: NS | P34: NS | Q34: NS | R34: NS | S34: NS | T34: NS | U34: NS | V34: NS | W34: NS | X34: NS | Y34: NS | Z34: NS | AA34: NS | AB34: NS | AC34: mixture | AD34: New Zealand | AE34: New Zealand | AF34: aus | AG34: no | AH34: no | AI34: yes | AJ34: yes | AK34: yes | AL34: yes | AM34: 117 | AN34: 117 | AO34: 0 | AP34: 0 | AQ34: 0 | AR34: 0 | AS34: 197 | AT34: NS | AU34: NS | AV34: NS | AW34: NS | AX34: NS | AY34: 117 | AZ34: 117 | BA34: 9 | BB34: 9 | BC34: single | BD34: single | BE34: =SUM(BI34,BK34,BQ34,BS34,BU34,BW34,BY34,CA34,CC34,CE34,CG34,CI34,CK34,CM34,CO34) -> 0 | BF34: =SUM(BJ34,BL34,BR34,BT34,BV34,BX34,BZ34,CB34,CD34,CF34,CH34,CJ34,CL34,CN34,CP34) -> 0 | BG34: =SUM(BM34,BO34) -> 9 | BH34: =SUM(BN34,BP34) -> 9 | BI34: NA | BJ34: NA | BK34: NA | BL34: NA | BM34: 9 | BN34: 9 | BO34: NA | BP34: NA | BQ34: NA | BR34: NA | BS34: NA | BT34: NA | BU34: NA | BV34: NA | BW34: NA | BX34: NA | BY34: NA | BZ34: NA | CA34: NA | CB34: NA | CC34: NA | CD34: NA | CE34: NA | CF34: NA | CG34: NA | CH34: NA | CI34: NA | CJ34: NA | CK34: NA | CL34: NA | CM34: NA | CN34: NA | CO34: NA | CP34: NA | CQ34: NS | CR34: NS | CS34: NS | CT34: NS | CU34: NS | CV34: NS | CW34: NS | CX34: NS | CY34: NS | CZ34: NS | DA34: NS | DB34: NS | DC34: NS | DD34: NS | DE34: all | DF34: all | DG34: yes | DH34: yes | DI34: NS | DJ34: NS | DK34: NS | DL34: NS | DM34: NS | DN34: NS | DO34: NS | DP34: NS | DQ34: NS | DR34: NS | DS34: disorder | DT34: Psychotics disorder | DU34: Clinical Assessment | DV34: Clinical Assessment | DW34: DSM-IV | DX34: DSM-IV | DY34: 1 | DZ34: 1 | EA34: 1 | EB34: 1 | EC34: 1 | ED34: 1 | EE34: 0 | EF34: 0 | EG34: 1 | EH34: 1 | EI34: 0 | EJ34: 0 | EK34: 1 | EL34: 1 | EM34: 1 | EN34: 1 | EO34: 1 | EP34: 1 | EQ34: 1 | ER34: 1 | ES34: =SUM(DY34,EA34,EC34,EE34,EG34,EI34,EK34,EM34,EO34,EQ34) -> 8 | ET34: =SUM(DZ34,EB34,ED34,EF34,EH34,EJ34,EL34,EN34,EP34,ER34) -> 8 | EU34: Turner | EV34: 2006 | EW34: =IF(C34=D34,"Y","N") -> Y | EX34: =IF(E34=F34,"Y","N") -> Y | EY34: =IF(G34=H34,"Y","N") -> Y | EZ34: =IF(I34=J34,"Y","N") -> Y | FA34: =IF(K34=L34,"Y","N") -> Y | FB34: =IF(M34=N34,"Y","N") -> Y | FC34: =IF(O34=P34,"Y","N") -> Y | FD34: =IF(Q34=R34,"Y","N") -> Y | FE34: =IF(S34=T34,"Y","N") -> Y | FF34: =IF(U34=V34,"Y","N") -> Y | FG34: =IF(W34=X34,"Y","N") -> Y | FH34: =IF(Y34=Z34,"Y","N") -> Y | FI34: =IF(AA34=AB34,"Y","N") -> Y | FJ34: =IF(AD34=AE34,"Y","N") -> Y | FK34: =IF(AG34=AH34,"Y","N") -> Y | FL34: =IF(AI34=AJ34,"Y","N") -> Y | FM34: =IF(AM34=AN34,"Y","N") -> Y | FN34: =IF(AO34=AP34,"Y","N") -> Y | FO34: =IF(AQ34=AR34,"Y","N") -> Y | FP34: =IF(AY34=AZ34,"Y","N") -> Y | FQ34: =IF(BA34=BB34,"Y","N") -> Y | FR34: =IF(BC34=BD34,"Y","N") -> Y | FS34: =IF(BE34=BF34,"Y","N") -> Y | FT34: =IF(BG34=BH34,"Y","N") -> Y | FU34: =IF(BI34=BJ34,"Y","N") -> Y | FV34: =IF(BK34=BL34,"Y","N") -> Y | FW34: =IF(BM34=BN34,"Y","N") -> Y | FX34: =IF(BO34=BP34,"Y","N") -> Y | FY34: =IF(BQ34=BR34,"Y","N") -> Y | FZ34: =IF(BS34=BT34,"Y","N") -> Y | GA34: =IF(BU34=BV34,"Y","N") -> Y | GB34: =IF(BW34=BX34,"Y","N") -> Y | GC34: =IF(BY34=BZ34,"Y","N") -> Y | GD34: =IF(CA34=CB34,"Y","N") -> Y | GE34: =IF(CC34=CD34,"Y","N") -> Y | GF34: =IF(CE34=CF34,"Y","N") -> Y | GG34: =IF(CG34=CH34, "Y", "N") -> Y | GH34: =IF(CI34=CJ34, "Y", "N") -> Y | GI34: =IF(CK34=CL34,"Y","N") -> Y | GJ34: =IF(CM34=CN34,"Y","N") -> Y | GK34: =IF(CO34=CP34,"Y","N") -> Y | GL34: =IF(CQ34=CR34,"Y","N") -> Y | GM34: =IF(CS34=CT34,"Y","N") -> Y | GN34: =IF(CU34=CV34,"Y","N") -> Y | GO34: =IF(CW34=CX34,"Y","N") -> Y | GP34: =IF(CY34=CZ34,"Y","N") -> Y | GQ34: =IF(DA34=DB34,"Y","N") -> Y | GR34: =IF(DC34=DD34,"Y","N") -> Y | GS34: =IF(DE34=DF34,"Y","N") -> Y | GT34: =IF(DG34=DH34,"Y","N") -> Y | GU34: =IF(DI34=DJ34,"Y","N") -> Y | GV34: =IF(DK34=DL34,"Y","N") -> Y | GW34: =IF(DM34=DN34,"Y","N") -> Y | GX34: =IF(DO34=DP34,"Y","N") -> Y | GY34: =IF(DQ34=DR34,"Y","N") -> Y | GZ34: =IF(DY34=DZ34,"Y","N") -> Y | HA34: =IF(EA34=EB34,"Y","N") -> Y | HB34: =IF(EC34=ED34,"Y","N") -> Y | HC34: =IF(EE34=EF34,"Y","N") -> Y | HD34: =IF(EG34=EH34,"Y","N") -> Y | HE34: =IF(EI34=EJ34,"Y","N") -> Y | HF34: =IF(EK34=EL34,"Y","N") -> Y | HG34: =IF(EM34=EN34,"Y","N") -> Y | HH34: =IF(EO34=EP34,"Y","N") -> Y | HI34: =IF(EQ34=ER34,"Y","N") -> Y | HJ34: =IF(ES34=ET34,"Y","N") -> Y
A35: Williams | B35: 2014 | C35: NS | D35: NS | E35: NS | F35: NS | G35: NS | H35: NS | I35: NS | J35: NS | K35: NS | L35: NS | M35: NS | N35: NS | O35: NS | P35: NS | Q35: NS | R35: NS | S35: NS | T35: NS | U35: 0 | V35: 0 | W35: 115 | X35: 115 | Y35: 0 | Z35: 0 | AA35: 0 | AB35: 0 | AC35: inpat_psych | AD35: USA | AE35: USA | AF35: n_am | AG35: yes | AH35: yes | AI35: no | AJ35: no | AK35: yes | AL35: yes | AM35: 115 | AN35: 115 | AO35: 0 | AP35: 0 | AQ35: 0 | AR35: 0 | AS35: NS | AT35: NS | AU35: NS | AV35: NS | AW35: NS | AX35: NS | AY35: 115 | AZ35: 115 | BA35: 0 | BB35: 0 | BC35: multiple | BD35: multiple | BE35: =SUM(BI35,BK35,BQ35,BS35,BU35,BW35,BY35,CA35,CC35,CE35,CG35,CI35,CK35,CM35,CO35) -> 0 | BF35: =SUM(BJ35,BL35,BR35,BT35,BV35,BX35,BZ35,CB35,CD35,CF35,CH35,CJ35,CL35,CN35,CP35) -> 0 | BG35: =SUM(BM35,BO35) -> 0 | BH35: =SUM(BN35,BP35) -> 0 | BI35: NA | BJ35: NA | BK35: 0 | BL35: 0 | BM35: NA | BN35: NA | BO35: NA | BP35: NA | BQ35: 0 | BR35: 0 | BS35: 0 | BT35: 0 | BU35: NA | BV35: NA | BW35: NA | BX35: NA | BY35: NA | BZ35: NA | CA35: 0 | CB35: 0 | CC35: 0 | CD35: 0 | CE35: 0 | CF35: 0 | CG35: NA | CH35: NA | CI35: 0 | CJ35: 0 | CK35: NA | CL35: NA | CM35: NA | CN35: NA | CO35: NA | CP35: NA | CQ35: Some | CR35: some | CS35: some | CT35: some | CU35: NS | CV35: NS | CW35: yes - NS | CX35: yes - NS | CY35: NS | CZ35: NS | DA35: Yes - NS | DB35: Yes - NS | DC35: Yes - NS | DD35: Yes - NS | DE35: NS | DF35: NS | DG35: NS | DH35: NS | DI35: NS | DJ35: NS | DK35: NS | DL35: NS | DM35: NS | DN35: NS | DO35: NS | DP35: NS | DQ35: NS | DR35: NS | DS35: disorder | DT35: disorder | DU35: NS | DV35: NS | DW35: NS | DX35: NS | DY35: 1 | DZ35: 1 | EA35: 1 | EB35: 1 | EC35: 1 | ED35: 1 | EE35: 1 | EF35: 1 | EG35: 1 | EH35: 1 | EI35: 1 | EJ35: 1 | EK35: 1 | EL35: 1 | EM35: 1 | EN35: 1 | EO35: 1 | EP35: 1 | EQ35: 1 | ER35: 1 | ES35: 10 | ET35: 10 | EW35: =IF(C35=D35,"Y","N") -> Y | EX35: =IF(E35=F35,"Y","N") -> Y | EY35: =IF(G35=H35,"Y","N") -> Y | EZ35: =IF(I35=J35,"Y","N") -> Y | FA35: =IF(K35=L35,"Y","N") -> Y | FB35: =IF(M35=N35,"Y","N") -> Y | FC35: =IF(O35=P35,"Y","N") -> Y | FD35: =IF(Q35=R35,"Y","N") -> Y | FE35: =IF(S35=T35,"Y","N") -> Y | FF35: =IF(U35=V35,"Y","N") -> Y | FG35: =IF(W35=X35,"Y","N") -> Y | FH35: =IF(Y35=Z35,"Y","N") -> Y | FI35: =IF(AA35=AB35,"Y","N") -> Y | FJ35: =IF(AD35=AE35,"Y","N") -> Y | FK35: =IF(AG35=AH35,"Y","N") -> Y | FL35: =IF(AI35=AJ35,"Y","N") -> Y | FM35: =IF(AM35=AN35,"Y","N") -> Y | FN35: =IF(AO35=AP35,"Y","N") -> Y | FO35: =IF(AQ35=AR35,"Y","N") -> Y | FP35: =IF(AY35=AZ35,"Y","N") -> Y | FQ35: =IF(BA35=BB35,"Y","N") -> Y | FR35: =IF(BC35=BD35,"Y","N") -> Y | FS35: =IF(BE35=BF35,"Y","N") -> Y | FT35: =IF(BG35=BH35,"Y","N") -> Y | FU35: =IF(BI35=BJ35,"Y","N") -> Y | FV35: =IF(BK35=BL35,"Y","N") -> Y | FW35: =IF(BM35=BN35,"Y","N") -> Y | FX35: =IF(BO35=BP35,"Y","N") -> Y | FY35: =IF(BQ35=BR35,"Y","N") -> Y | FZ35: =IF(BS35=BT35,"Y","N") -> Y | GA35: =IF(BU35=BV35,"Y","N") -> Y | GB35: =IF(BW35=BX35,"Y","N") -> Y | GC35: =IF(BY35=BZ35,"Y","N") -> Y | GD35: =IF(CA35=CB35,"Y","N") -> Y | GE35: =IF(CC35=CD35,"Y","N") -> Y | GF35: =IF(CE35=CF35,"Y","N") -> Y | GG35: =IF(CG35=CH35, "Y", "N") -> Y | GH35: =IF(CI35=CJ35, "Y", "N") -> Y | GI35: =IF(CK35=CL35,"Y","N") -> Y | GJ35: =IF(CM35=CN35,"Y","N") -> Y | GK35: =IF(CO35=CP35,"Y","N") -> Y | GL35: =IF(CQ35=CR35,"Y","N") -> Y | GM35: =IF(CS35=CT35,"Y","N") -> Y | GN35: =IF(CU35=CV35,"Y","N") -> Y | GO35: =IF(CW35=CX35,"Y","N") -> Y | GP35: =IF(CY35=CZ35,"Y","N") -> Y | GQ35: =IF(DA35=DB35,"Y","N") -> Y | GR35: =IF(DC35=DD35,"Y","N") -> Y | GS35: =IF(DE35=DF35,"Y","N") -> Y | GT35: =IF(DG35=DH35,"Y","N") -> Y | GU35: =IF(DI35=DJ35,"Y","N") -> Y | GV35: =IF(DK35=DL35,"Y","N") -> Y | GW35: =IF(DM35=DN35,"Y","N") -> Y | GX35: =IF(DO35=DP35,"Y","N") -> Y | GY35: =IF(DQ35=DR35,"Y","N") -> Y | GZ35: =IF(DY35=DZ35,"Y","N") -> Y | HA35: =IF(EA35=EB35,"Y","N") -> Y | HB35: =IF(EC35=ED35,"Y","N") -> Y | HC35: =IF(EE35=EF35,"Y","N") -> Y | HD35: =IF(EG35=EH35,"Y","N") -> Y | HE35: =IF(EI35=EJ35,"Y","N") -> Y | HF35: =IF(EK35=EL35,"Y","N") -> Y | HG35: =IF(EM35=EN35,"Y","N") -> Y | HH35: =IF(EO35=EP35,"Y","N") -> Y | HI35: =IF(EQ35=ER35,"Y","N") -> Y | HJ35: =IF(ES35=ET35,"Y","N") -> Y
A36: Yaxley | B36: 2021 | C36: NS | D36: NS | E36: NS | F36: NS | G36: NS | H36: NS | I36: NS | J36: NS | K36: NS | L36: NS | M36: NS | N36: NS | O36: NS | P36: NS | Q36: NS | R36: NS | S36: NS | T36: NS | U36: NS | V36: NS | W36: NS | X36: NS | Y36: NS | Z36: NS | AA36: Germany | AB36: NS | AC36: inpat_psych | AD36: Australia | AE36: Australia | AF36: aus | AG36: yes | AH36: yes | AI36: no | AJ36: no | AK36: yes | AL36: yes | AM36: 132 | AN36: 132 | AO36: 0 | AP36: 0 | AQ36: 0 | AR36: 0 | AT36: NS | AV36: NS | AX36: NS | AY36: 132 | AZ36: 132 | BA36: 45 | BB36: 45 | BC36: multiple | BD36: multiple | BE36: =SUM(BI36,BK36,BQ36,BS36,BU36,BW36,BY36,CA36,CC36,CE36,CG36,CI36,CK36,CM36,CO36) -> 1 | BF36: =SUM(BJ36,BL36,BR36,BT36,BV36,BX36,BZ36,CB36,CD36,CF36,CH36,CJ36,CL36,CN36,CP36) -> 1 | BG36: =SUM(BM36,BO36) -> 44 | BH36: =SUM(BN36,BP36) -> 44 | BI36: 0 | BJ36: 0 | BK36: 0 | BL36: 0 | BM36: 44 | BN36: 44 | BO36: 0 | BP36: 0 | BQ36: 0 | BR36: 0 | BS36: 0 | BT36: 0 | BU36: 0 | BV36: 0 | BW36: 0 | BX36: 0 | BY36: 0 | BZ36: 0 | CA36: 1 | CB36: 1 | CC36: 0 | CD36: 0 | CE36: 0 | CF36: 0 | CG36: 0 | CH36: 0 | CI36: 0 | CJ36: 0 | CK36: 0 | CL36: 0 | CM36: 0 | CN36: 0 | CO36: 0 | CP36: 0 | CQ36: Some | CR36: Some | CS36: some | CT36: Some | CU36: NS | CV36: NS | CW36: NS | CX36: NS | CY36: NS | CZ36: NS | DA36: some | DB36: some | DC36: some | DD36: some | DE36: NS | DF36: NS | DG36: NS | DH36: NS | DI36: NS | DJ36: NS | DK36: NS | DL36: NS | DM36: NS | DN36: NS | DO36: NS | DP36: NS | DQ36: NS | DR36: NS | DS36: disorder | DT36: disorder | DU36: NS | DV36: NS | DW36: NS | DX36: NS | DY36: 1 | DZ36: 1 | EA36: 1 | EB36: 1 | EC36: 1 | ED36: 1 | EE36: 1 | EF36: 1 | EG36: 1 | EH36: 1 | EI36: 1 | EJ36: 1 | EK36: 1 | EL36: 1 | EM36: 1 | EN36: 1 | EO36: 1 | EP36: 1 | EQ36: 1 | ER36: 1 | ES36: =SUM(DY36,EA36,EC36,EE36,EG36,EI36,EK36,EM36,EO36,EQ36) -> 10 | ET36: =SUM(DZ36,EB36,ED36,EF36,EH36,EJ36,EL36,EN36,EP36,ER36) -> 10 | EU36: Yaxley | EV36: 2021 | EW36: =IF(C36=D36,"Y","N") -> Y | EX36: =IF(E36=F36,"Y","N") -> Y | EY36: =IF(G36=H36,"Y","N") -> Y | EZ36: =IF(I36=J36,"Y","N") -> Y | FA36: =IF(K36=L36,"Y","N") -> Y | FB36: =IF(M36=N36,"Y","N") -> Y | FC36: =IF(O36=P36,"Y","N") -> Y | FD36: =IF(Q36=R36,"Y","N") -> Y | FE36: =IF(S36=T36,"Y","N") -> Y | FF36: =IF(U36=V36,"Y","N") -> Y | FG36: =IF(W36=X36,"Y","N") -> Y | FH36: =IF(Y36=Z36,"Y","N") -> Y | FI36: =IF(AA36=AB36,"Y","N") -> N | FJ36: =IF(AD36=AE36,"Y","N") -> Y | FK36: =IF(AG36=AH36,"Y","N") -> Y | FL36: =IF(AI36=AJ36,"Y","N") -> Y | FM36: =IF(AM36=AN36,"Y","N") -> Y | FN36: =IF(AO36=AP36,"Y","N") -> Y | FO36: =IF(AQ36=AR36,"Y","N") -> Y | FP36: =IF(AY36=AZ36,"Y","N") -> Y | FQ36: =IF(BA36=BB36,"Y","N") -> Y | FR36: =IF(BC36=BD36,"Y","N") -> Y | FS36: =IF(BE36=BF36,"Y","N") -> Y | FT36: =IF(BG36=BH36,"Y","N") -> Y | FU36: =IF(BI36=BJ36,"Y","N") -> Y | FV36: =IF(BK36=BL36,"Y","N") -> Y | FW36: =IF(BM36=BN36,"Y","N") -> Y | FX36: =IF(BO36=BP36,"Y","N") -> Y | FY36: =IF(BQ36=BR36,"Y","N") -> Y | FZ36: =IF(BS36=BT36,"Y","N") -> Y | GA36: =IF(BU36=BV36,"Y","N") -> Y | GB36: =IF(BW36=BX36,"Y","N") -> Y | GC36: =IF(BY36=BZ36,"Y","N") -> Y | GD36: =IF(CA36=CB36,"Y","N") -> Y | GE36: =IF(CC36=CD36,"Y","N") -> Y | GF36: =IF(CE36=CF36,"Y","N") -> Y | GG36: =IF(CG36=CH36, "Y", "N") -> Y | GH36: =IF(CI36=CJ36, "Y", "N") -> Y | GI36: =IF(CK36=CL36,"Y","N") -> Y | GJ36: =IF(CM36=CN36,"Y","N") -> Y | GK36: =IF(CO36=CP36,"Y","N") -> Y | GL36: =IF(CQ36=CR36,"Y","N") -> Y | GM36: =IF(CS36=CT36,"Y","N") -> Y | GN36: =IF(CU36=CV36,"Y","N") -> Y | GO36: =IF(CW36=CX36,"Y","N") -> Y | GP36: =IF(CY36=CZ36,"Y","N") -> Y | GQ36: =IF(DA36=DB36,"Y","N") -> Y | GR36: =IF(DC36=DD36,"Y","N") -> Y | GS36: =IF(DE36=DF36,"Y","N") -> Y | GT36: =IF(DG36=DH36,"Y","N") -> Y | GU36: =IF(DI36=DJ36,"Y","N") -> Y | GV36: =IF(DK36=DL36,"Y","N") -> Y | GW36: =IF(DM36=DN36,"Y","N") -> Y | GX36: =IF(DO36=DP36,"Y","N") -> Y | GY36: =IF(DQ36=DR36,"Y","N") -> Y | GZ36: =IF(DY36=DZ36,"Y","N") -> Y | HA36: =IF(EA36=EB36,"Y","N") -> Y | HB36: =IF(EC36=ED36,"Y","N") -> Y | HC36: =IF(EE36=EF36,"Y","N") -> Y | HD36: =IF(EG36=EH36,"Y","N") -> Y | HE36: =IF(EI36=EJ36,"Y","N") -> Y | HF36: =IF(EK36=EL36,"Y","N") -> Y | HG36: =IF(EM36=EN36,"Y","N") -> Y | HH36: =IF(EO36=EP36,"Y","N") -> Y | HI36: =IF(EQ36=ER36,"Y","N") -> Y | HJ36: =IF(ES36=ET36,"Y","N") -> Y

Sheet data
A1: author | B1: year | C1: author_year | D1: gender_male_freq | E1: gender_female_freq | F1: mean_age_pri | G1: mean_age_sec | H1: mean_age | I1: ethnicity_black | J1: ethnicity_white | K1: ethnicity_asian | L1: ethnicity_other | M1: General Hospital | N1: inpat_psych | O1: outpat_psych | P1: GP | Q1: setting | R1: continent | S1: design | T1: FEP | U1: chronic | V1: mixed | W1: DUP | X1: DUP_pri | Y1: DUP_sec | Z1: tot_sample | AA1: tot_sec_psych | AB1: multiple_sec_psych_types | AC1: endo | AD1: exo | AE1: auto_freq | AF1: congen_freq | AG1: toxic_freq | AH1: iatrogenic_freq | AI1: cerebrovas_freq | AJ1: space_oc_freq | AK1: metabolic_freq | AL1: dietary_freq | AM1: infec_freq | AN1: degen_freq | AO1: demye_freq | AP1: seizure_freq | AQ1: sleep_freq | AR1: head_freq | AS1: endocrine_freq | AT1: other_sub_freq | AU1: unknown_sub_freq | AV1: mri_freq | AW1: ct_freq | AX1: nuclear_freq | AY1: eeg_freq | AZ1: csf_freq | BA1: blood_freq | BB1: urine_freq | BC1: psych_assess_freq | BD1: psych_assess_stan_tool_freq | BE1: physical_exam_freq | BF1: cog_assess_freq | BG1: cog_assess_stan_tool_freq | BH1: other_assess_freq | BI1: not_spec_assess_freq | BJ1: disorder | BK1: diagnostic_tool | BL1: class_system | BM1: tot_rob_score
A2: =Sheet1!A3 -> Adams | B2: =Sheet1!B3 -> 1996 | C2: =_xlfn.CONCAT(data!A2," ",data!B2) -> Adams 1996 | D2: =Sheet1!C3 -> 68 | E2: =Sheet1!E3 -> 43 | F2: =Sheet1!G3 -> NS | G2: =Sheet1!I3 -> NS | H2: =Sheet1!K3 -> NS | I2: =Sheet1!M3 -> NS | J2: =Sheet1!O3 -> NS | K2: =Sheet1!Q3 -> NS | L2: =Sheet1!S3 -> NS | M2: =Sheet1!U3 -> 0 | N2: =Sheet1!W3 -> 111 | O2: =Sheet1!Y3 -> 0 | P2: =Sheet1!AA3 -> 0 | Q2: =Sheet1!AC3 -> inpat_psych | R2: =Sheet1!AF3 -> 0 | S2: =Sheet1!AI3 -> yes | T2: =Sheet1!AK3 -> yes | U2: =Sheet1!AO3 -> 0 | V2: =Sheet1!AQ3 -> 0 | W2: =Sheet1!AS3 -> NS | X2: =Sheet1!AU3 -> NS | Y2: =Sheet1!AW3 -> NS | Z2: =Sheet1!AY3 -> 111 | AA2: =Sheet1!BA3 -> 0 | AB2: =Sheet1!BC3 -> multiple | AC2: =Sheet1!BE3 -> 0 | AD2: =Sheet1!BG3 -> 0 | AE2: =Sheet1!BI3 -> NA | AF2: =Sheet1!BK3 -> NA | AG2: =Sheet1!BM3 -> NA | AH2: =Sheet1!BO3 -> NA | AI2: =Sheet1!BQ3 -> 0 | AJ2: =Sheet1!BS3 -> 0 | AK2: =Sheet1!BU3 -> 0 | AL2: =Sheet1!BQ3 -> 0 | AM2: =Sheet1!BY3 -> NA | AN2: =Sheet1!CA3 -> 0 | AO2: =Sheet1!CC3 -> 0 | AP2: =Sheet1!CE3 -> NA | AQ2: =Sheet1!CG3 -> NA | AR2: =Sheet1!CI3 -> 0 | AS2: =Sheet1!CK3 -> 0 | AT2: =Sheet1!CM3 -> 0 | AU2: =Sheet1!CO3 -> 0 | AV2: =Sheet1!CQ3 -> NS | AW2: =Sheet1!CS3 -> some | AX2: =Sheet1!CU3 -> some | AY2: =Sheet1!CW3 -> some | AZ2: =Sheet1!CY3 -> NS | BA2: =Sheet1!DA3 -> all | BB2: =Sheet1!DC3 -> NS | BC2: =Sheet1!DE3 -> all | BD2: =Sheet1!DG3 -> NS | BE2: =Sheet1!DI3 -> NS | BF2: =Sheet1!DK3 -> NS | BG2: =Sheet1!DM3 -> NS | BH2: =Sheet1!DO3 -> NS | BI2: =Sheet1!DQ3 -> NS | BJ2: =Sheet1!DS3 -> disorder | BK2: =Sheet1!DU3 -> NS | BL2: =Sheet1!DW3 -> NS | BM2: =Sheet1!ES3 -> 10
A3: =Sheet1!A4 -> Caton | B3: =Sheet1!B4 -> 2005 | C3: =_xlfn.CONCAT(data!A3," ",data!B3) -> Caton 2005 | D3: =Sheet1!C4 -> 278 | E3: =Sheet1!E4 -> 108 | F3: =Sheet1!G4 -> 27.1 | G3: =Sheet1!I4 -> 30.1 | H3: =Sheet1!K4 -> 28.5 | I3: =Sheet1!M4 -> 168 | J3: =Sheet1!O4 -> 56 | K3: =Sheet1!Q4 -> 0 | L3: =Sheet1!S4 -> 0 | M3: =Sheet1!U4 -> 386 | N3: =Sheet1!W4 -> 0 | O3: =Sheet1!Y4 -> 0 | P3: =Sheet1!AA4 -> 0 | Q3: =Sheet1!AC4 -> gen_hospital | R3: =Sheet1!AF4 -> n_am | S3: =Sheet1!AI4 -> yes | T3: =Sheet1!AK4 -> yes | U3: =Sheet1!AO4 -> NS | V3: =Sheet1!AQ4 -> NS | W3: =Sheet1!AS4 -> NS | X3: =Sheet1!AU4 -> NS | Y3: =Sheet1!AW4 -> NS | Z3: =Sheet1!AY4 -> 386 | AA3: =Sheet1!BA4 -> 169 | AB3: =Sheet1!BC4 -> single | AC3: =Sheet1!BE4 -> 0 | AD3: =Sheet1!BG4 -> 169 | AE3: =Sheet1!BI4 -> NA | AF3: =Sheet1!BK4 -> NA | AG3: =Sheet1!BM4 -> 169 | AH3: =Sheet1!BO4 -> NA | AI3: =Sheet1!BQ4 -> NA | AJ3: =Sheet1!BS4 -> NA | AK3: =Sheet1!BU4 -> NA | AL3: =Sheet1!BQ4 -> NA | AM3: =Sheet1!BY4 -> NA | AN3: =Sheet1!CA4 -> NA | AO3: =Sheet1!CC4 -> NA | AP3: =Sheet1!CE4 -> NA | AQ3: =Sheet1!CG4 -> NA | AR3: =Sheet1!CI4 -> NA | AS3: =Sheet1!CK4 -> NA | AT3: =Sheet1!CM4 -> NA | AU3: =Sheet1!CO4 -> NA | AV3: =Sheet1!CQ4 -> NS | AW3: =Sheet1!CS4 -> NS | AX3: =Sheet1!CU4 -> NS | AY3: =Sheet1!CW4 -> NS | AZ3: =Sheet1!CY4 -> NS | BA3: =Sheet1!DA4 -> NS | BB3: =Sheet1!DC4 -> all | BC3: =Sheet1!DE4 -> all | BD3: =Sheet1!DG4 -> yes | BE3: =Sheet1!DI4 -> NS | BF3: =Sheet1!DK4 -> NS | BG3: =Sheet1!DM4 -> NS | BH3: =Sheet1!DO4 -> NS | BI3: =Sheet1!DQ4 -> NS | BJ3: =Sheet1!DS4 -> disorder | BK3: =Sheet1!DU4 -> PRISM | BL3: =Sheet1!DW4 -> DSM-IV | BM3: =Sheet1!ES4 -> 9
A4: =Sheet1!A5 -> Correa-Oliveira | B4: =Sheet1!B5 -> 2022 | C4: =_xlfn.CONCAT(data!A4," ",data!B4) -> Correa-Oliveira 2022 | D4: =Sheet1!C5 -> 152 | E4: =Sheet1!E5 -> 85 | F4: =Sheet1!G5 -> NS | G4: =Sheet1!I5 -> NS | H4: =Sheet1!K5 -> 23.5 | I4: =Sheet1!M5 -> NS | J4: =Sheet1!O5 -> 153 | K4: =Sheet1!Q5 -> NS | L4: =Sheet1!S5 -> 64 | M4: =Sheet1!U5 -> 0 | N4: =Sheet1!W5 -> 0 | O4: =Sheet1!Y5 -> 237 | P4: =Sheet1!AA5 -> 0 | Q4: =Sheet1!AC5 -> outpat_psych | R4: =Sheet1!AF5 -> s_am | S4: =Sheet1!AI5 -> no | T4: =Sheet1!AK5 -> yes | U4: =Sheet1!AO5 -> 0 | V4: =Sheet1!AQ5 -> 0 | W4: =Sheet1!AS5 -> NS | X4: =Sheet1!AU5 -> NS | Y4: =Sheet1!AW5 -> NS | Z4: =Sheet1!AY5 -> 237 | AA4: =Sheet1!BA5 -> 84 | AB4: =Sheet1!BC5 -> multiple | AC4: =Sheet1!BE5 -> 23 | AD4: =Sheet1!BG5 -> 61 | AE4: =Sheet1!BI5 -> NA | AF4: =Sheet1!BK5 -> NA | AG4: =Sheet1!BM5 -> 61 | AH4: =Sheet1!BO5 -> NA | AI4: =Sheet1!BQ5 -> NA | AJ4: =Sheet1!BS5 -> NA | AK4: =Sheet1!BU5 -> NA | AL4: =Sheet1!BQ5 -> NA | AM4: =Sheet1!BY5 -> NA | AN4: =Sheet1!CA5 -> NA | AO4: =Sheet1!CC5 -> NA | AP4: =Sheet1!CE5 -> NA | AQ4: =Sheet1!CG5 -> NA | AR4: =Sheet1!CI5 -> NA | AS4: =Sheet1!CK5 -> NA | AT4: =Sheet1!CM5 -> NA | AU4: =Sheet1!CO5 -> 23 | AV4: =Sheet1!CQ5 -> NS | AW4: =Sheet1!CS5 -> all | AX4: =Sheet1!CU5 -> all | AY4: =Sheet1!CW5 -> NS | AZ4: =Sheet1!CY5 -> NS | BA4: =Sheet1!DA5 -> all | BB4: =Sheet1!DC5 -> all | BC4: =Sheet1!DE5 -> all | BD4: =Sheet1!DG5 -> yes | BE4: =Sheet1!DI5 -> all | BF4: =Sheet1!DK5 -> NS | BG4: =Sheet1!DM5 -> NS | BH4: =Sheet1!DO5 -> NS | BI4: =Sheet1!DQ5 -> NS | BJ4: =Sheet1!DS5 -> disorder | BK4: =Sheet1!DU5 -> SCID | BL4: =Sheet1!DW5 -> DSM-5 | BM4: =Sheet1!ES5 -> 10
A5: =Sheet1!A6 -> Drake | B5: =Sheet1!B6 -> 2011 | C5: =_xlfn.CONCAT(data!A5," ",data!B5) -> Drake 2011 | D5: =Sheet1!C6 -> 152 | E5: =Sheet1!E6 -> 99 | F5: =Sheet1!G6 -> 27.2 | G5: =Sheet1!I6 -> 30.4 | H5: =Sheet1!K6 -> NS | I5: =Sheet1!M6 -> 156 | J5: =Sheet1!O6 -> 52 | K5: =Sheet1!Q6 -> 0 | L5: =Sheet1!S6 -> 147 | M5: =Sheet1!U6 -> 351 | N5: =Sheet1!W6 -> 0 | O5: =Sheet1!Y6 -> 0 | P5: =Sheet1!AA6 -> 0 | Q5: =Sheet1!AC6 -> gen_hospital | R5: =Sheet1!AF6 -> n_am | S5: =Sheet1!AI6 -> yes | T5: =Sheet1!AK6 -> yes | U5: =Sheet1!AO6 -> 0 | V5: =Sheet1!AQ6 -> 0 | W5: =Sheet1!AS6 -> NS | X5: =Sheet1!AU6 -> NS | Y5: =Sheet1!AW6 -> NS | Z5: =Sheet1!AY6 -> 351 | AA5: =Sheet1!BA6 -> 134 | AB5: =Sheet1!BC6 -> single | AC5: =Sheet1!BE6 -> 0 | AD5: =Sheet1!BG6 -> 134 | AE5: =Sheet1!BI6 -> NA | AF5: =Sheet1!BK6 -> NA | AG5: =Sheet1!BM6 -> 134 | AH5: =Sheet1!BO6 -> NA | AI5: =Sheet1!BQ6 -> NA | AJ5: =Sheet1!BS6 -> NA | AK5: =Sheet1!BU6 -> NA | AL5: =Sheet1!BQ6 -> NA | AM5: =Sheet1!BY6 -> NA | AN5: =Sheet1!CA6 -> NA | AO5: =Sheet1!CC6 -> NA | AP5: =Sheet1!CE6 -> NA | AQ5: =Sheet1!CG6 -> NA | AR5: =Sheet1!CI6 -> NA | AS5: =Sheet1!CK6 -> NA | AT5: =Sheet1!CM6 -> NA | AU5: =Sheet1!CO6 -> NA | AV5: =Sheet1!CQ6 -> NS | AW5: =Sheet1!CS6 -> NS | AX5: =Sheet1!CU6 -> NS | AY5: =Sheet1!CW6 -> NS | AZ5: =Sheet1!CY6 -> NS | BA5: =Sheet1!DA6 -> NS | BB5: =Sheet1!DC6 -> all | BC5: =Sheet1!DE6 -> all | BD5: =Sheet1!DG6 -> yes | BE5: =Sheet1!DI6 -> NS | BF5: =Sheet1!DK6 -> NS | BG5: =Sheet1!DM6 -> NS | BH5: =Sheet1!DO6 -> NS | BI5: =Sheet1!DQ6 -> NS | BJ5: =Sheet1!DS6 -> disorder | BK5: =Sheet1!DU6 -> PRISM | BL5: =Sheet1!DW6 -> DSM-IV | BM5: =Sheet1!ES6 -> 9
A6: =Sheet1!A7 -> Endres | B6: =Sheet1!B7 -> 2020 | C6: =_xlfn.CONCAT(data!A6," ",data!B6) -> Endres 2020 | D6: =Sheet1!C7 -> 32 | E6: =Sheet1!E7 -> 44 | F6: =Sheet1!G7 -> NS | G6: =Sheet1!I7 -> NS | H6: =Sheet1!K7 -> 37.22 | I6: =Sheet1!M7 -> NS | J6: =Sheet1!O7 -> NS | K6: =Sheet1!Q7 -> NS | L6: =Sheet1!S7 -> NS | M6: =Sheet1!U7 -> 0 | N6: =Sheet1!W7 -> 76 | O6: =Sheet1!Y7 -> 0 | P6: =Sheet1!AA7 -> 0 | Q6: =Sheet1!AC7 -> inpat_psych | R6: =Sheet1!AF7 -> euro | S6: =Sheet1!AI7 -> no | T6: =Sheet1!AK7 -> no | U6: =Sheet1!AO7 -> 61 | V6: =Sheet1!AQ7 -> 0 | W6: =Sheet1!AS7 -> NS | X6: =Sheet1!AU7 -> NS | Y6: =Sheet1!AW7 -> NS | Z6: =Sheet1!AY7 -> 76 | AA6: =Sheet1!BA7 -> 4 | AB6: =Sheet1!BC7 -> multiple | AC6: =Sheet1!BE7 -> 3 | AD6: =Sheet1!BG7 -> 1 | AE6: =Sheet1!BI7 -> 3 | AF6: =Sheet1!BK7 -> 0 | AG6: =Sheet1!BM7 -> 1 | AH6: =Sheet1!BO7 -> 0 | AI6: =Sheet1!BQ7 -> 0 | AJ6: =Sheet1!BS7 -> 0 | AK6: =Sheet1!BU7 -> 0 | AL6: =Sheet1!BQ7 -> 0 | AM6: =Sheet1!BY7 -> 0 | AN6: =Sheet1!CA7 -> 0 | AO6: =Sheet1!CC7 -> 0 | AP6: =Sheet1!CE7 -> 0 | AQ6: =Sheet1!CG7 -> 0 | AR6: =Sheet1!CI7 -> 0 | AS6: =Sheet1!CK7 -> 0 | AT6: =Sheet1!CM7 -> 0 | AU6: =Sheet1!CO7 -> 0 | AV6: =Sheet1!CQ7 -> all | AW6: =Sheet1!CS7 -> NS | AX6: =Sheet1!CU7 -> NS | AY6: =Sheet1!CW7 -> all | AZ6: =Sheet1!CY7 -> all | BA6: =Sheet1!DA7 -> all | BB6: =Sheet1!DC7 -> all | BC6: =Sheet1!DE7 -> all | BD6: =Sheet1!DG7 -> NS | BE6: =Sheet1!DI7 -> NS | BF6: =Sheet1!DK7 -> NS | BG6: =Sheet1!DM7 -> NS | BH6: =Sheet1!DO7 -> NS | BI6: =Sheet1!DQ7 -> NS | BJ6: =Sheet1!DS7 -> disorder | BK6: =Sheet1!DU7 -> NS | BL6: =Sheet1!DW7 -> ICD-10 | BM6: =Sheet1!ES7 -> 10
A7: =Sheet1!A8 -> Etlouba | B7: =Sheet1!B8 -> 2018 | C7: =_xlfn.CONCAT(data!A7," ",data!B7) -> Etlouba 2018 | D7: =Sheet1!C8 -> 95 | E7: =Sheet1!E8 -> 64 | F7: =Sheet1!G8 -> 28.7 | G7: =Sheet1!I8 -> 36.7 | H7: =Sheet1!K8 -> 34.3 | I7: =Sheet1!M8 -> 142 | J7: =Sheet1!O8 -> 5 | K7: =Sheet1!Q8 -> 7 | L7: =Sheet1!S8 -> 5 | M7: =Sheet1!U8 -> 159 | N7: =Sheet1!W8 -> 0 | O7: =Sheet1!Y8 -> 0 | P7: =Sheet1!AA8 -> 0 | Q7: =Sheet1!AC8 -> gen_hospital | R7: =Sheet1!AF8 -> afri | S7: =Sheet1!AI8 -> no | T7: =Sheet1!AK8 -> yes | U7: =Sheet1!AO8 -> 0 | V7: =Sheet1!AQ8 -> 0 | W7: =Sheet1!AS8 -> 16.6 | X7: =Sheet1!AU8 -> 37.8 | Y7: =Sheet1!AW8 -> 0 | Z7: =Sheet1!AY8 -> 159 | AA7: =Sheet1!BA8 -> 124 | AB7: =Sheet1!BC8 -> multiple | AC7: =Sheet1!BE8 -> 87 | AD7: =Sheet1!BG8 -> 37 | AE7: =Sheet1!BI8 -> 0 | AF7: =Sheet1!BK8 -> 0 | AG7: =Sheet1!BM8 -> 37 | AH7: =Sheet1!BO8 -> 0 | AI7: =Sheet1!BQ8 -> 2 | AJ7: =Sheet1!BS8 -> 0 | AK7: =Sheet1!BU8 -> 4 | AL7: =Sheet1!BQ8 -> 2 | AM7: =Sheet1!BY8 -> 75 | AN7: =Sheet1!CA8 -> 0 | AO7: =Sheet1!CC8 -> 0 | AP7: =Sheet1!CE8 -> 3 | AQ7: =Sheet1!CG8 -> 0 | AR7: =Sheet1!CI8 -> 0 | AS7: =Sheet1!CK8 -> 2 | AT7: =Sheet1!CM8 -> 1 | AU7: =Sheet1!CO8 -> 0 | AV7: =Sheet1!CQ8 -> NS | AW7: =Sheet1!CS8 -> yes - NS | AX7: =Sheet1!CU8 -> yes - NS | AY7: =Sheet1!CW8 -> NS | AZ7: =Sheet1!CY8 -> yes - NS | BA7: =Sheet1!DA8 -> yes - NS | BB7: =Sheet1!DC8 -> yes - NS | BC7: =Sheet1!DE8 -> all | BD7: =Sheet1!DG8 -> NS | BE7: =Sheet1!DI8 -> all | BF7: =Sheet1!DK8 -> NS | BG7: =Sheet1!DM8 -> NS | BH7: =Sheet1!DO8 -> X-ray (yes-NS) | BI7: =Sheet1!DQ8 -> NS | BJ7: =Sheet1!DS8 -> symptoms | BK7: =Sheet1!DU8 -> NS | BL7: =Sheet1!DW8 -> NS | BM7: =Sheet1!ES8 -> 10
A8: =Sheet1!A9 -> Fraser | B8: =Sheet1!B9 -> 2020 | C8: =_xlfn.CONCAT(data!A8," ",data!B8) -> Fraser 2020 | D8: =Sheet1!C9 -> 47 | E8: =Sheet1!E9 -> 14 | F8: =Sheet1!G9 -> 21.3 | G8: =Sheet1!I9 -> 20.1 | H8: =Sheet1!K9 -> 20.6 | I8: =Sheet1!M9 -> NS | J8: =Sheet1!O9 -> NS | K8: =Sheet1!Q9 -> NS | L8: =Sheet1!S9 -> NS | M8: =Sheet1!U9 -> 0 | N8: =Sheet1!W9 -> 61 | O8: =Sheet1!Y9 -> 0 | P8: =Sheet1!AA9 -> 0 | Q8: =Sheet1!AC9 -> inpat_psych | R8: =Sheet1!AF9 -> aus | S8: =Sheet1!AI9 -> yes | T8: =Sheet1!AK9 -> yes | U8: =Sheet1!AO9 -> 0 | V8: =Sheet1!AQ9 -> 0 | W8: =Sheet1!AS9 -> 2.9 | X8: =Sheet1!AU9 -> 3.4 | Y8: =Sheet1!AW9 -> 2.4 | Z8: =Sheet1!AY9 -> 61 | AA8: =Sheet1!BA9 -> 34 | AB8: =Sheet1!BC9 -> single | AC8: =Sheet1!BE9 -> 0 | AD8: =Sheet1!BG9 -> 34 | AE8: =Sheet1!BI9 -> NA | AF8: =Sheet1!BK9 -> NA | AG8: =Sheet1!BM9 -> 34 | AH8: =Sheet1!BO9 -> NA | AI8: =Sheet1!BQ9 -> NA | AJ8: =Sheet1!BS9 -> NA | AK8: =Sheet1!BU9 -> NA | AL8: =Sheet1!BQ9 -> NA | AM8: =Sheet1!BY9 -> NA | AN8: =Sheet1!CA9 -> NA | AO8: =Sheet1!CC9 -> NA | AP8: =Sheet1!CE9 -> NA | AQ8: =Sheet1!CG9 -> NA | AR8: =Sheet1!CI9 -> NA | AS8: =Sheet1!CK9 -> NA | AT8: =Sheet1!CM9 -> NA | AU8: =Sheet1!CO9 -> NA | AV8: =Sheet1!CQ9 -> NS | AW8: =Sheet1!CS9 -> NS | AX8: =Sheet1!CU9 -> NS | AY8: =Sheet1!CW9 -> NS | AZ8: =Sheet1!CY9 -> NS | BA8: =Sheet1!DA9 -> NS | BB8: =Sheet1!DC9 -> yes - NS | BC8: =Sheet1!DE9 -> all | BD8: =Sheet1!DG9 -> yes | BE8: =Sheet1!DI9 -> NS | BF8: =Sheet1!DK9 -> NS | BG8: =Sheet1!DM9 -> NS | BH8: =Sheet1!DO9 -> NS | BI8: =Sheet1!DQ9 -> NS | BJ8: =Sheet1!DS9 -> disorder | BK8: =Sheet1!DU9 -> PRISM | BL8: =Sheet1!DW9 -> DSM-IV | BM8: =Sheet1!ES9 -> 9
A9: =Sheet1!A10 -> Funayama | B9: =Sheet1!B10 -> 2022 | C9: =_xlfn.CONCAT(data!A9," ",data!B9) -> Funayama 2022 | D9: =Sheet1!C10 -> 68 | E9: =Sheet1!E10 -> 119 | F9: =Sheet1!G10 -> 36.7 | G9: =Sheet1!I10 -> 32.3 | H9: =Sheet1!K10 -> NS | I9: =Sheet1!M10 -> NS | J9: =Sheet1!O10 -> NS | K9: =Sheet1!Q10 -> NS | L9: =Sheet1!S10 -> NS | M9: =Sheet1!U10 -> 0 | N9: =Sheet1!W10 -> 187 | O9: =Sheet1!Y10 -> 0 | P9: =Sheet1!AA10 -> 0 | Q9: =Sheet1!AC10 -> inpat_psych | R9: =Sheet1!AF10 -> asia | S9: =Sheet1!AI10 -> no | T9: =Sheet1!AK10 -> yes | U9: =Sheet1!AO10 -> 0 | V9: =Sheet1!AQ10 -> 0 | W9: =Sheet1!AS10 -> NS | X9: =Sheet1!AU10 -> NS | Y9: =Sheet1!AW10 -> NS | Z9: =Sheet1!AY10 -> 187 | AA9: =Sheet1!BA10 -> 10 | AB9: =Sheet1!BC10 -> single | AC9: =Sheet1!BE10 -> 10 | AD9: =Sheet1!BG10 -> 0 | AE9: =Sheet1!BI10 -> 10 | AF9: =Sheet1!BK10 -> NA | AG9: =Sheet1!BM10 -> NA | AH9: =Sheet1!BO10 -> NA | AI9: =Sheet1!BQ10 -> NA | AJ9: =Sheet1!BS10 -> NA | AK9: =Sheet1!BU10 -> NA | AL9: =Sheet1!BQ10 -> NA | AM9: =Sheet1!BY10 -> NA | AN9: =Sheet1!CA10 -> NA | AO9: =Sheet1!CC10 -> NA | AP9: =Sheet1!CE10 -> NA | AQ9: =Sheet1!CG10 -> NA | AR9: =Sheet1!CI10 -> NA | AS9: =Sheet1!CK10 -> NA | AT9: =Sheet1!CM10 -> NA | AU9: =Sheet1!CO10 -> NA | AV9: =Sheet1!CQ10 -> yes - NS | AW9: =Sheet1!CS10 -> NS | AX9: =Sheet1!CU10 -> NS | AY9: =Sheet1!CW10 -> yes - NS | AZ9: =Sheet1!CY10 -> yes - NS | BA9: =Sheet1!DA10 -> all | BB9: =Sheet1!DC10 -> NS | BC9: =Sheet1!DE10 -> all | BD9: =Sheet1!DG10 -> NS | BE9: =Sheet1!DI10 -> all | BF9: =Sheet1!DK10 -> all | BG9: =Sheet1!DM10 -> no | BH9: =Sheet1!DO10 -> NS | BI9: =Sheet1!DQ10 -> NS | BJ9: =Sheet1!DS10 -> symptoms | BK9: =Sheet1!DU10 -> NS | BL9: =Sheet1!DW10 -> ICD-10 | BM9: =Sheet1!ES10 -> 10
A10: =Sheet1!A11 -> Giannitelli | B10: =Sheet1!B11 -> 2018 | C10: =_xlfn.CONCAT(data!A10," ",data!B10) -> Giannitelli 2018 | D10: =Sheet1!C11 -> NS | E10: =Sheet1!E11 -> NS | F10: =Sheet1!G11 -> NS | G10: =Sheet1!I11 -> NS | H10: =Sheet1!K11 -> NS | I10: =Sheet1!M11 -> NS | J10: =Sheet1!O11 -> NS | K10: =Sheet1!Q11 -> NS | L10: =Sheet1!S11 -> NS | M10: =Sheet1!U11 -> 160 | N10: =Sheet1!W11 -> NS | O10: =Sheet1!Y11 -> NS | P10: =Sheet1!AA11 -> NS | Q10: =Sheet1!AC11 -> gen_hospital | R10: =Sheet1!AF11 -> euro | S10: =Sheet1!AI11 -> no | T10: =Sheet1!AK11 -> NS | U10: =Sheet1!AO11 -> NS | V10: =Sheet1!AQ11 -> NS | W10: =Sheet1!AS11 -> NS | X10: =Sheet1!AU11 -> NS | Y10: =Sheet1!AW11 -> NS | Z10: =Sheet1!AY11 -> 160 | AA10: =Sheet1!BA11 -> 20 | AB10: =Sheet1!BC11 -> multiple | AC10: =Sheet1!BE11 -> 20 | AD10: =Sheet1!BG11 -> 0 | AE10: =Sheet1!BI11 -> 3 | AF10: =Sheet1!BK11 -> 15 | AG10: =Sheet1!BM11 -> 0 | AH10: =Sheet1!BO11 -> 0 | AI10: =Sheet1!BQ11 -> 0 | AJ10: =Sheet1!BS11 -> 2 | AK10: =Sheet1!BU11 -> 0 | AL10: =Sheet1!BQ11 -> 0 | AM10: =Sheet1!BY11 -> 0 | AN10: =Sheet1!CA11 -> 0 | AO10: =Sheet1!CC11 -> 0 | AP10: =Sheet1!CE11 -> 0 | AQ10: =Sheet1!CG11 -> 0 | AR10: =Sheet1!CI11 -> 0 | AS10: =Sheet1!CK11 -> 0 | AT10: =Sheet1!CM11 -> 0 | AU10: =Sheet1!CO11 -> 0 | AV10: =Sheet1!CQ11 -> NS | AW10: =Sheet1!CS11 -> NS | AX10: =Sheet1!CU11 -> NS | AY10: =Sheet1!CW11 -> yes - NS | AZ10: =Sheet1!CY11 -> NS | BA10: =Sheet1!DA11 -> yes - NS | BB10: =Sheet1!DC11 -> NS | BC10: =Sheet1!DE11 -> NS | BD10: =Sheet1!DG11 -> NS | BE10: =Sheet1!DI11 -> NS | BF10: =Sheet1!DK11 -> NS | BG10: =Sheet1!DM11 -> NS | BH10: =Sheet1!DO11 -> NS | BI10: =Sheet1!DQ11 -> NS | BJ10: =Sheet1!DS11 -> disorder | BK10: =Sheet1!DU11 -> NS | BL10: =Sheet1!DW11 -> NS | BM10: =Sheet1!ES11 -> 10
A11: =Sheet1!A12 -> Guasp | B11: =Sheet1!B12 -> 2021 | C11: =_xlfn.CONCAT(data!A11," ",data!B11) -> Guasp 2021 | D11: =Sheet1!C12 -> 61 | E11: =Sheet1!E12 -> 44 | F11: =Sheet1!G12 -> NS | G11: =Sheet1!I12 -> NS | H11: =Sheet1!K12 -> NS | I11: =Sheet1!M12 -> NS | J11: =Sheet1!O12 -> NS | K11: =Sheet1!Q12 -> NS | L11: =Sheet1!S12 -> NS | M11: =Sheet1!U12 -> 0 | N11: =Sheet1!W12 -> 105 | O11: =Sheet1!Y12 -> 0 | P11: =Sheet1!AA12 -> 0 | Q11: =Sheet1!AC12 -> inpat_psych | R11: =Sheet1!AF12 -> euro | S11: =Sheet1!AI12 -> yes | T11: =Sheet1!AK12 -> yes | U11: =Sheet1!AO12 -> 0 | V11: =Sheet1!AQ12 -> 0 | W11: =Sheet1!AS12 -> 79 | X11: =Sheet1!AU12 -> NS | Y11: =Sheet1!AW12 -> NS | Z11: =Sheet1!AY12 -> 105 | AA11: =Sheet1!BA12 -> 4 | AB11: =Sheet1!BC12 -> multiple | AC11: =Sheet1!BE12 -> 4 | AD11: =Sheet1!BG12 -> 0 | AE11: =Sheet1!BI12 -> 0 | AF11: =Sheet1!BK12 -> 0 | AG11: =Sheet1!BM12 -> 0 | AH11: =Sheet1!BO12 -> 0 | AI11: =Sheet1!BQ12 -> 0 | AJ11: =Sheet1!BS12 -> 0 | AK11: =Sheet1!BU12 -> 1 | AL11: =Sheet1!BQ12 -> 0 | AM11: =Sheet1!BY12 -> 1 | AN11: =Sheet1!CA12 -> 1 | AO11: =Sheet1!CC12 -> 0 | AP11: =Sheet1!CE12 -> 0 | AQ11: =Sheet1!CG12 -> 0 | AR11: =Sheet1!CI12 -> 0 | AS11: =Sheet1!CK12 -> 1 | AT11: =Sheet1!CM12 -> 0 | AU11: =Sheet1!CO12 -> 0 | AV11: =Sheet1!CQ12 -> all | AW11: =Sheet1!CS12 -> NS | AX11: =Sheet1!CU12 -> NS | AY11: =Sheet1!CW12 -> some | AZ11: =Sheet1!CY12 -> all | BA11: =Sheet1!DA12 -> all | BB11: =Sheet1!DC12 -> all | BC11: =Sheet1!DE12 -> all | BD11: =Sheet1!DG12 -> NS | BE11: =Sheet1!DI12 -> all | BF11: =Sheet1!DK12 -> NS | BG11: =Sheet1!DM12 -> NS | BH11: =Sheet1!DO12 -> NS | BI11: =Sheet1!DQ12 -> NS | BJ11: =Sheet1!DS12 -> disorder | BK11: =Sheet1!DU12 -> SCID | BL11: =Sheet1!DW12 -> DSM-IV | BM11: =Sheet1!ES12 -> 10
A12: =Sheet1!A13 -> Harris | B12: =Sheet1!B13 -> 2019 | C12: =_xlfn.CONCAT(data!A12," ",data!B12) -> Harris 2019 | D12: =Sheet1!C13 -> 480 | E12: =Sheet1!E13 -> 325 | F12: =Sheet1!G13 -> NS | G12: =Sheet1!I13 -> NS | H12: =Sheet1!K13 -> 32 | I12: =Sheet1!M13 -> NS | J12: =Sheet1!O13 -> NS | K12: =Sheet1!Q13 -> NS | L12: =Sheet1!S13 -> NS | M12: 805 | N12: o | O12: =Sheet1!Y13 -> 0 | P12: =Sheet1!AA13 -> 0 | Q12: gen_hospital | R12: =Sheet1!AF13 -> aus | S12: =Sheet1!AI13 -> no | T12: =Sheet1!AK13 -> no | U12: =Sheet1!AO13 -> NS | V12: =Sheet1!AQ13 -> NS | W12: =Sheet1!AS13 -> NS | X12: =Sheet1!AU13 -> NS | Y12: =Sheet1!AW13 -> NS | Z12: =Sheet1!AY13 -> 805 | AA12: =Sheet1!BA13 -> 3 | AB12: =Sheet1!BC13 -> multiple | AC12: =Sheet1!BE13 -> 3 | AD12: =Sheet1!BG13 -> 0 | AE12: =Sheet1!BI13 -> NA | AF12: =Sheet1!BK13 -> NA | AG12: =Sheet1!BM13 -> NA | AH12: =Sheet1!BO13 -> NA | AI12: =Sheet1!BQ13 -> NA | AJ12: =Sheet1!BS13 -> NA | AK12: =Sheet1!BU13 -> NA | AL12: =Sheet1!BQ13 -> NA | AM12: =Sheet1!BY13 -> NA | AN12: =Sheet1!CA13 -> NA | AO12: =Sheet1!CC13 -> NA | AP12: =Sheet1!CE13 -> NA | AQ12: =Sheet1!CG13 -> NA | AR12: =Sheet1!CI13 -> NA | AS12: =Sheet1!CK13 -> NA | AT12: =Sheet1!CM13 -> NA | AU12: =Sheet1!CO13 -> 3 | AV12: =Sheet1!CQ13 -> some | AW12: =Sheet1!CS13 -> all | AX12: =Sheet1!CU13 -> some | AY12: =Sheet1!CW13 -> some | AZ12: =Sheet1!CY13 -> some | BA12: =Sheet1!DA13 -> some | BB12: =Sheet1!DC13 -> NS | BC12: =Sheet1!DE13 -> NS | BD12: =Sheet1!DG13 -> NS | BE12: =Sheet1!DI13 -> some | BF12: =Sheet1!DK13 -> NS | BG12: =Sheet1!DM13 -> NS | BH12: =Sheet1!DO13 -> NS | BI12: =Sheet1!DQ13 -> NS | BJ12: symptoms | BK12: =Sheet1!DU13 -> NS | BL12: =Sheet1!DW13 -> NS | BM12: =Sheet1!ES13 -> 10 | BN12: GB: have changed from NS to 'multiple' causes investigated and from NS to 'symptoms' based on review of article
A13: =Sheet1!A14 -> Johnstone | B13: =Sheet1!B14 -> 1987 | C13: =_xlfn.CONCAT(data!A13," ",data!B13) -> Johnstone 1987 | D13: =Sheet1!C14 -> NS | E13: =Sheet1!E14 -> NS | F13: =Sheet1!G14 -> NS | G13: =Sheet1!I14 -> NS | H13: =Sheet1!K14 -> NS | I13: =Sheet1!M14 -> NS | J13: =Sheet1!O14 -> NS | K13: =Sheet1!Q14 -> NS | L13: =Sheet1!S14 -> NS | M13: =Sheet1!U14 -> 0 | N13: =Sheet1!W14 -> 268 | O13: =Sheet1!Y14 -> 0 | P13: =Sheet1!AA14 -> 0 | Q13: =Sheet1!AC14 -> inpat_psych | R13: =Sheet1!AF14 -> euro | S13: =Sheet1!AI14 -> yes | T13: =Sheet1!AK14 -> yes | U13: =Sheet1!AO14 -> 0 | V13: =Sheet1!AQ14 -> 0 | W13: =Sheet1!AS14 -> NS | X13: =Sheet1!AU14 -> NS | Y13: =Sheet1!AW14 -> NS | Z13: =Sheet1!AY14 -> 268 | AA13: =Sheet1!BA14 -> 15 | AB13: =Sheet1!BC14 -> multiple | AC13: =Sheet1!BE14 -> 10 | AD13: =Sheet1!BG14 -> 5 | AE13: =Sheet1!BI14 -> 0 | AF13: =Sheet1!BK14 -> 0 | AG13: =Sheet1!BM14 -> 5 | AH13: =Sheet1!BO14 -> 0 | AI13: =Sheet1!BQ14 -> 0 | AJ13: =Sheet1!BS14 -> 0 | AK13: =Sheet1!BU14 -> 0 | AL13: =Sheet1!BQ14 -> 0 | AM13: =Sheet1!BY14 -> 4 | AN13: =Sheet1!CA14 -> 0 | AO13: =Sheet1!CC14 -> 0 | AP13: =Sheet1!CE14 -> 0 | AQ13: =Sheet1!CG14 -> 0 | AR13: =Sheet1!CI14 -> 0 | AS13: =Sheet1!CK14 -> 1 | AT13: =Sheet1!CM14 -> 5 | AU13: =Sheet1!CO14 -> 0 | AV13: =Sheet1!CQ14 -> NS | AW13: =Sheet1!CS14 -> some | AX13: =Sheet1!CU14 -> 0 | AY13: =Sheet1!CW14 -> some | AZ13: =Sheet1!CY14 -> some | BA13: =Sheet1!DA14 -> some | BB13: =Sheet1!DC14 -> 0 | BC13: =Sheet1!DE14 -> all | BD13: =Sheet1!DG14 -> NS | BE13: =Sheet1!DI14 -> some | BF13: =Sheet1!DK14 -> some | BG13: =Sheet1!DM14 -> NS | BH13: =Sheet1!DO14 -> X-ray (Unspecified freq) | BI13: =Sheet1!DQ14 -> NS | BJ13: =Sheet1!DS14 -> disorder | BK13: =Sheet1!DU14 -> NS | BL13: =Sheet1!DW14 -> NS | BM13: =Sheet1!ES14 -> 9
A14: =Sheet1!A15 -> Kanbayashi | B14: =Sheet1!B15 -> 2012 | C14: =_xlfn.CONCAT(data!A14," ",data!B14) -> Kanbayashi 2012 | D14: =Sheet1!C15 -> NS | E14: =Sheet1!E15 -> NS | F14: =Sheet1!G15 -> NS | G14: =Sheet1!I15 -> 30.6 | H14: =Sheet1!K15 -> NS | I14: =Sheet1!M15 -> NS | J14: =Sheet1!O15 -> NS | K14: =Sheet1!Q15 -> NS | L14: =Sheet1!S15 -> NS | M14: =Sheet1!U15 -> 0 | N14: =Sheet1!W15 -> 51 | O14: =Sheet1!Y15 -> 0 | P14: =Sheet1!AA15 -> 0 | Q14: =Sheet1!AC15 -> inpat_psych | R14: =Sheet1!AF15 -> asia | S14: =Sheet1!AI15 -> yes | T14: =Sheet1!AK15 -> no | U14: =Sheet1!AO15 -> NS | V14: =Sheet1!AQ15 -> NS | W14: =Sheet1!AS15 -> NS | X14: =Sheet1!AU15 -> NS | Y14: =Sheet1!AW15 -> NS | Z14: =Sheet1!AY15 -> 51 | AA14: =Sheet1!BA15 -> 4 | AB14: =Sheet1!BC15 -> single | AC14: =Sheet1!BE15 -> 4 | AD14: =Sheet1!BG15 -> 0 | AE14: =Sheet1!BI15 -> 4 | AF14: =Sheet1!BK15 -> NA | AG14: =Sheet1!BM15 -> NA | AH14: =Sheet1!BO15 -> NA | AI14: =Sheet1!BQ15 -> NA | AJ14: =Sheet1!BS15 -> NA | AK14: =Sheet1!BU15 -> NA | AL14: =Sheet1!BQ15 -> NA | AM14: =Sheet1!BY15 -> NA | AN14: =Sheet1!CA15 -> NA | AO14: =Sheet1!CC15 -> NA | AP14: =Sheet1!CE15 -> NA | AQ14: =Sheet1!CG15 -> NA | AR14: =Sheet1!CI15 -> NA | AS14: =Sheet1!CK15 -> NA | AT14: =Sheet1!CM15 -> NA | AU14: =Sheet1!CO15 -> NA | AV14: =Sheet1!CQ15 -> yes - NS | AW14: =Sheet1!CS15 -> NS | AX14: =Sheet1!CU15 -> NS | AY14: =Sheet1!CW15 -> yes - NS | AZ14: =Sheet1!CY15 -> some | BA14: =Sheet1!DA15 -> yes - NS | BB14: =Sheet1!DC15 -> NS | BC14: =Sheet1!DE15 -> NS | BD14: =Sheet1!DG15 -> NS | BE14: =Sheet1!DI15 -> NS | BF14: =Sheet1!DK15 -> NS | BG14: =Sheet1!DM15 -> NS | BH14: =Sheet1!DO15 -> NS | BI14: =Sheet1!DQ15 -> NS | BJ14: =Sheet1!DS15 -> disorder | BK14: =Sheet1!DU15 -> NS | BL14: =Sheet1!DW15 -> DSM-IV | BM14: =Sheet1!ES15 -> 10
A15: =Sheet1!A16 -> Kelleher | B15: =Sheet1!B16 -> 2020 | C15: =_xlfn.CONCAT(data!A15," ",data!B15) -> Kelleher 2020 | D15: =Sheet1!C16 -> 134 | E15: =Sheet1!E16 -> 78 | F15: =Sheet1!G16 -> NS | G15: =Sheet1!I16 -> NS | H15: =Sheet1!K16 -> 33 FEP, 45 TRS Cohort | I15: =Sheet1!M16 -> 5 | J15: =Sheet1!O16 -> 203 | K15: =Sheet1!Q16 -> 4 | L15: =Sheet1!S16 -> 0 | M15: =Sheet1!U16 -> 4 | N15: =Sheet1!W16 -> 61 | O15: =Sheet1!Y16 -> 147 | P15: =Sheet1!AA16 -> 0 | Q15: =Sheet1!AC16 -> mixture | R15: =Sheet1!AF16 -> euro | S15: =Sheet1!AI16 -> yes | T15: =Sheet1!AK16 -> no | U15: =Sheet1!AO16 -> 100 | V15: =Sheet1!AQ16 -> 0 | W15: =Sheet1!AS16 -> NS | X15: =Sheet1!AU16 -> NS | Y15: =Sheet1!AW16 -> 2 | Z15: =Sheet1!AY16 -> 212 | AA15: =Sheet1!BA16 -> 1 | AB15: =Sheet1!BC16 -> single | AC15: =Sheet1!BE16 -> 1 | AD15: =Sheet1!BG16 -> 0 | AE15: =Sheet1!BI16 -> 1 | AF15: =Sheet1!BK16 -> NA | AG15: =Sheet1!BM16 -> NA | AH15: =Sheet1!BO16 -> NA | AI15: =Sheet1!BQ16 -> NA | AJ15: =Sheet1!BS16 -> NA | AK15: =Sheet1!BU16 -> NA | AL15: =Sheet1!BQ16 -> NA | AM15: =Sheet1!BY16 -> NA | AN15: =Sheet1!CA16 -> NA | AO15: =Sheet1!CC16 -> NA | AP15: =Sheet1!CE16 -> NA | AQ15: =Sheet1!CG16 -> NA | AR15: =Sheet1!CI16 -> NA | AS15: =Sheet1!CK16 -> NA | AT15: =Sheet1!CM16 -> NA | AU15: =Sheet1!CO16 -> NA | AV15: =Sheet1!CQ16 -> some | AW15: =Sheet1!CS16 -> 0 | AX15: =Sheet1!CU16 -> 0 | AY15: =Sheet1!CW16 -> some | AZ15: =Sheet1!CY16 -> some | BA15: =Sheet1!DA16 -> all | BB15: =Sheet1!DC16 -> 0 | BC15: =Sheet1!DE16 -> all | BD15: =Sheet1!DG16 -> yes | BE15: =Sheet1!DI16 -> some | BF15: =Sheet1!DK16 -> NS | BG15: =Sheet1!DM16 -> NS | BH15: =Sheet1!DO16 -> some | BI15: =Sheet1!DQ16 -> NS | BJ15: =Sheet1!DS16 -> disorder | BK15: =Sheet1!DU16 -> SCID | BL15: =Sheet1!DW16 -> ICD-10 | BM15: =Sheet1!ES16 -> 10
A16: =Sheet1!A17 -> Mantovani | B16: =Sheet1!B17 -> 2012 | C16: =_xlfn.CONCAT(data!A16," ",data!B16) -> Mantovani 2012 | D16: =Sheet1!C17 -> 54 | E16: =Sheet1!E17 -> 31 | F16: =Sheet1!G17 -> NS | G16: =Sheet1!I17 -> NS | H16: =Sheet1!K17 -> NS | I16: =Sheet1!M17 -> NS | J16: =Sheet1!O17 -> NS | K16: =Sheet1!Q17 -> NS | L16: =Sheet1!S17 -> NS | M16: =Sheet1!U17 -> 85 | N16: =Sheet1!W17 -> 0 | O16: =Sheet1!Y17 -> 0 | P16: =Sheet1!AA17 -> 0 | Q16: =Sheet1!AC17 -> gen_hospital | R16: =Sheet1!AF17 -> s_am | S16: =Sheet1!AI17 -> no | T16: =Sheet1!AK17 -> yes | U16: =Sheet1!AO17 -> 0 | V16: =Sheet1!AQ17 -> 0 | W16: =Sheet1!AS17 -> NS | X16: =Sheet1!AU17 -> NS | Y16: =Sheet1!AW17 -> NS | Z16: =Sheet1!AY17 -> 85 | AA16: =Sheet1!BA17 -> 2 | AB16: =Sheet1!BC17 -> single | AC16: =Sheet1!BE17 -> 2 | AD16: =Sheet1!BG17 -> 0 | AE16: =Sheet1!BI17 -> 2 | AF16: =Sheet1!BK17 -> NA | AG16: =Sheet1!BM17 -> NA | AH16: =Sheet1!BO17 -> NA | AI16: =Sheet1!BQ17 -> NA | AJ16: =Sheet1!BS17 -> NA | AK16: =Sheet1!BU17 -> NA | AL16: =Sheet1!BQ17 -> NA | AM16: =Sheet1!BY17 -> NA | AN16: =Sheet1!CA17 -> NA | AO16: =Sheet1!CC17 -> NA | AP16: =Sheet1!CE17 -> NA | AQ16: =Sheet1!CG17 -> NA | AR16: =Sheet1!CI17 -> NA | AS16: =Sheet1!CK17 -> NA | AT16: =Sheet1!CM17 -> NA | AU16: =Sheet1!CO17 -> NA | AV16: =Sheet1!CQ17 -> yes - NS | AW16: =Sheet1!CS17 -> NS | AX16: =Sheet1!CU17 -> yes - NS | AY16: =Sheet1!CW17 -> NS | AZ16: =Sheet1!CY17 -> NS | BA16: =Sheet1!DA17 -> all | BB16: =Sheet1!DC17 -> NS | BC16: =Sheet1!DE17 -> NS | BD16: =Sheet1!DG17 -> NS | BE16: =Sheet1!DI17 -> yes - NS | BF16: =Sheet1!DK17 -> NS | BG16: =Sheet1!DM17 -> NS | BH16: =Sheet1!DO17 -> all | BI16: =Sheet1!DQ17 -> NS | BJ16: =Sheet1!DS17 -> disorder | BK16: =Sheet1!DU17 -> Clinical Assessment | BL16: =Sheet1!DW17 -> DSM-IV | BM16: =Sheet1!ES17 -> 10
A17: =Sheet1!A18 -> Marques | B17: =Sheet1!B18 -> 2020 | C17: =_xlfn.CONCAT(data!A17," ",data!B17) -> Marques 2020 | D17: =Sheet1!C18 -> 119 | E17: =Sheet1!E18 -> 81 | F17: =Sheet1!G18 -> NS | G17: =Sheet1!I18 -> NS | H17: =Sheet1!K18 -> 47 | I17: =Sheet1!M18 -> 0 | J17: =Sheet1!O18 -> 200 | K17: =Sheet1!Q18 -> 0 | L17: =Sheet1!S18 -> 0 | M17: =Sheet1!U18 -> 0 | N17: =Sheet1!W18 -> 200 | O17: =Sheet1!Y18 -> 0 | P17: =Sheet1!AA18 -> 0 | Q17: =Sheet1!AC18 -> inpat_psych | R17: =Sheet1!AF18 -> euro | S17: =Sheet1!AI18 -> no | T17: =Sheet1!AK18 -> no | U17: =Sheet1!AO18 -> NS | V17: =Sheet1!AQ18 -> NS | W17: =Sheet1!AS18 -> NS | X17: =Sheet1!AU18 -> NS | Y17: =Sheet1!AW18 -> NS | Z17: =Sheet1!AY18 -> 200 | AA17: =Sheet1!BA18 -> 50 | AB17: =Sheet1!BC18 -> multiple | AC17: =Sheet1!BE18 -> 50 | AD17: =Sheet1!BG18 -> 0 | AE17: =Sheet1!BI18 -> 1 | AF17: =Sheet1!BK18 -> 0 | AG17: =Sheet1!BM18 -> 0 | AH17: =Sheet1!BO18 -> 0 | AI17: =Sheet1!BQ18 -> 4 | AJ17: =Sheet1!BS18 -> 7 | AK17: =Sheet1!BU18 -> 0 | AL17: =Sheet1!BQ18 -> 4 | AM17: =Sheet1!BY18 -> 0 | AN17: =Sheet1!CA18 -> 19 | AO17: =Sheet1!CC18 -> 0 | AP17: =Sheet1!CE18 -> 19 | AQ17: =Sheet1!CG18 -> 0 | AR17: =Sheet1!CI18 -> 0 | AS17: =Sheet1!CK18 -> 0 | AT17: =Sheet1!CM18 -> 0 | AU17: =Sheet1!CO18 -> 0 | AV17: =Sheet1!CQ18 -> NS | AW17: =Sheet1!CS18 -> all | AX17: =Sheet1!CU18 -> 0 | AY17: =Sheet1!CW18 -> all | AZ17: =Sheet1!CY18 -> 0 | BA17: =Sheet1!DA18 -> all | BB17: =Sheet1!DC18 -> all | BC17: =Sheet1!DE18 -> all | BD17: =Sheet1!DG18 -> NS | BE17: =Sheet1!DI18 -> NS | BF17: =Sheet1!DK18 -> all | BG17: =Sheet1!DM18 -> NS | BH17: =Sheet1!DO18 -> NS | BI17: =Sheet1!DQ18 -> NS | BJ17: =Sheet1!DS18 -> disorder | BK17: =Sheet1!DU18 -> Clinical Assessment | BL17: =Sheet1!DW18 -> ICD-9 | BM17: =Sheet1!ES18 -> 10
A18: =Sheet1!A19 -> Mauri | B18: =Sheet1!B19 -> 2017 | C18: =_xlfn.CONCAT(data!A18," ",data!B18) -> Mauri 2017 | D18: =Sheet1!C19 -> 43 | E18: =Sheet1!E19 -> 5 | F18: =Sheet1!G19 -> NS | G18: =Sheet1!I19 -> NS | H18: =Sheet1!K19 -> 25.6 | I18: =Sheet1!M19 -> NS | J18: =Sheet1!O19 -> NS | K18: =Sheet1!Q19 -> NS | L18: =Sheet1!S19 -> NS | M18: =Sheet1!U19 -> 0 | N18: =Sheet1!W19 -> 48 | O18: =Sheet1!Y19 -> 0 | P18: =Sheet1!AA19 -> 0 | Q18: =Sheet1!AC19 -> inpat_psych | R18: =Sheet1!AF19 -> euro | S18: =Sheet1!AI19 -> yes | T18: =Sheet1!AK19 -> yes | U18: =Sheet1!AO19 -> 0 | V18: =Sheet1!AQ19 -> 0 | W18: =Sheet1!AS19 -> NS | X18: =Sheet1!AU19 -> NS | Y18: =Sheet1!AW19 -> NS | Z18: =Sheet1!AY19 -> 48 | AA18: =Sheet1!BA19 -> 23 | AB18: =Sheet1!BC19 -> single | AC18: =Sheet1!BE19 -> 0 | AD18: =Sheet1!BG19 -> 23 | AE18: =Sheet1!BI19 -> NA | AF18: =Sheet1!BK19 -> NA | AG18: =Sheet1!BM19 -> 23 | AH18: =Sheet1!BO19 -> NA | AI18: =Sheet1!BQ19 -> NA | AJ18: =Sheet1!BS19 -> NA | AK18: =Sheet1!BU19 -> NA | AL18: =Sheet1!BQ19 -> NA | AM18: =Sheet1!BY19 -> NA | AN18: =Sheet1!CA19 -> NA | AO18: =Sheet1!CC19 -> NA | AP18: =Sheet1!CE19 -> NA | AQ18: =Sheet1!CG19 -> NA | AR18: =Sheet1!CI19 -> NA | AS18: =Sheet1!CK19 -> NA | AT18: =Sheet1!CM19 -> NA | AU18: =Sheet1!CO19 -> NA | AV18: =Sheet1!CQ19 -> NS | AW18: =Sheet1!CS19 -> NS | AX18: =Sheet1!CU19 -> NS | AY18: =Sheet1!CW19 -> NS | AZ18: =Sheet1!CY19 -> NS | BA18: =Sheet1!DA19 -> NS | BB18: =Sheet1!DC19 -> some | BC18: =Sheet1!DE19 -> all | BD18: =Sheet1!DG19 -> NS | BE18: =Sheet1!DI19 -> NS | BF18: =Sheet1!DK19 -> NS | BG18: =Sheet1!DM19 -> NS | BH18: =Sheet1!DO19 -> NS | BI18: =Sheet1!DQ19 -> NS | BJ18: =Sheet1!DS19 -> disorder | BK18: =Sheet1!DU19 -> BPRS | BL18: =Sheet1!DW19 -> DSM-IV | BM18: =Sheet1!ES19 -> 9
A19: =Sheet1!A20 -> Misselbrook | B19: =Sheet1!B20 -> 2017 | C19: =_xlfn.CONCAT(data!A19," ",data!B19) -> Misselbrook 2017 | D19: =Sheet1!C20 -> NS | E19: =Sheet1!E20 -> NS | F19: =Sheet1!G20 -> NS | G19: =Sheet1!I20 -> NS | H19: =Sheet1!K20 -> NS | I19: =Sheet1!M20 -> NS | J19: =Sheet1!O20 -> NS | K19: =Sheet1!Q20 -> NS | L19: =Sheet1!S20 -> NS | M19: =Sheet1!U20 -> NS | N19: =Sheet1!W20 -> 18297 | O19: =Sheet1!Y20 -> NS | P19: =Sheet1!AA20 -> NS | Q19: =Sheet1!AC20 -> mixture | R19: =Sheet1!AF20 -> euro | S19: =Sheet1!AI20 -> no | T19: =Sheet1!AK20 -> no | U19: =Sheet1!AO20 -> NS | V19: =Sheet1!AQ20 -> NS | W19: =Sheet1!AS20 -> NS | X19: =Sheet1!AU20 -> NS | Y19: =Sheet1!AW20 -> NS | Z19: =Sheet1!AY20 -> 18297 | AA19: =Sheet1!BA20 -> 553 | AB19: =Sheet1!BC20 -> multiple | AC19: =Sheet1!BE20 -> 553 | AD19: =Sheet1!BG20 -> 0 | AE19: =Sheet1!BI20 -> NS | AF19: =Sheet1!BK20 -> NS | AG19: =Sheet1!BM20 -> NS | AH19: =Sheet1!BO20 -> NS | AI19: =Sheet1!BQ20 -> NS | AJ19: =Sheet1!BS20 -> NS | AK19: =Sheet1!BU20 -> NS | AL19: =Sheet1!BQ20 -> NS | AM19: =Sheet1!BY20 -> NS | AN19: =Sheet1!CA20 -> NS | AO19: =Sheet1!CC20 -> NS | AP19: =Sheet1!CE20 -> NS | AQ19: =Sheet1!CG20 -> NS | AR19: =Sheet1!CI20 -> NS | AS19: =Sheet1!CK20 -> NS | AT19: =Sheet1!CM20 -> NS | AU19: =Sheet1!CO20 -> 553 | AV19: =Sheet1!CQ20 -> NS | AW19: =Sheet1!CS20 -> NS | AX19: =Sheet1!CU20 -> NS | AY19: =Sheet1!CW20 -> NS | AZ19: =Sheet1!CY20 -> NS | BA19: =Sheet1!DA20 -> NS | BB19: =Sheet1!DC20 -> NS | BC19: =Sheet1!DE20 -> NS | BD19: =Sheet1!DG20 -> NS | BE19: =Sheet1!DI20 -> NS | BF19: =Sheet1!DK20 -> NS | BG19: =Sheet1!DM20 -> NS | BH19: =Sheet1!DO20 -> NS | BI19: =Sheet1!DQ20 -> NS | BJ19: disorder | BK19: =Sheet1!DU20 -> NS | BL19: ICD-10 | BM19: =Sheet1!ES20 -> 9
A20: =Sheet1!A21 -> Muhrer | B20: =Sheet1!B21 -> 2022 | C20: =_xlfn.CONCAT(data!A20," ",data!B20) -> Muhrer 2022 | D20: =Sheet1!C21 -> 65 | E20: =Sheet1!E21 -> 65 | F20: =Sheet1!G21 -> NS | G20: =Sheet1!I21 -> NS | H20: =Sheet1!K21 -> 15 | I20: =Sheet1!M21 -> 60 | J20: =Sheet1!O21 -> 41 | K20: =Sheet1!Q21 -> 8 | L20: =Sheet1!S21 -> 22 | M20: =Sheet1!U21 -> 131 | N20: =Sheet1!W21 -> 0 | O20: =Sheet1!Y21 -> 0 | P20: =Sheet1!AA21 -> 0 | Q20: =Sheet1!AC21 -> gen_hospital | R20: =Sheet1!AF21 -> n_am | S20: =Sheet1!AI21 -> no | T20: =Sheet1!AK21 -> yes | U20: =Sheet1!AO21 -> 0 | V20: =Sheet1!AQ21 -> 0 | W20: =Sheet1!AS21 -> NS | X20: =Sheet1!AU21 -> NS | Y20: =Sheet1!AW21 -> NS | Z20: =Sheet1!AY21 -> 131 | AA20: =Sheet1!BA21 -> 14 | AB20: =Sheet1!BC21 -> multiple | AC20: =Sheet1!BE21 -> 1 | AD20: =Sheet1!BG21 -> 13 | AE20: =Sheet1!BI21 -> 1 | AF20: =Sheet1!BK21 -> 0 | AG20: =Sheet1!BM21 -> 12 | AH20: =Sheet1!BO21 -> 1 | AI20: =Sheet1!BQ21 -> 0 | AJ20: =Sheet1!BS21 -> 0 | AK20: =Sheet1!BU21 -> 0 | AL20: =Sheet1!BQ21 -> 0 | AM20: =Sheet1!BY21 -> 0 | AN20: =Sheet1!CA21 -> 0 | AO20: =Sheet1!CC21 -> 0 | AP20: =Sheet1!CE21 -> 0 | AQ20: =Sheet1!CG21 -> 0 | AR20: =Sheet1!CI21 -> 0 | AS20: =Sheet1!CK21 -> 0 | AT20: =Sheet1!CM21 -> 0 | AU20: =Sheet1!CO21 -> 0 | AV20: =Sheet1!CQ21 -> some | AW20: =Sheet1!CS21 -> some | AX20: =Sheet1!CU21 -> NS | AY20: =Sheet1!CW21 -> some | AZ20: =Sheet1!CY21 -> some | BA20: =Sheet1!DA21 -> some | BB20: =Sheet1!DC21 -> some | BC20: =Sheet1!DE21 -> ns | BD20: =Sheet1!DG21 -> NS | BE20: =Sheet1!DI21 -> some | BF20: =Sheet1!DK21 -> some | BG20: =Sheet1!DM21 -> ns | BH20: =Sheet1!DO21 -> NS | BI20: =Sheet1!DQ21 -> NS | BJ20: =Sheet1!DS21 -> disorder | BK20: =Sheet1!DU21 -> NS | BL20: =Sheet1!DW21 -> ICD-10 | BM20: =Sheet1!ES21 -> 10 | BN20: GB: added detail re disrder and classification system based on review of thesis
A21: =Sheet1!A22 -> Nkire | B21: =Sheet1!B22 -> 2021 | C21: =_xlfn.CONCAT(data!A21," ",data!B21) -> Nkire 2021 | D21: =Sheet1!C22 -> 249 | E21: =Sheet1!E22 -> 183 | F21: =Sheet1!G22 -> NS | G21: =Sheet1!I22 -> NS | H21: =Sheet1!K22 -> 38.3 | I21: =Sheet1!M22 -> NS | J21: =Sheet1!O22 -> NS | K21: =Sheet1!Q22 -> NS | L21: =Sheet1!S22 -> NS | M21: =Sheet1!U22 -> 0 | N21: =Sheet1!W22 -> 8 | O21: =Sheet1!Y22 -> 424 | P21: =Sheet1!AA22 -> 0 | Q21: =Sheet1!AC22 -> mixture | R21: =Sheet1!AF22 -> euro | S21: =Sheet1!AI22 -> yes | T21: =Sheet1!AK22 -> yes | U21: =Sheet1!AO22 -> 0 | V21: =Sheet1!AQ22 -> 0 | W21: =Sheet1!AS22 -> NS | X21: =Sheet1!AU22 -> NS | Y21: =Sheet1!AW22 -> NS | Z21: =Sheet1!AY22 -> 432 | AA21: =Sheet1!BA22 -> 38 | AB21: =Sheet1!BC22 -> multiple | AC21: =Sheet1!BE22 -> 13 | AD21: =Sheet1!BG22 -> 25 | AE21: =Sheet1!BI22 -> NA | AF21: =Sheet1!BK22 -> NA | AG21: =Sheet1!BM22 -> 25 | AH21: =Sheet1!BO22 -> NA | AI21: =Sheet1!BQ22 -> NA | AJ21: =Sheet1!BS22 -> NA | AK21: =Sheet1!BU22 -> NA | AL21: =Sheet1!BQ22 -> NA | AM21: =Sheet1!BY22 -> NA | AN21: =Sheet1!CA22 -> NA | AO21: =Sheet1!CC22 -> NA | AP21: =Sheet1!CE22 -> NA | AQ21: =Sheet1!CG22 -> NA | AR21: =Sheet1!CI22 -> NA | AS21: =Sheet1!CK22 -> NA | AT21: =Sheet1!CM22 -> NA | AU21: =Sheet1!CO22 -> 13 | AV21: =Sheet1!CQ22 -> NS | AW21: =Sheet1!CS22 -> NS | AX21: =Sheet1!CU22 -> NS | AY21: =Sheet1!CW22 -> NS | AZ21: =Sheet1!CY22 -> NS | BA21: =Sheet1!DA22 -> NS | BB21: =Sheet1!DC22 -> NS | BC21: =Sheet1!DE22 -> all | BD21: =Sheet1!DG22 -> yes | BE21: =Sheet1!DI22 -> all | BF21: =Sheet1!DK22 -> all | BG21: =Sheet1!DM22 -> yes | BH21: =Sheet1!DO22 -> NS | BI21: =Sheet1!DQ22 -> NS | BJ21: =Sheet1!DS22 -> disorder | BK21: =Sheet1!DU22 -> SCID | BL21: =Sheet1!DW22 -> DSM-IV | BM21: =Sheet1!ES22 -> 10
A22: =Sheet1!A23 -> Okewole | B22: =Sheet1!B23 -> 2016 | C22: =_xlfn.CONCAT(data!A22," ",data!B22) -> Okewole 2016 | D22: =Sheet1!C23 -> 204 | E22: =Sheet1!E23 -> 202 | F22: =Sheet1!G23 -> NS | G22: =Sheet1!I23 -> NS | H22: =Sheet1!K23 -> 15.9 | I22: =Sheet1!M23 -> 364 | J22: =Sheet1!O23 -> NS | K22: =Sheet1!Q23 -> NS | L22: =Sheet1!S23 -> 45 | M22: =Sheet1!U23 -> 0 | N22: =Sheet1!W23 -> 409 | O22: =Sheet1!Y23 -> 0 | P22: =Sheet1!AA23 -> 0 | Q22: =Sheet1!AC23 -> inpat_psych | R22: =Sheet1!AF23 -> afri | S22: =Sheet1!AI23 -> no | T22: =Sheet1!AK23 -> NS | U22: =Sheet1!AO23 -> NS | V22: =Sheet1!AQ23 -> NS | W22: =Sheet1!AS23 -> 0 | X22: =Sheet1!AU23 -> NS | Y22: =Sheet1!AW23 -> NS | Z22: =Sheet1!AY23 -> 409 | AA22: =Sheet1!BA23 -> 32 | AB22: =Sheet1!BC23 -> multiple | AC22: =Sheet1!BE23 -> 32 | AD22: =Sheet1!BG23 -> 0 | AE22: =Sheet1!BI23 -> NA | AF22: =Sheet1!BK23 -> NA | AG22: =Sheet1!BM23 -> NA | AH22: =Sheet1!BO23 -> NA | AI22: =Sheet1!BQ23 -> NA | AJ22: =Sheet1!BS23 -> NA | AK22: =Sheet1!BU23 -> NA | AL22: =Sheet1!BQ23 -> NA | AM22: =Sheet1!BY23 -> NA | AN22: =Sheet1!CA23 -> NA | AO22: =Sheet1!CC23 -> NA | AP22: =Sheet1!CE23 -> NA | AQ22: =Sheet1!CG23 -> NA | AR22: =Sheet1!CI23 -> NA | AS22: =Sheet1!CK23 -> NA | AT22: =Sheet1!CM23 -> NA | AU22: =Sheet1!CO23 -> 32 | AV22: =Sheet1!CQ23 -> NS | AW22: =Sheet1!CS23 -> NS | AX22: =Sheet1!CU23 -> NS | AY22: =Sheet1!CW23 -> NS | AZ22: =Sheet1!CY23 -> NS | BA22: =Sheet1!DA23 -> NS | BB22: =Sheet1!DC23 -> NS | BC22: =Sheet1!DE23 -> all | BD22: =Sheet1!DG23 -> yes | BE22: =Sheet1!DI23 -> NS | BF22: =Sheet1!DK23 -> NS | BG22: =Sheet1!DM23 -> NS | BH22: =Sheet1!DO23 -> NS | BI22: =Sheet1!DQ23 -> NS | BJ22: =Sheet1!DS23 -> disorder | BK22: =Sheet1!DU23 -> Clinical Assessment | BL22: =Sheet1!DW23 -> ICD-10 and DSM-IV | BM22: =Sheet1!ES23 -> 9
A23: =Sheet1!A24 -> Perala | B23: =Sheet1!B24 -> 2007 | C23: =_xlfn.CONCAT(data!A23," ",data!B23) -> Perala 2007 | D23: =Sheet1!C24 -> NS | E23: =Sheet1!E24 -> NS | F23: =Sheet1!G24 -> NS | G23: =Sheet1!I24 -> NS | H23: =Sheet1!K24 -> NS | I23: =Sheet1!M24 -> NS | J23: =Sheet1!O24 -> NS | K23: =Sheet1!Q24 -> NS | L23: =Sheet1!S24 -> NS | M23: =Sheet1!U24 -> NS | N23: =Sheet1!W24 -> NS | O23: =Sheet1!Y24 -> 0 | P23: =Sheet1!AA24 -> 0 | Q23: =Sheet1!AC24 -> mixture | R23: =Sheet1!AF24 -> euro | S23: =Sheet1!AI24 -> yes | T23: =Sheet1!AK24 -> no | U23: =Sheet1!AO24 -> NS | V23: =Sheet1!AQ24 -> NS | W23: =Sheet1!AS24 -> NS | X23: =Sheet1!AU24 -> NS | Y23: =Sheet1!AW24 -> NS | Z23: =Sheet1!AY24 -> 249 | AA23: =Sheet1!BA24 -> 55 | AB23: =Sheet1!BC24 -> single | AC23: =Sheet1!BE24 -> 23 | AD23: =Sheet1!BG24 -> 33 | AE23: =Sheet1!BI24 -> NA | AF23: =Sheet1!BK24 -> NA | AG23: =Sheet1!BM24 -> 33 | AH23: =Sheet1!BO24 -> NA | AI23: =Sheet1!BQ24 -> NA | AJ23: =Sheet1!BS24 -> NA | AK23: =Sheet1!BU24 -> NA | AL23: =Sheet1!BQ24 -> NA | AM23: =Sheet1!BY24 -> NA | AN23: =Sheet1!CA24 -> NA | AO23: =Sheet1!CC24 -> NA | AP23: =Sheet1!CE24 -> NA | AQ23: =Sheet1!CG24 -> NA | AR23: =Sheet1!CI24 -> NA | AS23: =Sheet1!CK24 -> NA | AT23: =Sheet1!CM24 -> NA | AU23: =Sheet1!CO24 -> 23 | AV23: =Sheet1!CQ24 -> NS | AW23: =Sheet1!CS24 -> NS | AX23: =Sheet1!CU24 -> NS | AY23: =Sheet1!CW24 -> NS | AZ23: =Sheet1!CY24 -> NS | BA23: =Sheet1!DA24 -> NS | BB23: =Sheet1!DC24 -> NS | BC23: =Sheet1!DE24 -> all | BD23: =Sheet1!DG24 -> yes | BE23: =Sheet1!DI24 -> all | BF23: =Sheet1!DK24 -> NS | BG23: =Sheet1!DM24 -> NS | BH23: =Sheet1!DO24 -> NS | BI23: =Sheet1!DQ24 -> NS | BJ23: =Sheet1!DS24 -> disorder | BK23: =Sheet1!DU24 -> SCID | BL23: =Sheet1!DW24 -> DSM-IV | BM23: =Sheet1!ES24 -> 10
A24: =Sheet1!A25 -> Rattay | B24: =Sheet1!B25 -> 2021 | C24: =_xlfn.CONCAT(data!A24," ",data!B24) -> Rattay 2021 | D24: =Sheet1!C25 -> 88 | E24: =Sheet1!E25 -> 56 | F24: =Sheet1!G25 -> NS | G24: =Sheet1!I25 -> NS | H24: =Sheet1!K25 -> Mixed | I24: =Sheet1!M25 -> NS | J24: =Sheet1!O25 -> NS | K24: =Sheet1!Q25 -> NS | L24: =Sheet1!S25 -> NS | M24: =Sheet1!U25 -> 0 | N24: =Sheet1!W25 -> 144 | O24: =Sheet1!Y25 -> 0 | P24: =Sheet1!AA25 -> 0 | Q24: =Sheet1!AC25 -> inpat_psych | R24: =Sheet1!AF25 -> euro | S24: =Sheet1!AI25 -> no | T24: =Sheet1!AK25 -> no | U24: =Sheet1!AO25 -> NS | V24: =Sheet1!AQ25 -> NS | W24: =Sheet1!AS25 -> 0 | X24: =Sheet1!AU25 -> 0 | Y24: =Sheet1!AW25 -> 0 | Z24: =Sheet1!AY25 -> 144 | AA24: =Sheet1!BA25 -> 17 | AB24: =Sheet1!BC25 -> multiple | AC24: =Sheet1!BE25 -> 17 | AD24: =Sheet1!BG25 -> 0 | AE24: =Sheet1!BI25 -> 10 | AF24: =Sheet1!BK25 -> 0 | AG24: =Sheet1!BM25 -> 0 | AH24: =Sheet1!BO25 -> 0 | AI24: =Sheet1!BQ25 -> 0 | AJ24: =Sheet1!BS25 -> 1 | AK24: =Sheet1!BU25 -> 0 | AL24: =Sheet1!BQ25 -> 0 | AM24: =Sheet1!BY25 -> 2 | AN24: =Sheet1!CA25 -> 0 | AO24: =Sheet1!CC25 -> 2 | AP24: =Sheet1!CE25 -> 0 | AQ24: =Sheet1!CG25 -> 0 | AR24: =Sheet1!CI25 -> 0 | AS24: =Sheet1!CK25 -> 2 | AT24: =Sheet1!CM25 -> 0 | AU24: =Sheet1!CO25 -> 0 | AV24: =Sheet1!CQ25 -> some | AW24: =Sheet1!CS25 -> all | AX24: =Sheet1!CU25 -> 0 | AY24: =Sheet1!CW25 -> some | AZ24: =Sheet1!CY25 -> all | BA24: =Sheet1!DA25 -> all | BB24: =Sheet1!DC25 -> NS | BC24: =Sheet1!DE25 -> all | BD24: =Sheet1!DG25 -> NS | BE24: =Sheet1!DI25 -> all | BF24: =Sheet1!DK25 -> NS | BG24: =Sheet1!DM25 -> NS | BH24: =Sheet1!DO25 -> NS | BI24: =Sheet1!DQ25 -> NS | BJ24: =Sheet1!DS25 -> symptoms | BK24: =Sheet1!DU25 -> Clinical Assessment | BL24: =Sheet1!DW25 -> ICD-10 | BM24: =Sheet1!ES25 -> 10
A25: =Sheet1!A26 -> Reay | B25: =Sheet1!B26 -> 2010 | C25: =_xlfn.CONCAT(data!A25," ",data!B25) -> Reay 2010 | D25: =Sheet1!C26 -> 308 | E25: =Sheet1!E26 -> 231 | F25: =Sheet1!G26 -> NS | G25: =Sheet1!I26 -> NS | H25: =Sheet1!K26 -> NS | I25: =Sheet1!M26 -> NS | J25: =Sheet1!O26 -> 534 | K25: =Sheet1!Q26 -> NS | L25: =Sheet1!S26 -> 5 | M25: =Sheet1!U26 -> NS | N25: =Sheet1!W26 -> NS | O25: =Sheet1!Y26 -> NS | P25: =Sheet1!AA26 -> NS | Q25: =Sheet1!AC26 -> mixture | R25: =Sheet1!AF26 -> euro | S25: =Sheet1!AI26 -> yes | T25: =Sheet1!AK26 -> yes | U25: =Sheet1!AO26 -> 0 | V25: =Sheet1!AQ26 -> 0 | W25: =Sheet1!AS26 -> NS | X25: =Sheet1!AU26 -> NS | Y25: =Sheet1!AW26 -> NS | Z25: =Sheet1!AY26 -> 540 | AA25: =Sheet1!BA26 -> 87 | AB25: =Sheet1!BC26 -> single | AC25: =Sheet1!BE26 -> 41 | AD25: =Sheet1!BG26 -> 46 | AE25: =Sheet1!BI26 -> NA | AF25: =Sheet1!BK26 -> NA | AG25: =Sheet1!BM26 -> 46 | AH25: =Sheet1!BO26 -> NA | AI25: =Sheet1!BQ26 -> NA | AJ25: =Sheet1!BS26 -> NA | AK25: =Sheet1!BU26 -> NA | AL25: =Sheet1!BQ26 -> NA | AM25: =Sheet1!BY26 -> NA | AN25: =Sheet1!CA26 -> NA | AO25: =Sheet1!CC26 -> NA | AP25: =Sheet1!CE26 -> NA | AQ25: =Sheet1!CG26 -> NA | AR25: =Sheet1!CI26 -> NA | AS25: =Sheet1!CK26 -> NA | AT25: =Sheet1!CM26 -> NA | AU25: =Sheet1!CO26 -> 41 | AV25: =Sheet1!CQ26 -> NS | AW25: =Sheet1!CS26 -> NS | AX25: =Sheet1!CU26 -> NS | AY25: =Sheet1!CW26 -> NS | AZ25: =Sheet1!CY26 -> NS | BA25: =Sheet1!DA26 -> NS | BB25: =Sheet1!DC26 -> NS | BC25: =Sheet1!DE26 -> NS | BD25: =Sheet1!DG26 -> NS | BE25: =Sheet1!DI26 -> NS | BF25: =Sheet1!DK26 -> NS | BG25: =Sheet1!DM26 -> NS | BH25: =Sheet1!DO26 -> NS | BI25: =Sheet1!DQ26 -> NS | BJ25: =Sheet1!DS26 -> disorder | BK25: =Sheet1!DU26 -> Clinical Assessment | BL25: =Sheet1!DW26 -> ICD-10 | BM25: =Sheet1!ES26 -> 6
A26: =Sheet1!A27 -> Schanzer | B26: =Sheet1!B27 -> 2006 | C26: =_xlfn.CONCAT(data!A26," ",data!B26) -> Schanzer 2006 | D26: =Sheet1!C27 -> 214 | E26: =Sheet1!E27 -> 88 | F26: =Sheet1!G27 -> NS | G26: =Sheet1!I27 -> NS | H26: =Sheet1!K27 -> 28.5 | I26: =Sheet1!M27 -> 148 | J26: =Sheet1!O27 -> NS | K26: =Sheet1!Q27 -> 0 | L26: =Sheet1!S27 -> 154 | M26: =Sheet1!U27 -> 302 | N26: =Sheet1!W27 -> 0 | O26: =Sheet1!Y27 -> 0 | P26: =Sheet1!AA27 -> 0 | Q26: =Sheet1!AC27 -> gen_hospital | R26: =Sheet1!AF27 -> n_am | S26: =Sheet1!AI27 -> yes | T26: =Sheet1!AK27 -> yes | U26: =Sheet1!AO27 -> 0 | V26: =Sheet1!AQ27 -> 0 | W26: =Sheet1!AS27 -> NS | X26: =Sheet1!AU27 -> NS | Y26: =Sheet1!AW27 -> NS | Z26: =Sheet1!AY27 -> 302 | AA26: =Sheet1!BA27 -> 53 | AB26: =Sheet1!BC27 -> single | AC26: =Sheet1!BE27 -> 0 | AD26: =Sheet1!BG27 -> 53 | AE26: =Sheet1!BI27 -> NA | AF26: =Sheet1!BK27 -> NA | AG26: =Sheet1!BM27 -> 53 | AH26: =Sheet1!BO27 -> NA | AI26: =Sheet1!BQ27 -> NA | AJ26: =Sheet1!BS27 -> NA | AK26: =Sheet1!BU27 -> NA | AL26: =Sheet1!BQ27 -> NA | AM26: =Sheet1!BY27 -> NA | AN26: =Sheet1!CA27 -> NA | AO26: =Sheet1!CC27 -> NA | AP26: =Sheet1!CE27 -> NA | AQ26: =Sheet1!CG27 -> NA | AR26: =Sheet1!CI27 -> NA | AS26: =Sheet1!CK27 -> NA | AT26: =Sheet1!CM27 -> NA | AU26: =Sheet1!CO27 -> NA | AV26: =Sheet1!CQ27 -> NS | AW26: =Sheet1!CS27 -> NS | AX26: =Sheet1!CU27 -> NS | AY26: =Sheet1!CW27 -> NS | AZ26: =Sheet1!CY27 -> NS | BA26: =Sheet1!DA27 -> NS | BB26: =Sheet1!DC27 -> all | BC26: =Sheet1!DE27 -> all | BD26: =Sheet1!DG27 -> yes | BE26: =Sheet1!DI27 -> yes | BF26: =Sheet1!DK27 -> NS | BG26: =Sheet1!DM27 -> NS | BH26: =Sheet1!DO27 -> NS | BI26: =Sheet1!DQ27 -> NS | BJ26: =Sheet1!DS27 -> disorder | BK26: =Sheet1!DU27 -> PRISM | BL26: =Sheet1!DW27 -> DSM-IV | BM26: =Sheet1!ES27 -> 9
A27: =Sheet1!A28 -> Scott | B27: =Sheet1!B28 -> 2018 | C27: =_xlfn.CONCAT(data!A27," ",data!B27) -> Scott 2018 | D27: =Sheet1!C28 -> 66 | E27: =Sheet1!E28 -> 47 | F27: =Sheet1!G28 -> NS | G27: =Sheet1!I28 -> NS | H27: =Sheet1!K28 -> 26.2 | I27: =Sheet1!M28 -> NS | J27: =Sheet1!O28 -> NS | K27: =Sheet1!Q28 -> NS | L27: =Sheet1!S28 -> NS | M27: =Sheet1!U28 -> 0 | N27: =Sheet1!W28 -> 113 | O27: =Sheet1!Y28 -> 0 | P27: =Sheet1!AA28 -> 0 | Q27: =Sheet1!AC28 -> inpat_psych | R27: =Sheet1!AF28 -> aus | S27: =Sheet1!AI28 -> yes | T27: =Sheet1!AK28 -> yes | U27: =Sheet1!AO28 -> 0 | V27: =Sheet1!AQ28 -> 0 | W27: =Sheet1!AS28 -> 30 | X27: =Sheet1!AU28 -> NS | Y27: =Sheet1!AW28 -> NS | Z27: =Sheet1!AY28 -> 113 | AA27: =Sheet1!BA28 -> 24 | AB27: =Sheet1!BC28 -> multiple | AC27: =Sheet1!BE28 -> 6 | AD27: =Sheet1!BG28 -> 18 | AE27: =Sheet1!BI28 -> 6 | AF27: =Sheet1!BK28 -> 0 | AG27: =Sheet1!BM28 -> 18 | AH27: =Sheet1!BO28 -> 0 | AI27: =Sheet1!BQ28 -> 0 | AJ27: =Sheet1!BS28 -> 0 | AK27: =Sheet1!BU28 -> 0 | AL27: =Sheet1!BQ28 -> 0 | AM27: =Sheet1!BY28 -> 0 | AN27: =Sheet1!CA28 -> 0 | AO27: =Sheet1!CC28 -> 0 | AP27: =Sheet1!CE28 -> 0 | AQ27: =Sheet1!CG28 -> 0 | AR27: =Sheet1!CI28 -> 0 | AS27: =Sheet1!CK28 -> 0 | AT27: =Sheet1!CM28 -> 0 | AU27: =Sheet1!CO28 -> 0 | AV27: =Sheet1!CQ28 -> Yes - NS | AW27: =Sheet1!CS28 -> Yes - NS | AX27: =Sheet1!CU28 -> NS | AY27: =Sheet1!CW28 -> yes - NS | AZ27: =Sheet1!CY28 -> Yes - NS | BA27: =Sheet1!DA28 -> All | BB27: =Sheet1!DC28 -> NS | BC27: =Sheet1!DE28 -> All | BD27: =Sheet1!DG28 -> NS | BE27: =Sheet1!DI28 -> NS | BF27: =Sheet1!DK28 -> NS | BG27: =Sheet1!DM28 -> NS | BH27: =Sheet1!DO28 -> Radioimmunoassay | BI27: =Sheet1!DQ28 -> NS | BJ27: =Sheet1!DS28 -> disorder | BK27: =Sheet1!DU28 -> NS | BL27: =Sheet1!DW28 -> ICD-10 | BM27: =Sheet1!ES28 -> 10
A28: =Sheet1!A29 -> Solomons | B28: =Sheet1!B29 -> 1990 | C28: =_xlfn.CONCAT(data!A28," ",data!B28) -> Solomons 1990 | D28: =Sheet1!C29 -> 100 | E28: =Sheet1!E29 -> 0 | F28: =Sheet1!G29 -> NS | G28: =Sheet1!I29 -> NS | H28: =Sheet1!K29 -> 28.2 | I28: =Sheet1!M29 -> 100 | J28: =Sheet1!O29 -> 0 | K28: =Sheet1!Q29 -> 0 | L28: =Sheet1!S29 -> 0 | M28: =Sheet1!U29 -> 0 | N28: =Sheet1!W29 -> 100 | O28: =Sheet1!Y29 -> 0 | P28: =Sheet1!AA29 -> 0 | Q28: =Sheet1!AC29 -> inpat_psych | R28: =Sheet1!AF29 -> afri | S28: =Sheet1!AI29 -> yes | T28: =Sheet1!AK29 -> no | U28: =Sheet1!AO29 -> NS | V28: =Sheet1!AQ29 -> NS | W28: =Sheet1!AS29 -> NS | X28: =Sheet1!AU29 -> NS | Y28: =Sheet1!AW29 -> NS | Z28: =Sheet1!AY29 -> 70 | AA28: =Sheet1!BA29 -> 42 | AB28: =Sheet1!BC29 -> multiple | AC28: =Sheet1!BE29 -> 0 | AD28: =Sheet1!BG29 -> 42 | AE28: =Sheet1!BI29 -> NA | AF28: =Sheet1!BK29 -> NA | AG28: =Sheet1!BM29 -> 42 | AH28: =Sheet1!BO29 -> NA | AI28: =Sheet1!BQ29 -> NA | AJ28: =Sheet1!BS29 -> NA | AK28: =Sheet1!BU29 -> NA | AL28: =Sheet1!BQ29 -> NA | AM28: =Sheet1!BY29 -> NA | AN28: =Sheet1!CA29 -> NA | AO28: =Sheet1!CC29 -> NA | AP28: =Sheet1!CE29 -> NA | AQ28: =Sheet1!CG29 -> NA | AR28: =Sheet1!CI29 -> NA | AS28: =Sheet1!CK29 -> NA | AT28: =Sheet1!CM29 -> NA | AU28: =Sheet1!CO29 -> NA | AV28: =Sheet1!CQ29 -> 0 | AW28: =Sheet1!CS29 -> 0 | AX28: =Sheet1!CU29 -> 0 | AY28: =Sheet1!CW29 -> some | AZ28: =Sheet1!CY29 -> 0 | BA28: =Sheet1!DA29 -> 0 | BB28: =Sheet1!DC29 -> all | BC28: =Sheet1!DE29 -> all | BD28: =Sheet1!DG29 -> NS | BE28: =Sheet1!DI29 -> NS | BF28: =Sheet1!DK29 -> NS | BG28: =Sheet1!DM29 -> NS | BH28: =Sheet1!DO29 -> NS | BI28: =Sheet1!DQ29 -> NS | BJ28: =Sheet1!DS29 -> disorder | BK28: =Sheet1!DU29 -> BPRS | BL28: =Sheet1!DW29 -> DSM-III | BM28: =Sheet1!ES29 -> 8
