Workbook

Sheet Sheet1
A1: First Author | B1: Date | C1: Gender (Male) | E1: Gender (Female) | G1: Mean Age (Primary) | I1: Mean Age (Secondary) | K1: Mean Age (Total) | M1: Ethnicity (Black) | O1: Ethnicity (White) | Q1: Ethnicity (Asian) | S1: Ethnicity (Other) | U1: Accident and Emergency / Urgent Care | W1: Inpatient Psychiatric Service | Y1: Outpatient Psychiatric Service | AA1: GP /non-Urgent Physical Care | AC1: setting | AD1: Country | AF1: Continant | AG1: Retrospective | AI1: Prospective | AK1: FEP Only | AM1: First Episode Cohort | AO1: Chronic Psychosis Cohort | AQ1: Mixed Cohort | AS1: DUP (all psychosis) | AU1: DUP (primary) | AW1: DUP (secondary) | AY1: Total Sample Size | BA1: Total Secondary Causes | BC1: Probable or Definite Secondary cause | BD1: Definite Secondary cause | BE1: Probable Secondary cause | BF1: Possible Secondary cause | BG1: Was the study looking at multiple causes? | BI1: Endogenous | BK1: Exogenous | BM1: Autoimmune Disorders | BO1: Cytogenic / Congenital | BQ1: Toxic / Substance-Induced | BS1: Iatrogenic | BU1: Cerebrovascular | BW1: Space-Occupying | BY1: Metabolic | CA1: Dietary | CC1: Sepsis / Infectious | CE1: Degenerative | CG1: Demyelinating | CI1: Seizure | CK1: Sleep Disorders | CM1: Head Injury | CO1: Endocrine | CQ1: Other | CS1: Unknown | CU1: MRI (freq) | CW1: CT (freq) | CY1: SPECT/PET (freq) | DA1: EEG (freq) | DC1: CSF (freq) | DE1: Blood (freq) | DG1: Urine (freq) | DI1: Psychiatric Assessment (freq) | DK1: Psychiatric Assessment Standardised Tool (y/n) | DM1: Physical Exam (including neurological, vital signs) (freq) | DO1: Cognitive Assessment (freq) | DQ1: Cognitive Assessment-standardised tool | DS1: Other (add detail) | DU1: NS | DW1: Diagnosis | DY1: Diagnostic Tool | EA1: Classification System | EC1: Item 1 | EE1: Item 2 | EG1: Item 3 | EI1: Item 4 | EK1: Item 5 | EM1: Item 6 | EO1: Item 7 | EQ1: Item 8 | ES1: Item 9 | EU1: Item 10 | EW1: Overall Score | EY1: First Author | EZ1: Date | FA1: Gender (Male) | FB1: Gender (Female) | FC1: Mean Age (Primary) | FD1: Mean Age (Secondary) | FE1: Mean Age (Total) | FF1: Ethnicity (Black) | FG1: Ethnicity (White) | FH1: Ethnicity (Asian) | FI1: Ethnicity (Other) | FJ1: Accident and Emergency / Urgent Care | FK1: Inpatient Psychiatric Service | FL1: Outpatient Psychiatric Service | FM1: GP /non-Urgent Physical Care | FN1: Geographic Location | FO1: Retrospective | FP1: Prospective | FQ1: First Episode Cohort | FR1: Chronic Psychosis Cohort | FS1: Mixed Cohort | FT1: Total Sample Size | FU1: Total Secondary Causes | FV1: Was the study looking at multiple causes? | FW1: Endogenous | FX1: Exogenous | FY1: Autoimmune Disorders | FZ1: Cytogenic / Congenital | GA1: Toxic / Substance-Induced | GB1: Iatrogenic | GC1: Cerebrovascular | GD1: Space-Occupying | GE1: Metabolic | GF1: Dietary | GG1: Sepsis / Infectious | GH1: Degenerative | GI1: Demyelinating | GJ1: Seizure | GK1: Sleep Disorder | GL1: Head Injury | GM1: Endocrine | GN1: Other | GO1: Unknown | GP1: MRI (freq) | GQ1: CT (freq) | GR1: SPECT/PET (freq) | GS1: EEG (freq) | GT1: CSF (freq) | GU1: Blood (freq) | GV1: Urine (freq) | GW1: Psychiatric Assessment (freq) | GX1: Psychiatric Assessment Standardised Tool (y/n) | GY1: Physical Exam (including neurological, vital signs) (freq) | GZ1: Cognitive Assessment (freq) | HA1: Cognitive Assessment-standardised tool | HB1: Other (add detail) | HC1: NS | HD1: Item 1 | HE1: Item 2 | HF1: Item 3 | HG1: Item 4 | HH1: Item 5 | HI1: Item 6 | HJ1: Item 7 | HK1: Item 8 | HL1: Item 9 | HM1: Item 10 | HN1: Overall Score | HO1: Comments - endogenous causesnot reported at most granual level | HP1: includes endogenous noS as "other"/"unknown"
C2: Rater 1 | D2: Rater 2 | E2: Rater 1 | F2: Rater 2 | G2: Rater 1 | H2: Rater 2 | I2: Rater 1 | J2: Rater 2 | K2: Rater 1 | L2: Rater 2 | M2: Rater 1 | N2: Rater 2 | O2: Rater 1 | P2: Rater 2 | Q2: Rater 1 | R2: Rater 2 | S2: Rater 1 | T2: Rater 2 | U2: Rater 1 | V2: Rater 2 | W2: Rater 1 | X2: Rater 2 | Y2: Rater 1 | Z2: Rater 2 | AA2: Rater 1 | AB2: Rater 2 | AD2: Rater 1 | AE2: Rater 2 | AG2: Rater 1 | AH2: Rater 2 | AI2: Rater 1 | AJ2: Rater 2 | AK2: Rater 1 | AL2: Rater 2 | AM2: Rater 1 | AN2: Rater 2 | AO2: Rater 1 | AP2: Rater 2 | AQ2: Rater 1 | AR2: Rater 2 | AS2: Rater 1 | AT2: Rater 2 | AU2: Rater 1 | AV2: Rater 2 | AW2: Rater 1 | AX2: Rater 2 | AY2: Rater 1 | AZ2: Rater 2 | BA2: Rater 1 | BB2: Rater 2 | BG2: Rater 1 | BH2: Rater 2 | BI2: Rater 1 | BJ2: Rater 2 | BK2: Rater 1 | BL2: Rater 2 | BM2: Rater 1 | BN2: Rater 2 | BO2: Rater 1 | BP2: Rater 2 | BQ2: Rater 1 | BR2: Rater 2 | BS2: Rater 1 | BT2: Rater 2 | BU2: Rater 1 | BV2: Rater 2 | BW2: Rater 1 | BX2: Rater 2 | BY2: Rater 1 | BZ2: Rater 2 | CA2: Rater 1 | CB2: Rater 2 | CC2: Rater 1 | CD2: Rater 2 | CE2: Rater 1 | CF2: Rater 2 | CG2: Rater 1 | CH2: Rater 2 | CI2: Rater 1 | CJ2: Rater 2 | CK2: Rater 1 | CL2: Rater 2 | CM2: Rater 1 | CN2: Rater 2 | CO2: Rater 1 | CP2: Rater 2 | CQ2: Rater 1 | CR2: Rater 2 | CS2: Rater 1 | CT2: Rater 2 | CU2: Rater 1 | CV2: Rater 2 | CW2: Rater 1 | CX2: Rater 2 | CY2: Rater 1 | CZ2: Rater 2 | DA2: Rater 1 | DB2: Rater 2 | DC2: Rater 1 | DD2: Rater 2 | DE2: Rater 1 | DF2: Rater 2 | DG2: Rater 1 | DH2: Rater 2 | DI2: Rater 1 | DJ2: Rater 2 | DK2: Rater 1 | DL2: Rater 2 | DM2: Rater 1 | DN2: Rater 2 | DO2: Rater 1 | DP2: Rater 2 | DQ2: Rater 1 | DR2: Rater 2 | DS2: Rater 1 | DT2: Rater 2 | DU2: Rater 1 | DV2: Rater 2 | DW2: Rater 1 | DX2: Rater 2 | DY2: Rater 1 | DZ2: Rater 2 | EA2: Rater 1 | EB2: Rater 2 | EC2: Rater 1 | ED2: Rater 2 | EE2: Rater 1 | EF2: Rater 2 | EG2: Rater 1 | EH2: Rater 2 | EI2: Rater 1 | EJ2: Rater 2 | EK2: Rater 1 | EL2: Rater 2 | EM2: Rater 1 | EN2: Rater 2 | EO2: Rater 1 | EP2: Rater 2 | EQ2: Rater 1 | ER2: Rater 2 | ES2: Rater 1 | ET2: Rater 2 | EU2: Rater 1 | EV2: Rater 2 | EW2: Rater 1 | EX2: Rater 2
A3: Adams | B3: 1996 | C3: 68 | D3: 68 | E3: 43 | F3: 43 | G3: NS | H3: NS | I3: NS | J3: NS | K3: NS | L3: NS | M3: NS | N3: NS | O3: NS | P3: NS | Q3: NS | R3: NS | S3: NS | T3: NS | U3: 0 | V3: 0 | W3: 111 | X3: 111 | Y3: 0 | Z3: 0 | AA3: 0 | AB3: 0 | AC3: inpat_psych | AD3: Canada | AE3: Canada | AF3: n_am | AG3: no | AH3: no | AI3: yes | AJ3: yes | AK3: yes | AL3: yes | AM3: 111 | AN3: 111 | AO3: 0 | AP3: 0 | AQ3: 0 | AR3: 0 | AS3: NS | AT3: NS | AU3: NS | AV3: NS | AW3: NS | AX3: NS | AY3: 111 | AZ3: 111 | BA3: 0 | BB3: 0 | BC3: =BD3+BE3 -> 0 | BD3: 0 | BE3: 0 | BF3: 0 | BG3: multiple | BH3: multiple | BI3: 0 | BJ3: 0 | BK3: 0 | BL3: 0 | BM3: NA | BN3: NA | BO3: NA | BP3: NA | BQ3: NA | BR3: NA | BS3: NA | BT3: NA | BU3: 0 | BV3: 0 | BW3: 0 | BX3: 0 | BY3: 0 | BZ3: 0 | CA3: 0 | CB3: 0 | CC3: NA | CD3: NA | CE3: 0 | CF3: 0 | CG3: 0 | CH3: 0 | CI3: NA | CJ3: NA | CK3: NA | CL3: NA | CM3: 0 | CN3: 0 | CO3: 0 | CP3: 0 | CQ3: NA | CR3: NA | CS3: NA | CT3: NA | CU3: NS | CV3: NS | CW3: some | CX3: some | CY3: some | CZ3: some | DA3: some | DB3: some | DC3: NS | DD3: NS | DE3: all | DF3: all | DG3: NS | DH3: NS | DI3: all | DJ3: all | DK3: NS | DL3: NS | DM3: NS | DN3: NS | DO3: NS | DP3: NS | DQ3: NS | DR3: NS | DS3: NS | DT3: NS | DU3: NS | DV3: NS | DW3: Psychotic Disorder | DX3: Psychotic Disorder | DY3: NS | DZ3: NS | EA3: NS | EB3: NS | EC3: 1 | ED3: 1 | EE3: 1 | EF3: 1 | EG3: 1 | EH3: 1 | EI3: 1 | EJ3: 1 | EK3: 1 | EL3: 1 | EM3: 1 | EN3: 1 | EO3: 1 | EP3: 1 | EQ3: 1 | ER3: 1 | ES3: 1 | ET3: 1 | EU3: 1 | EV3: 1 | EW3: =SUM(EC3,EE3,EG3,EI3,EK3,EM3,EO3,EQ3,ES3,EU3) -> 10 | EX3: =SUM(ED3,EF3,EH3,EJ3,EL3,EN3,EP3,ER3,ET3,EV3) -> 10 | EY3: =A3 -> Adams | EZ3: =B3 -> 1996 | FA3: =IF(C3=D3,"Y","N") -> Y | FB3: =IF(E3=F3,"Y","N") -> Y | FC3: =IF(G3=H3,"Y","N") -> Y | FD3: =IF(I3=J3,"Y","N") -> Y | FE3: =IF(K3=L3,"Y","N") -> Y | FF3: =IF(M3=N3,"Y","N") -> Y | FG3: =IF(O3=P3,"Y","N") -> Y | FH3: =IF(Q3=R3,"Y","N") -> Y | FI3: =IF(S3=T3,"Y","N") -> Y | FJ3: =IF(U3=V3,"Y","N") -> Y | FK3: =IF(W3=X3,"Y","N") -> Y | FL3: =IF(Y3=Z3,"Y","N") -> Y | FM3: =IF(AA3=AB3,"Y","N") -> Y | FN3: =IF(AD3=AE3,"Y","N") -> Y | FO3: =IF(AG3=AH3,"Y","N") -> Y | FP3: =IF(AI3=AJ3,"Y","N") -> Y | FQ3: =IF(AM3=AN3,"Y","N") -> Y | FR3: =IF(AO3=AP3,"Y","N") -> Y | FS3: =IF(AQ3=AR3,"Y","N") -> Y | FT3: =IF(AY3=AZ3,"Y","N") -> Y | FU3: =IF(BA3=BB3,"Y","N") -> Y | FV3: =IF(BG3=BH3,"Y","N") -> Y | FW3: =IF(BI3=BJ3,"Y","N") -> Y | FX3: =IF(BK3=BL3,"Y","N") -> Y | FY3: =IF(BM3=BN3,"Y","N") -> Y | FZ3: =IF(BO3=BP3,"Y","N") -> Y | GA3: =IF(BQ3=BR3,"Y","N") -> Y | GB3: =IF(BS3=BT3,"Y","N") -> Y | GC3: =IF(BU3=BV3,"Y","N") -> Y | GD3: =IF(BW3=BX3,"Y","N") -> Y | GE3: =IF(BY3=BZ3,"Y","N") -> Y | GF3: =IF(CA3=CB3,"Y","N") -> Y | GG3: =IF(CC3=CD3,"Y","N") -> Y | GH3: =IF(CE3=CF3,"Y","N") -> Y | GI3: =IF(CG3=CH3,"Y","N") -> Y | GJ3: =IF(CI3=CJ3,"Y","N") -> Y | GK3: =IF(CK3=CL3, "Y", "N") -> Y | GL3: =IF(CM3=CN3, "Y", "N") -> Y | GM3: =IF(CO3=CP3,"Y","N") -> Y | GN3: =IF(CQ3=CR3,"Y","N") -> Y | GO3: =IF(CS3=CT3,"Y","N") -> Y | GP3: =IF(CU3=CV3,"Y","N") -> Y | GQ3: =IF(CW3=CX3,"Y","N") -> Y | GR3: =IF(CY3=CZ3,"Y","N") -> Y | GS3: =IF(DA3=DB3,"Y","N") -> Y | GT3: =IF(DC3=DD3,"Y","N") -> Y | GU3: =IF(DE3=DF3,"Y","N") -> Y | GV3: =IF(DG3=DH3,"Y","N") -> Y | GW3: =IF(DI3=DJ3,"Y","N") -> Y | GX3: =IF(DK3=DL3,"Y","N") -> Y | GY3: =IF(DM3=DN3,"Y","N") -> Y | GZ3: =IF(DO3=DP3,"Y","N") -> Y | HA3: =IF(DQ3=DR3,"Y","N") -> Y | HB3: =IF(DS3=DT3,"Y","N") -> Y | HC3: =IF(DU3=DV3,"Y","N") -> Y | HD3: =IF(EC3=ED3,"Y","N") -> Y | HE3: =IF(EE3=EF3,"Y","N") -> Y | HF3: =IF(EG3=EH3,"Y","N") -> Y | HG3: =IF(EI3=EJ3,"Y","N") -> Y | HH3: =IF(EK3=EL3,"Y","N") -> Y | HI3: =IF(EM3=EN3,"Y","N") -> Y | HJ3: =IF(EO3=EP3,"Y","N") -> Y | HK3: =IF(EQ3=ER3,"Y","N") -> Y | HL3: =IF(ES3=ET3,"Y","N") -> Y | HM3: =IF(EU3=EV3,"Y","N") -> Y | HN3: =IF(EW3=EX3,"Y","N") -> Y
A4: Bechter | B4: 2010 | C4: 21 | D4: 21 | E4: 18 | F4: 18 | G4: NS | H4: NS | I4: NS | J4: NS | K4: 33.2 | L4: 33.2 | M4: NS | N4: NS | O4: NS | P4: NS | Q4: NS | R4: NS | S4: NS | T4: NS | U4: 0 | V4: 0 | W4: 39 | X4: 39 | Y4: 0 | Z4: 0 | AA4: 0 | AB4: 0 | AC4: inpat_psych | AD4: Germany | AE4: Germany | AF4: euro | AG4: no | AH4: no | AI4: yes | AJ4: yes | AK4: no | AL4: no | AM4: NS | AN4: NS | AO4: 39 | AP4: 39 | AQ4: NS | AR4: NS | AS4: NS | AT4: NS | AU4: NS | AV4: NS | AW4: NS | AX4: NS | AY4: 39 | AZ4: 39 | BA4: 2 | BB4: 2 | BC4: =BD4+BE4 -> 1 | BD4: 1 | BE4: 0 | BF4: 1 | BG4: multiple | BH4: multiple | BI4: 1 | BJ4: 1 | BK4: NA | BL4: NA | BM4: 1 | BN4: 1 | BO4: NA | BP4: NA | BQ4: NA | BR4: NA | BS4: NA | BT4: NA | BU4: 0 | BV4: 0 | BW4: 0 | BX4: 0 | BY4: NA | BZ4: NA | CA4: NA | CB4: NA | CC4: NA | CD4: NA | CE4: 0 | CF4: 0 | CG4: 0 | CH4: 0 | CI4: NA | CJ4: NA | CK4: NA | CL4: NA | CM4: 0 | CN4: 0 | CO4: NA | CP4: NA | CQ4: NA | CR4: NA | CS4: NA | CT4: NA | CU4: some | CV4: some | CW4: some | CX4: some | CY4: NS | CZ4: NS | DA4: some | DB4: some | DC4: all | DD4: all | DE4: all | DF4: all | DG4: NS | DH4: NS | DI4: all | DJ4: all | DK4: yes | DL4: yes | DM4: some | DN4: some | DO4: NS | DP4: NS | DQ4: NS | DR4: NS | DS4: NS | DT4: NS | DU4: NS | DV4: NS | DW4: Psychotic Disorder | DX4: Psychitoic Disorder | DY4: NS | DZ4: NS | EA4: ICD-10 | EB4: ICD-10 | EC4: 0 | ED4: 0 | EE4: 1 | EF4: 1 | EG4: 1 | EH4: 1 | EI4: 1 | EJ4: 1 | EK4: 1 | EL4: 1 | EM4: 1 | EN4: 1 | EO4: 1 | EP4: 1 | EQ4: 1 | ER4: 1 | ES4: 1 | ET4: 1 | EU4: 1 | EV4: 1 | EW4: =SUM(EC4,EE4,EG4,EI4,EK4,EM4,EO4,EQ4,ES4,EU4) -> 9 | EX4: =SUM(ED4,EF4,EH4,EJ4,EL4,EN4,EP4,ER4,ET4,EV4) -> 9 | EY4: =A4 -> Bechter | EZ4: =B4 -> 2010 | FA4: =IF(C4=D4,"Y","N") -> Y | FB4: =IF(E4=F4,"Y","N") -> Y | FC4: =IF(G4=H4,"Y","N") -> Y | FD4: =IF(I4=J4,"Y","N") -> Y | FE4: =IF(K4=L4,"Y","N") -> Y | FF4: =IF(M4=N4,"Y","N") -> Y | FG4: =IF(O4=P4,"Y","N") -> Y | FH4: =IF(Q4=R4,"Y","N") -> Y | FI4: =IF(S4=T4,"Y","N") -> Y | FJ4: =IF(U4=V4,"Y","N") -> Y | FK4: =IF(W4=X4,"Y","N") -> Y | FL4: =IF(Y4=Z4,"Y","N") -> Y | FM4: =IF(AA4=AB4,"Y","N") -> Y | FN4: =IF(AD4=AE4,"Y","N") -> Y | FO4: =IF(AG4=AH4,"Y","N") -> Y | FP4: =IF(AI4=AJ4,"Y","N") -> Y | FQ4: =IF(AM4=AN4,"Y","N") -> Y | FR4: =IF(AO4=AP4,"Y","N") -> Y | FS4: =IF(AQ4=AR4,"Y","N") -> Y | FT4: =IF(AY4=AZ4,"Y","N") -> Y | FU4: =IF(BA4=BB4,"Y","N") -> Y | FV4: =IF(BG4=BH4,"Y","N") -> Y | FW4: =IF(BI4=BJ4,"Y","N") -> Y | FX4: =IF(BK4=BL4,"Y","N") -> Y | FY4: =IF(BM4=BN4,"Y","N") -> Y | FZ4: =IF(BO4=BP4,"Y","N") -> Y | GA4: =IF(BQ4=BR4,"Y","N") -> Y | GB4: =IF(BS4=BT4,"Y","N") -> Y | GC4: =IF(BU4=BV4,"Y","N") -> Y | GD4: =IF(BW4=BX4,"Y","N") -> Y | GE4: =IF(BY4=BZ4,"Y","N") -> Y | GF4: =IF(CA4=CB4,"Y","N") -> Y | GG4: =IF(CC4=CD4,"Y","N") -> Y | GH4: =IF(CE4=CF4,"Y","N") -> Y | GI4: =IF(CG4=CH4,"Y","N") -> Y | GJ4: =IF(CI4=CJ4,"Y","N") -> Y | GK4: =IF(CK4=CL4, "Y", "N") -> Y | GL4: =IF(CM4=CN4, "Y", "N") -> Y | GM4: =IF(CO4=CP4,"Y","N") -> Y | GN4: =IF(CQ4=CR4,"Y","N") -> Y | GO4: =IF(CS4=CT4,"Y","N") -> Y | GP4: =IF(CU4=CV4,"Y","N") -> Y | GQ4: =IF(CW4=CX4,"Y","N") -> Y | GR4: =IF(CY4=CZ4,"Y","N") -> Y | GS4: =IF(DA4=DB4,"Y","N") -> Y | GT4: =IF(DC4=DD4,"Y","N") -> Y | GU4: =IF(DE4=DF4,"Y","N") -> Y | GV4: =IF(DG4=DH4,"Y","N") -> Y | GW4: =IF(DI4=DJ4,"Y","N") -> Y | GX4: =IF(DK4=DL4,"Y","N") -> Y | GY4: =IF(DM4=DN4,"Y","N") -> Y | GZ4: =IF(DO4=DP4,"Y","N") -> Y | HA4: =IF(DQ4=DR4,"Y","N") -> Y | HB4: =IF(DS4=DT4,"Y","N") -> Y | HC4: =IF(DU4=DV4,"Y","N") -> Y | HD4: =IF(EC4=ED4,"Y","N") -> Y | HE4: =IF(EE4=EF4,"Y","N") -> Y | HF4: =IF(EG4=EH4,"Y","N") -> Y | HG4: =IF(EI4=EJ4,"Y","N") -> Y | HH4: =IF(EK4=EL4,"Y","N") -> Y | HI4: =IF(EM4=EN4,"Y","N") -> Y | HJ4: =IF(EO4=EP4,"Y","N") -> Y | HK4: =IF(EQ4=ER4,"Y","N") -> Y | HL4: =IF(ES4=ET4,"Y","N") -> Y | HM4: =IF(EU4=EV4,"Y","N") -> Y | HN4: =IF(EW4=EX4,"Y","N") -> Y
A5: Caton | B5: 2005 | C5: 278 | D5: 278 | E5: 108 | F5: 108 | G5: 27.1 | H5: 27.1 | I5: 30.1 | J5: 30.1 | K5: 28.5 | L5: 28.5 | M5: 168 | N5: 168 | O5: 56 | P5: 56 | Q5: 0 | R5: 0 | S5: 0 | T5: 0 | U5: 386 | V5: 386 | W5: 0 | X5: 0 | Y5: 0 | Z5: 0 | AA5: 0 | AB5: 0 | AC5: gen_hospital | AD5: USA | AE5: USA | AF5: n_am | AG5: no | AH5: no | AI5: yes | AJ5: yes | AK5: yes | AL5: yes | AM5: NS | AN5: NS | AO5: NS | AP5: NS | AQ5: NS | AR5: NS | AS5: NS | AT5: NS | AU5: NS | AV5: NS | AW5: NS | AX5: NS | AY5: 386 | AZ5: 386 | BA5: 169 | BB5: 169 | BC5: =BD5+BE5 -> 169 | BD5: 169 | BE5: 0 | BF5: 0 | BG5: single | BH5: single | BI5: NA | BJ5: NA | BK5: 169 | BL5: =SUM(BR5,BT5) -> 169 | BM5: NA | BN5: NA | BO5: NA | BP5: NA | BQ5: 169 | BR5: 169 | BS5: NA | BT5: NA | BU5: NA | BV5: NA | BW5: NA | BX5: NA | BY5: NA | BZ5: NA | CA5: NA | CB5: NA | CC5: NA | CD5: NA | CE5: NA | CF5: NA | CG5: NA | CH5: NA | CI5: NA | CJ5: NA | CK5: NA | CL5: NA | CM5: NA | CN5: NA | CO5: NA | CP5: NA | CQ5: NA | CR5: NA | CS5: NA | CT5: NA | CU5: NS | CV5: NS | CW5: NS | CX5: NS | CY5: NS | CZ5: NS | DA5: NS | DB5: NS | DC5: NS | DD5: NS | DE5: NS | DF5: NS | DG5: all | DH5: all | DI5: all | DJ5: all | DK5: yes | DL5: yes | DM5: NS | DN5: NS | DO5: NS | DP5: NS | DQ5: NS | DR5: NS | DS5: NS | DT5: NS | DU5: NS | DV5: NS | DW5: Psychotic Disorder | DX5: Psychotic Disorder | DY5: PRISM | DZ5: PRISM | EA5: DSM-IV | EB5: DSM-IV | EC5: 1 | ED5: 1 | EE5: 0 | EF5: 0 | EG5: 1 | EH5: 1 | EI5: 1 | EJ5: 1 | EK5: 1 | EL5: 1 | EM5: 1 | EN5: 1 | EO5: 1 | EP5: 1 | EQ5: 1 | ER5: 1 | ES5: 1 | ET5: 1 | EU5: 1 | EV5: 1 | EW5: =SUM(EC5,EE5,EG5,EI5,EK5,EM5,EO5,EQ5,ES5,EU5) -> 9 | EX5: =SUM(ED5,EF5,EH5,EJ5,EL5,EN5,EP5,ER5,ET5,EV5) -> 9 | EY5: =A5 -> Caton | EZ5: =B5 -> 2005 | FA5: =IF(C5=D5,"Y","N") -> Y | FB5: =IF(E5=F5,"Y","N") -> Y | FC5: =IF(G5=H5,"Y","N") -> Y | FD5: =IF(I5=J5,"Y","N") -> Y | FE5: =IF(K5=L5,"Y","N") -> Y | FF5: =IF(M5=N5,"Y","N") -> Y | FG5: =IF(O5=P5,"Y","N") -> Y | FH5: =IF(Q5=R5,"Y","N") -> Y | FI5: =IF(S5=T5,"Y","N") -> Y | FJ5: =IF(U5=V5,"Y","N") -> Y | FK5: =IF(W5=X5,"Y","N") -> Y | FL5: =IF(Y5=Z5,"Y","N") -> Y | FM5: =IF(AA5=AB5,"Y","N") -> Y | FN5: =IF(AD5=AE5,"Y","N") -> Y | FO5: =IF(AG5=AH5,"Y","N") -> Y | FP5: =IF(AI5=AJ5,"Y","N") -> Y | FQ5: =IF(AM5=AN5,"Y","N") -> Y | FR5: =IF(AO5=AP5,"Y","N") -> Y | FS5: =IF(AQ5=AR5,"Y","N") -> Y | FT5: =IF(AY5=AZ5,"Y","N") -> Y | FU5: =IF(BA5=BB5,"Y","N") -> Y | FV5: =IF(BG5=BH5,"Y","N") -> Y | FW5: =IF(BI5=BJ5,"Y","N") -> Y | FX5: =IF(BK5=BL5,"Y","N") -> Y | FY5: =IF(BM5=BN5,"Y","N") -> Y | FZ5: =IF(BO5=BP5,"Y","N") -> Y | GA5: =IF(BQ5=BR5,"Y","N") -> Y | GB5: =IF(BS5=BT5,"Y","N") -> Y | GC5: =IF(BU5=BV5,"Y","N") -> Y | GD5: =IF(BW5=BX5,"Y","N") -> Y | GE5: =IF(BY5=BZ5,"Y","N") -> Y | GF5: =IF(CA5=CB5,"Y","N") -> Y | GG5: =IF(CC5=CD5,"Y","N") -> Y | GH5: =IF(CE5=CF5,"Y","N") -> Y | GI5: =IF(CG5=CH5,"Y","N") -> Y | GJ5: =IF(CI5=CJ5,"Y","N") -> Y | GK5: =IF(CK5=CL5, "Y", "N") -> Y | GL5: =IF(CM5=CN5, "Y", "N") -> Y | GM5: =IF(CO5=CP5,"Y","N") -> Y | GN5: =IF(CQ5=CR5,"Y","N") -> Y | GO5: =IF(CS5=CT5,"Y","N") -> Y | GP5: =IF(CU5=CV5,"Y","N") -> Y | GQ5: =IF(CW5=CX5,"Y","N") -> Y | GR5: =IF(CY5=CZ5,"Y","N") -> Y | GS5: =IF(DA5=DB5,"Y","N") -> Y | GT5: =IF(DC5=DD5,"Y","N") -> Y | GU5: =IF(DE5=DF5,"Y","N") -> Y | GV5: =IF(DG5=DH5,"Y","N") -> Y | GW5: =IF(DI5=DJ5,"Y","N") -> Y | GX5: =IF(DK5=DL5,"Y","N") -> Y | GY5: =IF(DM5=DN5,"Y","N") -> Y | GZ5: =IF(DO5=DP5,"Y","N") -> Y | HA5: =IF(DQ5=DR5,"Y","N") -> Y | HB5: =IF(DS5=DT5,"Y","N") -> Y | HC5: =IF(DU5=DV5,"Y","N") -> Y | HD5: =IF(EC5=ED5,"Y","N") -> Y | HE5: =IF(EE5=EF5,"Y","N") -> Y | HF5: =IF(EG5=EH5,"Y","N") -> Y | HG5: =IF(EI5=EJ5,"Y","N") -> Y | HH5: =IF(EK5=EL5,"Y","N") -> Y | HI5: =IF(EM5=EN5,"Y","N") -> Y | HJ5: =IF(EO5=EP5,"Y","N") -> Y | HK5: =IF(EQ5=ER5,"Y","N") -> Y | HL5: =IF(ES5=ET5,"Y","N") -> Y | HM5: =IF(EU5=EV5,"Y","N") -> Y | HN5: =IF(EW5=EX5,"Y","N") -> Y
A6: Correa-Oliveira | B6: 2022 | C6: 152 | D6: 152 | E6: 85 | F6: 85 | G6: NS | H6: NS | I6: NS | J6: NS | K6: 23.5 | L6: 23.5 | M6: NS | N6: NS | O6: 153 | P6: 153 | Q6: NS | R6: NS | S6: 64 | T6: 64 | U6: 0 | V6: 0 | W6: 0 | X6: 0 | Y6: 237 | Z6: 237 | AA6: 0 | AB6: 0 | AC6: outpat_psych | AD6: Brazil | AE6: Brazil | AF6: s_am | AG6: yes | AH6: yes | AI6: no | AJ6: no | AK6: yes | AL6: yes | AM6: 237 | AN6: 237 | AO6: 0 | AP6: 0 | AQ6: 0 | AR6: 0 | AS6: NS | AT6: NS | AU6: NS | AV6: NS | AW6: NS | AX6: NS | AY6: 237 | AZ6: 237 | BA6: 84 | BB6: 84 | BC6: =BD6+BE6 -> 84 | BD6: 84 | BE6: 0 | BF6: 0 | BG6: multiple | BH6: multiple | BI6: 23 | BJ6: 23 | BK6: 61 | BL6: =SUM(BR6,BT6) -> 61 | BM6: NA | BN6: NA | BO6: NA | BP6: NA | BQ6: 61 | BR6: 61 | BS6: NA | BT6: NA | BU6: NA | BV6: NA | BW6: NA | BX6: NA | BY6: NA | BZ6: NA | CA6: NA | CB6: NA | CC6: NA | CD6: NA | CE6: NA | CF6: NA | CG6: NA | CH6: NA | CI6: NA | CJ6: NA | CK6: NA | CL6: NA | CM6: NA | CN6: NA | CO6: NA | CP6: NA | CQ6: NA | CR6: NA | CS6: 23 | CT6: 23 | CU6: NS | CV6: NS | CW6: all | CX6: all | CY6: all | CZ6: all | DA6: NS | DB6: NS | DC6: NS | DD6: NS | DE6: all | DF6: all | DG6: all | DH6: all | DI6: all | DJ6: all | DK6: yes | DL6: yes | DM6: all | DN6: all | DO6: NS | DP6: NS | DQ6: NS | DR6: NS | DS6: NS | DT6: NS | DU6: NS | DV6: NS | DW6: Psychotic Disorder | DX6: Psychotic Disorder | DY6: SCID | DZ6: SCID | EA6: DSM-5 | EB6: DSM-IV | EC6: 1 | ED6: 1 | EE6: 1 | EF6: 1 | EG6: 1 | EH6: 1 | EI6: 1 | EJ6: 1 | EK6: 1 | EL6: 1 | EM6: 1 | EN6: 1 | EO6: 1 | EP6: 1 | EQ6: 1 | ER6: 1 | ES6: 1 | ET6: 1 | EU6: 1 | EV6: 1 | EW6: =SUM(EC6,EE6,EG6,EI6,EK6,EM6,EO6,EQ6,ES6,EU6) -> 10 | EX6: =SUM(ED6,EF6,EH6,EJ6,EL6,EN6,EP6,ER6,ET6,EV6) -> 10 | EY6: =A6 -> Correa-Oliveira | EZ6: =B6 -> 2022 | FA6: =IF(C6=D6,"Y","N") -> Y | FB6: =IF(E6=F6,"Y","N") -> Y | FC6: =IF(G6=H6,"Y","N") -> Y | FD6: =IF(I6=J6,"Y","N") -> Y | FE6: =IF(K6=L6,"Y","N") -> Y | FF6: =IF(M6=N6,"Y","N") -> Y | FG6: =IF(O6=P6,"Y","N") -> Y | FH6: =IF(Q6=R6,"Y","N") -> Y | FI6: =IF(S6=T6,"Y","N") -> Y | FJ6: =IF(U6=V6,"Y","N") -> Y | FK6: =IF(W6=X6,"Y","N") -> Y | FL6: =IF(Y6=Z6,"Y","N") -> Y | FM6: =IF(AA6=AB6,"Y","N") -> Y | FN6: =IF(AD6=AE6,"Y","N") -> Y | FO6: =IF(AG6=AH6,"Y","N") -> Y | FP6: =IF(AI6=AJ6,"Y","N") -> Y | FQ6: =IF(AM6=AN6,"Y","N") -> Y | FR6: =IF(AO6=AP6,"Y","N") -> Y | FS6: =IF(AQ6=AR6,"Y","N") -> Y | FT6: =IF(AY6=AZ6,"Y","N") -> Y | FU6: =IF(BA6=BB6,"Y","N") -> Y | FV6: =IF(BG6=BH6,"Y","N") -> Y | FW6: =IF(BI6=BJ6,"Y","N") -> Y | FX6: =IF(BK6=BL6,"Y","N") -> Y | FY6: =IF(BM6=BN6,"Y","N") -> Y | FZ6: =IF(BO6=BP6,"Y","N") -> Y | GA6: =IF(BQ6=BR6,"Y","N") -> Y | GB6: =IF(BS6=BT6,"Y","N") -> Y | GC6: =IF(BU6=BV6,"Y","N") -> Y | GD6: =IF(BW6=BX6,"Y","N") -> Y | GE6: =IF(BY6=BZ6,"Y","N") -> Y | GF6: =IF(CA6=CB6,"Y","N") -> Y | GG6: =IF(CC6=CD6,"Y","N") -> Y | GH6: =IF(CE6=CF6,"Y","N") -> Y | GI6: =IF(CG6=CH6,"Y","N") -> Y | GJ6: =IF(CI6=CJ6,"Y","N") -> Y | GK6: =IF(CK6=CL6, "Y", "N") -> Y | GL6: =IF(CM6=CN6, "Y", "N") -> Y | GM6: =IF(CO6=CP6,"Y","N") -> Y | GN6: =IF(CQ6=CR6,"Y","N") -> Y | GO6: =IF(CS6=CT6,"Y","N") -> Y | GP6: =IF(CU6=CV6,"Y","N") -> Y | GQ6: =IF(CW6=CX6,"Y","N") -> Y | GR6: =IF(CY6=CZ6,"Y","N") -> Y | GS6: =IF(DA6=DB6,"Y","N") -> Y | GT6: =IF(DC6=DD6,"Y","N") -> Y | GU6: =IF(DE6=DF6,"Y","N") -> Y | GV6: =IF(DG6=DH6,"Y","N") -> Y | GW6: =IF(DI6=DJ6,"Y","N") -> Y | GX6: =IF(DK6=DL6,"Y","N") -> Y | GY6: =IF(DM6=DN6,"Y","N") -> Y | GZ6: =IF(DO6=DP6,"Y","N") -> Y | HA6: =IF(DQ6=DR6,"Y","N") -> Y | HB6: =IF(DS6=DT6,"Y","N") -> Y | HC6: =IF(DU6=DV6,"Y","N") -> Y | HD6: =IF(EC6=ED6,"Y","N") -> Y | HE6: =IF(EE6=EF6,"Y","N") -> Y | HF6: =IF(EG6=EH6,"Y","N") -> Y | HG6: =IF(EI6=EJ6,"Y","N") -> Y | HH6: =IF(EK6=EL6,"Y","N") -> Y | HI6: =IF(EM6=EN6,"Y","N") -> Y | HJ6: =IF(EO6=EP6,"Y","N") -> Y | HK6: =IF(EQ6=ER6,"Y","N") -> Y | HL6: =IF(ES6=ET6,"Y","N") -> Y | HM6: =IF(EU6=EV6,"Y","N") -> Y | HN6: =IF(EW6=EX6,"Y","N") -> Y | HO6: 1 | HP6: 1
A7: Drake | B7: 2011 | C7: 152 | D7: 152 | E7: 99 | F7: 99 | G7: 27.2 | H7: 27.2 | I7: 30.4 | J7: 30.4 | K7: NS | L7: NS | M7: 156 | N7: 156 | O7: 52 | P7: 52 | Q7: 0 | R7: 0 | S7: 147 | T7: 147 | U7: 351 | V7: 351 | W7: 0 | X7: 0 | Y7: 0 | Z7: 0 | AA7: 0 | AB7: 0 | AC7: gen_hospital | AD7: USA | AE7: USA | AF7: n_am | AG7: no | AH7: no | AI7: yes | AJ7: yes | AK7: yes | AL7: yes | AM7: 351 | AN7: 351 | AO7: 0 | AP7: 0 | AQ7: 0 | AR7: 0 | AS7: NS | AT7: NS | AU7: NS | AV7: NS | AW7: NS | AX7: NS | AY7: 351 | AZ7: 351 | BA7: 134 | BB7: 134 | BC7: =BD7+BE7 -> 134 | BD7: 134 | BE7: 0 | BF7: 0 | BG7: single | BH7: single | BI7: NA | BJ7: NA | BK7: 134 | BL7: =SUM(BR7,BT7) -> 134 | BM7: NA | BN7: NA | BO7: NA | BP7: NA | BQ7: 134 | BR7: 134 | BS7: NA | BT7: NA | BU7: NA | BV7: NA | BW7: NA | BX7: NA | BY7: NA | BZ7: NA | CA7: NA | CB7: NA | CC7: NA | CD7: NA | CE7: NA | CF7: NA | CG7: NA | CH7: NA | CI7: NA | CJ7: NA | CK7: NA | CL7: NA | CM7: NA | CN7: NA | CO7: NA | CP7: NA | CQ7: NA | CR7: NA | CS7: NA | CT7: NA | CU7: NS | CV7: NS | CW7: NS | CX7: NS | CY7: NS | CZ7: NS | DA7: NS | DB7: NS | DC7: NS | DD7: NS | DE7: NS | DF7: NS | DG7: all | DH7: all | DI7: all | DJ7: all | DK7: yes | DL7: yes | DM7: NS | DN7: NS | DO7: NS | DP7: NS | DQ7: NS | DR7: NS | DS7: NS | DT7: NS | DU7: NS | DV7: NS | DW7: Psychotic Disorder | DX7: Psychotic Disorder | DY7: PRISM | DZ7: PRISM | EA7: DSM-IV | EB7: DSM-IV | EC7: 1 | ED7: 1 | EE7: 0 | EF7: 0 | EG7: 1 | EH7: 1 | EI7: 1 | EJ7: 1 | EK7: 1 | EL7: 1 | EM7: 1 | EN7: 1 | EO7: 1 | EP7: 1 | EQ7: 1 | ER7: 1 | ES7: 1 | ET7: 1 | EU7: 1 | EV7: 1 | EW7: =SUM(EC7,EE7,EG7,EI7,EK7,EM7,EO7,EQ7,ES7,EU7) -> 9 | EX7: =SUM(ED7,EF7,EH7,EJ7,EL7,EN7,EP7,ER7,ET7,EV7) -> 9 | EY7: =A7 -> Drake | EZ7: =B7 -> 2011 | FA7: =IF(C7=D7,"Y","N") -> Y | FB7: =IF(E7=F7,"Y","N") -> Y | FC7: =IF(G7=H7,"Y","N") -> Y | FD7: =IF(I7=J7,"Y","N") -> Y | FE7: =IF(K7=L7,"Y","N") -> Y | FF7: =IF(M7=N7,"Y","N") -> Y | FG7: =IF(O7=P7,"Y","N") -> Y | FH7: =IF(Q7=R7,"Y","N") -> Y | FI7: =IF(S7=T7,"Y","N") -> Y | FJ7: =IF(U7=V7,"Y","N") -> Y | FK7: =IF(W7=X7,"Y","N") -> Y | FL7: =IF(Y7=Z7,"Y","N") -> Y | FM7: =IF(AA7=AB7,"Y","N") -> Y | FN7: =IF(AD7=AE7,"Y","N") -> Y | FO7: =IF(AG7=AH7,"Y","N") -> Y | FP7: =IF(AI7=AJ7,"Y","N") -> Y | FQ7: =IF(AM7=AN7,"Y","N") -> Y | FR7: =IF(AO7=AP7,"Y","N") -> Y | FS7: =IF(AQ7=AR7,"Y","N") -> Y | FT7: =IF(AY7=AZ7,"Y","N") -> Y | FU7: =IF(BA7=BB7,"Y","N") -> Y | FV7: =IF(BG7=BH7,"Y","N") -> Y | FW7: =IF(BI7=BJ7,"Y","N") -> Y | FX7: =IF(BK7=BL7,"Y","N") -> Y | FY7: =IF(BM7=BN7,"Y","N") -> Y | FZ7: =IF(BO7=BP7,"Y","N") -> Y | GA7: =IF(BQ7=BR7,"Y","N") -> Y | GB7: =IF(BS7=BT7,"Y","N") -> Y | GC7: =IF(BU7=BV7,"Y","N") -> Y | GD7: =IF(BW7=BX7,"Y","N") -> Y | GE7: =IF(BY7=BZ7,"Y","N") -> Y | GF7: =IF(CA7=CB7,"Y","N") -> Y | GG7: =IF(CC7=CD7,"Y","N") -> Y | GH7: =IF(CE7=CF7,"Y","N") -> Y | GI7: =IF(CG7=CH7,"Y","N") -> Y | GJ7: =IF(CI7=CJ7,"Y","N") -> Y | GK7: =IF(CK7=CL7, "Y", "N") -> Y | GL7: =IF(CM7=CN7, "Y", "N") -> Y | GM7: =IF(CO7=CP7,"Y","N") -> Y | GN7: =IF(CQ7=CR7,"Y","N") -> Y | GO7: =IF(CS7=CT7,"Y","N") -> Y | GP7: =IF(CU7=CV7,"Y","N") -> Y | GQ7: =IF(CW7=CX7,"Y","N") -> Y | GR7: =IF(CY7=CZ7,"Y","N") -> Y | GS7: =IF(DA7=DB7,"Y","N") -> Y | GT7: =IF(DC7=DD7,"Y","N") -> Y | GU7: =IF(DE7=DF7,"Y","N") -> Y | GV7: =IF(DG7=DH7,"Y","N") -> Y | GW7: =IF(DI7=DJ7,"Y","N") -> Y | GX7: =IF(DK7=DL7,"Y","N") -> Y | GY7: =IF(DM7=DN7,"Y","N") -> Y | GZ7: =IF(DO7=DP7,"Y","N") -> Y | HA7: =IF(DQ7=DR7,"Y","N") -> Y | HB7: =IF(DS7=DT7,"Y","N") -> Y | HC7: =IF(DU7=DV7,"Y","N") -> Y | HD7: =IF(EC7=ED7,"Y","N") -> Y | HE7: =IF(EE7=EF7,"Y","N") -> Y | HF7: =IF(EG7=EH7,"Y","N") -> Y | HG7: =IF(EI7=EJ7,"Y","N") -> Y | HH7: =IF(EK7=EL7,"Y","N") -> Y | HI7: =IF(EM7=EN7,"Y","N") -> Y | HJ7: =IF(EO7=EP7,"Y","N") -> Y | HK7: =IF(EQ7=ER7,"Y","N") -> Y | HL7: =IF(ES7=ET7,"Y","N") -> Y | HM7: =IF(EU7=EV7,"Y","N") -> Y | HN7: =IF(EW7=EX7,"Y","N") -> Y
A8: Endres | B8: 2020 | C8: 32 | D8: 32 | E8: 44 | F8: 44 | G8: NS | H8: NS | I8: NS | J8: NS | K8: 37.22 | L8: 37.22 | M8: NS | N8: NS | O8: NS | P8: NS | Q8: NS | R8: NS | S8: NS | T8: NS | U8: 0 | V8: 0 | W8: 76 | X8: 76 | Y8: 0 | Z8: 0 | AA8: 0 | AB8: 0 | AC8: inpat_psych | AD8: Germany | AE8: Germany | AF8: euro | AG8: yes | AH8: yes | AI8: no | AJ8: no | AK8: no | AL8: no | AM8: 15 | AN8: 15 | AO8: 61 | AP8: 61 | AQ8: 0 | AR8: 0 | AS8: NS | AT8: NS | AU8: NS | AV8: NS | AW8: NS | AX8: NS | AY8: 76 | AZ8: 76 | BA8: 4 | BB8: 4 | BC8: 3 | BD8: 1 | BE8: 2 | BF8: 1 | BG8: multiple | BH8: multiple | BI8: 2 | BJ8: 2 | BK8: =BQ8+BS8 -> 1 | BL8: 1 | BM8: 2 | BN8: 2 | BO8: 0 | BP8: 0 | BQ8: 1 | BR8: 1 | BS8: 0 | BT8: 0 | BU8: 0 | BV8: 0 | BW8: 0 | BX8: 0 | BY8: 0 | BZ8: 0 | CA8: 0 | CB8: 0 | CC8: 0 | CD8: 0 | CE8: 0 | CF8: 0 | CG8: 0 | CH8: 0 | CI8: 0 | CJ8: 0 | CK8: 0 | CL8: 0 | CM8: 0 | CN8: 0 | CO8: 0 | CP8: 0 | CQ8: 0 | CR8: 0 | CS8: 0 | CT8: 0 | CU8: all | CV8: all | CW8: NS | CX8: NS | CY8: NS | CZ8: NS | DA8: all | DB8: all | DC8: all | DD8: all | DE8: all | DF8: all | DG8: all | DH8: all | DI8: all | DJ8: all | DK8: NS | DL8: NS | DM8: NS | DN8: NS | DO8: NS | DP8: NS | DQ8: NS | DR8: NS | DS8: NS | DT8: NS | DU8: NS | DV8: NS | DW8: Psychotic Disorder | DX8: Psychotic Disorder | DY8: NS | DZ8: NS | EA8: ICD-10 | EB8: ICD-10 | EC8: 1 | ED8: 1 | EE8: 1 | EF8: 1 | EG8: 1 | EH8: 1 | EI8: 1 | EJ8: 1 | EK8: 1 | EL8: 1 | EM8: 1 | EN8: 1 | EO8: 1 | EP8: 1 | EQ8: 1 | ER8: 1 | ES8: 1 | ET8: 1 | EU8: 1 | EV8: 1 | EW8: =SUM(EC8,EE8,EG8,EI8,EK8,EM8,EO8,EQ8,ES8,EU8) -> 10 | EX8: =SUM(ED8,EF8,EH8,EJ8,EL8,EN8,EP8,ER8,ET8,EV8) -> 10 | EY8: =A8 -> Endres | EZ8: =B8 -> 2020 | FA8: =IF(C8=D8,"Y","N") -> Y | FB8: =IF(E8=F8,"Y","N") -> Y | FC8: =IF(G8=H8,"Y","N") -> Y | FD8: =IF(I8=J8,"Y","N") -> Y | FE8: =IF(K8=L8,"Y","N") -> Y | FF8: =IF(M8=N8,"Y","N") -> Y | FG8: =IF(O8=P8,"Y","N") -> Y | FH8: =IF(Q8=R8,"Y","N") -> Y | FI8: =IF(S8=T8,"Y","N") -> Y | FJ8: =IF(U8=V8,"Y","N") -> Y | FK8: =IF(W8=X8,"Y","N") -> Y | FL8: =IF(Y8=Z8,"Y","N") -> Y | FM8: =IF(AA8=AB8,"Y","N") -> Y | FN8: =IF(AD8=AE8,"Y","N") -> Y | FO8: =IF(AG8=AH8,"Y","N") -> Y | FP8: =IF(AI8=AJ8,"Y","N") -> Y | FQ8: =IF(AM8=AN8,"Y","N") -> Y | FR8: =IF(AO8=AP8,"Y","N") -> Y | FS8: =IF(AQ8=AR8,"Y","N") -> Y | FT8: =IF(AY8=AZ8,"Y","N") -> Y | FU8: =IF(BA8=BB8,"Y","N") -> Y | FV8: =IF(BG8=BH8,"Y","N") -> Y | FW8: =IF(BI8=BJ8,"Y","N") -> Y | FX8: =IF(BK8=BL8,"Y","N") -> Y | FY8: =IF(BM8=BN8,"Y","N") -> Y | FZ8: =IF(BO8=BP8,"Y","N") -> Y | GA8: =IF(BQ8=BR8,"Y","N") -> Y | GB8: =IF(BS8=BT8,"Y","N") -> Y | GC8: =IF(BU8=BV8,"Y","N") -> Y | GD8: =IF(BW8=BX8,"Y","N") -> Y | GE8: =IF(BY8=BZ8,"Y","N") -> Y | GF8: =IF(CA8=CB8,"Y","N") -> Y | GG8: =IF(CC8=CD8,"Y","N") -> Y | GH8: =IF(CE8=CF8,"Y","N") -> Y | GI8: =IF(CG8=CH8,"Y","N") -> Y | GJ8: =IF(CI8=CJ8,"Y","N") -> Y | GK8: =IF(CK8=CL8, "Y", "N") -> Y | GL8: =IF(CM8=CN8, "Y", "N") -> Y | GM8: =IF(CO8=CP8,"Y","N") -> Y | GN8: =IF(CQ8=CR8,"Y","N") -> Y | GO8: =IF(CS8=CT8,"Y","N") -> Y | GP8: =IF(CU8=CV8,"Y","N") -> Y | GQ8: =IF(CW8=CX8,"Y","N") -> Y | GR8: =IF(CY8=CZ8,"Y","N") -> Y | GS8: =IF(DA8=DB8,"Y","N") -> Y | GT8: =IF(DC8=DD8,"Y","N") -> Y | GU8: =IF(DE8=DF8,"Y","N") -> Y | GV8: =IF(DG8=DH8,"Y","N") -> Y | GW8: =IF(DI8=DJ8,"Y","N") -> Y | GX8: =IF(DK8=DL8,"Y","N") -> Y | GY8: =IF(DM8=DN8,"Y","N") -> Y | GZ8: =IF(DO8=DP8,"Y","N") -> Y | HA8: =IF(DQ8=DR8,"Y","N") -> Y | HB8: =IF(DS8=DT8,"Y","N") -> Y | HC8: =IF(DU8=DV8,"Y","N") -> Y | HD8: =IF(EC8=ED8,"Y","N") -> Y | HE8: =IF(EE8=EF8,"Y","N") -> Y | HF8: =IF(EG8=EH8,"Y","N") -> Y | HG8: =IF(EI8=EJ8,"Y","N") -> Y | HH8: =IF(EK8=EL8,"Y","N") -> Y | HI8: =IF(EM8=EN8,"Y","N") -> Y | HJ8: =IF(EO8=EP8,"Y","N") -> Y | HK8: =IF(EQ8=ER8,"Y","N") -> Y | HL8: =IF(ES8=ET8,"Y","N") -> Y | HM8: =IF(EU8=EV8,"Y","N") -> Y | HN8: =IF(EW8=EX8,"Y","N") -> Y
A9: Etlouba | B9: 2018 | C9: 95 | D9: 95 | E9: 64 | F9: 64 | G9: 28.7 | H9: 28.7 | I9: 36.7 | J9: 36.7 | K9: 34.3 | L9: 34.3 | M9: 142 | N9: 142 | O9: 5 | P9: 5 | Q9: 7 | R9: 7 | S9: 5 | T9: 5 | U9: 159 | V9: 159 | W9: 0 | X9: 0 | Y9: 0 | Z9: 0 | AA9: 0 | AB9: 0 | AC9: gen_hospital | AD9: South Africa | AE9: South Africa | AF9: afri | AG9: yes | AH9: yes | AI9: no | AJ9: no | AK9: yes | AL9: yes | AM9: 159 | AN9: 159 | AO9: 0 | AP9: 0 | AQ9: 0 | AR9: 0 | AS9: 16.6 | AT9: 16.6 | AU9: 37.8 | AV9: NS | AX9: NS | AY9: 159 | AZ9: 159 | BA9: 124 | BB9: 124 | BC9: =BD9+BE9 -> 124 | BD9: 123 | BE9: 1 | BF9: 0 | BG9: multiple | BH9: multiple | BI9: 87 | BJ9: =SUM(BN9,BP9,BV9,BX9,BZ9,CB9,CD9,CF9,CH9,CJ9,CP9,CR9) -> 87 | BK9: =BQ9+BS9 -> 37 | BL9: =SUM(BR9,BT9) -> 37 | BM9: 0 | BN9: 0 | BO9: 0 | BP9: 0 | BQ9: 37 | BR9: 37 | BS9: 0 | BT9: 0 | BU9: 2 | BV9: 2 | BW9: 0 | BX9: 0 | BY9: 4 | BZ9: 4 | CA9: 0 | CB9: 0 | CC9: 75 | CD9: 75 | CE9: 0 | CF9: 0 | CG9: 0 | CH9: 0 | CI9: 3 | CJ9: 3 | CK9: 0 | CL9: 0 | CM9: 0 | CN9: 0 | CO9: 2 | CP9: 2 | CQ9: 1 | CR9: 1 | CS9: 0 | CT9: 0 | CU9: NS | CV9: NS | CW9: yes - NS | CX9: yes - NS | CY9: yes - NS | CZ9: yes - NS | DA9: NS | DB9: NS | DC9: yes - NS | DD9: yes - NS | DE9: yes - NS | DF9: yes - NS | DG9: yes - NS | DH9: yes - NS | DI9: all | DJ9: all | DK9: NS | DL9: NS | DM9: all | DN9: all | DO9: NS | DP9: NS | DQ9: NS | DR9: NS | DS9: yes - NS | DT9: yes - NS | DU9: NS | DV9: NS | DW9: Psychotic Symptoms | DX9: Psychotic symptoms | DY9: NS | DZ9: NS | EA9: NS | EB9: NS | EC9: 1 | ED9: 1 | EE9: 1 | EF9: 1 | EG9: 1 | EH9: 1 | EI9: 1 | EJ9: 1 | EK9: 1 | EL9: 1 | EM9: 1 | EN9: 1 | EO9: 1 | EP9: 1 | EQ9: 1 | ER9: 1 | ES9: 1 | ET9: 1 | EU9: 1 | EV9: 1 | EW9: =SUM(EC9,EE9,EG9,EI9,EK9,EM9,EO9,EQ9,ES9,EU9) -> 10 | EX9: =SUM(ED9,EF9,EH9,EJ9,EL9,EN9,EP9,ER9,ET9,EV9) -> 10 | EY9: =A9 -> Etlouba | EZ9: =B9 -> 2018 | FA9: =IF(C9=D9,"Y","N") -> Y | FB9: =IF(E9=F9,"Y","N") -> Y | FC9: =IF(G9=H9,"Y","N") -> Y | FD9: =IF(I9=J9,"Y","N") -> Y | FE9: =IF(K9=L9,"Y","N") -> Y | FF9: =IF(M9=N9,"Y","N") -> Y | FG9: =IF(O9=P9,"Y","N") -> Y | FH9: =IF(Q9=R9,"Y","N") -> Y | FI9: =IF(S9=T9,"Y","N") -> Y | FJ9: =IF(U9=V9,"Y","N") -> Y | FK9: =IF(W9=X9,"Y","N") -> Y | FL9: =IF(Y9=Z9,"Y","N") -> Y | FM9: =IF(AA9=AB9,"Y","N") -> Y | FN9: =IF(AD9=AE9,"Y","N") -> Y | FO9: =IF(AG9=AH9,"Y","N") -> Y | FP9: =IF(AI9=AJ9,"Y","N") -> Y | FQ9: =IF(AM9=AN9,"Y","N") -> Y | FR9: =IF(AO9=AP9,"Y","N") -> Y | FS9: =IF(AQ9=AR9,"Y","N") -> Y | FT9: =IF(AY9=AZ9,"Y","N") -> Y | FU9: =IF(BA9=BB9,"Y","N") -> Y | FV9: =IF(BG9=BH9,"Y","N") -> Y | FW9: =IF(BI9=BJ9,"Y","N") -> Y | FX9: =IF(BK9=BL9,"Y","N") -> Y | FY9: =IF(BM9=BN9,"Y","N") -> Y | FZ9: =IF(BO9=BP9,"Y","N") -> Y | GA9: =IF(BQ9=BR9,"Y","N") -> Y | GB9: =IF(BS9=BT9,"Y","N") -> Y | GC9: =IF(BU9=BV9,"Y","N") -> Y | GD9: =IF(BW9=BX9,"Y","N") -> Y | GE9: =IF(BY9=BZ9,"Y","N") -> Y | GF9: =IF(CA9=CB9,"Y","N") -> Y | GG9: =IF(CC9=CD9,"Y","N") -> Y | GH9: =IF(CE9=CF9,"Y","N") -> Y | GI9: =IF(CG9=CH9,"Y","N") -> Y | GJ9: =IF(CI9=CJ9,"Y","N") -> Y | GK9: =IF(CK9=CL9, "Y", "N") -> Y | GL9: =IF(CM9=CN9, "Y", "N") -> Y | GM9: =IF(CO9=CP9,"Y","N") -> Y | GN9: =IF(CQ9=CR9,"Y","N") -> Y | GO9: =IF(CS9=CT9,"Y","N") -> Y | GP9: =IF(CU9=CV9,"Y","N") -> Y | GQ9: =IF(CW9=CX9,"Y","N") -> Y | GR9: =IF(CY9=CZ9,"Y","N") -> Y | GS9: =IF(DA9=DB9,"Y","N") -> Y | GT9: =IF(DC9=DD9,"Y","N") -> Y | GU9: =IF(DE9=DF9,"Y","N") -> Y | GV9: =IF(DG9=DH9,"Y","N") -> Y | GW9: =IF(DI9=DJ9,"Y","N") -> Y | GX9: =IF(DK9=DL9,"Y","N") -> Y | GY9: =IF(DM9=DN9,"Y","N") -> Y | GZ9: =IF(DO9=DP9,"Y","N") -> Y | HA9: =IF(DQ9=DR9,"Y","N") -> Y | HB9: =IF(DS9=DT9,"Y","N") -> Y | HC9: =IF(DU9=DV9,"Y","N") -> Y | HD9: =IF(EC9=ED9,"Y","N") -> Y | HE9: =IF(EE9=EF9,"Y","N") -> Y | HF9: =IF(EG9=EH9,"Y","N") -> Y | HG9: =IF(EI9=EJ9,"Y","N") -> Y | HH9: =IF(EK9=EL9,"Y","N") -> Y | HI9: =IF(EM9=EN9,"Y","N") -> Y | HJ9: =IF(EO9=EP9,"Y","N") -> Y | HK9: =IF(EQ9=ER9,"Y","N") -> Y | HL9: =IF(ES9=ET9,"Y","N") -> Y | HM9: =IF(EU9=EV9,"Y","N") -> Y | HN9: =IF(EW9=EX9,"Y","N") -> Y
A10: Fraser | B10: 2020 | C10: 47 | D10: 47 | E10: 14 | F10: 14 | G10: 21.3 | H10: 21.3 | I10: 20.1 | J10: 20.1 | K10: 20.6 | L10: 20.6 | M10: NS | N10: NS | O10: NS | P10: NS | Q10: NS | R10: NS | S10: NS | T10: NS | U10: 0 | V10: 0 | W10: 61 | X10: 61 | Y10: 0 | Z10: 0 | AA10: 0 | AB10: 0 | AC10: inpat_psych | AD10: Australia | AE10: Australia | AF10: aus | AG10: no | AH10: no | AI10: yes | AJ10: yes | AK10: yes | AL10: yes | AM10: 61 | AN10: 61 | AO10: 0 | AP10: 0 | AQ10: 0 | AR10: 0 | AS10: 2.9 | AT10: NS | AU10: 3.4 | AV10: NS | AW10: 2.4 | AX10: 2.4 | AY10: 61 | AZ10: 61 | BA10: 34 | BB10: 34 | BC10: =BD10+BE10 -> 34 | BD10: 34 | BE10: 0 | BF10: 0 | BG10: single | BH10: single | BI10: NA | BJ10: NA | BK10: 34 | BL10: 34 | BM10: NA | BN10: NA | BO10: NA | BP10: NA | BQ10: 34 | BR10: 34 | BS10: NA | BT10: NA | BU10: NA | BV10: NA | BW10: NA | BX10: NA | BY10: NA | BZ10: NA | CA10: NA | CB10: NA | CC10: NA | CD10: NA | CE10: NA | CF10: NA | CG10: NA | CH10: NA | CI10: NA | CJ10: NA | CK10: NA | CL10: NA | CM10: NA | CN10: NA | CO10: NA | CP10: NA | CQ10: NA | CR10: NA | CS10: NA | CT10: NA | CU10: NS | CV10: NS | CW10: NS | CX10: NS | CY10: NS | CZ10: NS | DA10: NS | DB10: NS | DC10: NS | DD10: NS | DE10: NS | DF10: NS | DG10: yes - NS | DH10: yes - NS | DI10: all | DJ10: all | DK10: yes | DL10: yes | DM10: NS | DN10: NS | DO10: NS | DP10: NS | DQ10: NS | DR10: NS | DS10: NS | DT10: NS | DU10: NS | DV10: NS | DW10: Psychotic Disorder | DX10: Psychotic Disorder | DY10: PRISM | DZ10: PRISM | EA10: DSM-IV | EB10: DSM-IV | EC10: 1 | ED10: 1 | EE10: 0 | EF10: 0 | EG10: 1 | EH10: 1 | EI10: 1 | EJ10: 1 | EK10: 1 | EL10: 1 | EM10: 1 | EN10: 1 | EO10: 1 | EP10: 1 | EQ10: 1 | ER10: 1 | ES10: 1 | ET10: 1 | EU10: 1 | EV10: 1 | EW10: =SUM(EC10,EE10,EG10,EI10,EK10,EM10,EO10,EQ10,ES10,EU10) -> 9 | EX10: =SUM(ED10,EF10,EH10,EJ10,EL10,EN10,EP10,ER10,ET10,EV10) -> 9 | EY10: =A10 -> Fraser | EZ10: =B10 -> 2020 | FA10: =IF(C10=D10,"Y","N") -> Y | FB10: =IF(E10=F10,"Y","N") -> Y | FC10: =IF(G10=H10,"Y","N") -> Y | FD10: =IF(I10=J10,"Y","N") -> Y | FE10: =IF(K10=L10,"Y","N") -> Y | FG10: =IF(O10=P10,"Y","N") -> Y | FH10: =IF(Q10=R10,"Y","N") -> Y | FI10: =IF(S10=T10,"Y","N") -> Y | FJ10: =IF(U10=V10,"Y","N") -> Y | FK10: =IF(W10=X10,"Y","N") -> Y | FL10: =IF(Y10=Z10,"Y","N") -> Y | FM10: =IF(AA10=AB10,"Y","N") -> Y | FN10: =IF(AD10=AE10,"Y","N") -> Y | FO10: =IF(AG10=AH10,"Y","N") -> Y | FP10: =IF(AI10=AJ10,"Y","N") -> Y | FQ10: =IF(AM10=AN10,"Y","N") -> Y | FR10: =IF(AO10=AP10,"Y","N") -> Y | FS10: =IF(AQ10=AR10,"Y","N") -> Y | FT10: =IF(AY10=AZ10,"Y","N") -> Y | FU10: =IF(BA10=BB10,"Y","N") -> Y | FV10: =IF(BG10=BH10,"Y","N") -> Y | FW10: =IF(BI10=BJ10,"Y","N") -> Y | FX10: =IF(BK10=BL10,"Y","N") -> Y | FY10: =IF(BM10=BN10,"Y","N") -> Y | FZ10: =IF(BO10=BP10,"Y","N") -> Y | GA10: =IF(BQ10=BR10,"Y","N") -> Y | GB10: =IF(BS10=BT10,"Y","N") -> Y | GC10: =IF(BU10=BV10,"Y","N") -> Y | GD10: =IF(BW10=BX10,"Y","N") -> Y | GE10: =IF(BY10=BZ10,"Y","N") -> Y | GF10: =IF(CA10=CB10,"Y","N") -> Y | GG10: =IF(CC10=CD10,"Y","N") -> Y | GH10: =IF(CE10=CF10,"Y","N") -> Y | GI10: =IF(CG10=CH10,"Y","N") -> Y | GJ10: =IF(CI10=CJ10,"Y","N") -> Y | GK10: =IF(CK10=CL10, "Y", "N") -> Y | GL10: =IF(CM10=CN10, "Y", "N") -> Y | GM10: =IF(CO10=CP10,"Y","N") -> Y | GN10: =IF(CQ10=CR10,"Y","N") -> Y | GO10: =IF(CS10=CT10,"Y","N") -> Y | GP10: =IF(CU10=CV10,"Y","N") -> Y | GQ10: =IF(CW10=CX10,"Y","N") -> Y | GR10: =IF(CY10=CZ10,"Y","N") -> Y | GS10: =IF(DA10=DB10,"Y","N") -> Y | GT10: =IF(DC10=DD10,"Y","N") -> Y | GU10: =IF(DE10=DF10,"Y","N") -> Y | GV10: =IF(DG10=DH10,"Y","N") -> Y | GW10: =IF(DI10=DJ10,"Y","N") -> Y | GX10: =IF(DK10=DL10,"Y","N") -> Y | GY10: =IF(DM10=DN10,"Y","N") -> Y | GZ10: =IF(DO10=DP10,"Y","N") -> Y | HA10: =IF(DQ10=DR10,"Y","N") -> Y | HB10: =IF(DS10=DT10,"Y","N") -> Y | HC10: =IF(DU10=DV10,"Y","N") -> Y | HD10: =IF(EC10=ED10,"Y","N") -> Y | HE10: =IF(EE10=EF10,"Y","N") -> Y | HF10: =IF(EG10=EH10,"Y","N") -> Y | HG10: =IF(EI10=EJ10,"Y","N") -> Y | HH10: =IF(EK10=EL10,"Y","N") -> Y | HI10: =IF(EM10=EN10,"Y","N") -> Y | HJ10: =IF(EO10=EP10,"Y","N") -> Y | HK10: =IF(EQ10=ER10,"Y","N") -> Y | HL10: =IF(ES10=ET10,"Y","N") -> Y | HM10: =IF(EU10=EV10,"Y","N") -> Y | HN10: =IF(EW10=EX10,"Y","N") -> Y
A11: Funayama | B11: 2022 | C11: 68 | D11: 68 | E11: 119 | F11: 119 | G11: 36.7 | H11: 36.7 | I11: 32.3 | J11: 32.3 | K11: NS | L11: NS | M11: NS | N11: NS | O11: NS | P11: NS | Q11: NS | R11: NS | S11: NS | T11: NS | U11: 0 | V11: 0 | W11: 187 | X11: 187 | Y11: 0 | Z11: 0 | AA11: 0 | AB11: 0 | AC11: inpat_psych | AD11: Japan | AE11: Japan | AF11: asia | AG11: yes | AH11: yes | AI11: no | AJ11: no | AK11: yes | AL11: yes | AM11: 187 | AN11: 187 | AO11: 0 | AP11: 0 | AQ11: 0 | AR11: 0 | AS11: NS | AT11: NS | AU11: NS | AV11: NS | AW11: NS | AX11: NS | AY11: 187 | AZ11: 187 | BA11: 10 | BB11: 10 | BC11: =BD11+BE11 -> 4 | BD11: 4 | BE11: 0 | BF11: 6 | BG11: single | BH11: single | BI11: 4 | BJ11: 4 | BK11: NA | BL11: NA | BM11: 4 | BN11: 4 | BO11: NA | BP11: NA | BQ11: NA | BR11: NA | BS11: NA | BT11: NA | BU11: NA | BV11: NA | BW11: NA | BX11: NA | BY11: NA | BZ11: NA | CA11: NA | CB11: NA | CC11: NA | CD11: NA | CE11: NA | CF11: NA | CG11: NA | CH11: NA | CI11: NA | CJ11: NA | CK11: NA | CL11: NA | CM11: NA | CN11: NA | CO11: NA | CP11: NA | CQ11: NA | CR11: NA | CS11: NA | CT11: NA | CU11: yes - NS | CV11: yes - NS | CW11: NS | CX11: NS | CY11: NS | CZ11: NS | DA11: yes - NS | DB11: yes - NS | DC11: yes - NS | DD11: yes - NS | DE11: all | DF11: all | DG11: NS | DH11: NS | DI11: all | DJ11: all | DK11: NS | DL11: NS | DM11: all | DN11: all | DO11: all | DP11: all | DQ11: no | DR11: no | DS11: NS | DT11: NS | DU11: NS | DV11: NS | DW11: Psychotic Symptoms | DX11: Psychotic symptoms | DY11: NS | DZ11: NS | EA11: ICD-10 | EB11: ICD-10 | EC11: 1 | ED11: 1 | EE11: 1 | EF11: 1 | EG11: 1 | EH11: 1 | EI11: 1 | EJ11: 1 | EK11: 1 | EL11: 1 | EM11: 1 | EN11: 1 | EO11: 1 | EP11: 1 | EQ11: 1 | ER11: 1 | ES11: 1 | ET11: 1 | EU11: 1 | EV11: 1 | EW11: =SUM(EC11,EE11,EG11,EI11,EK11,EM11,EO11,EQ11,ES11,EU11) -> 10 | EX11: =SUM(ED11,EF11,EH11,EJ11,EL11,EN11,EP11,ER11,ET11,EV11) -> 10 | EY11: =A11 -> Funayama | EZ11: =B11 -> 2022 | FA11: =IF(C11=D11,"Y","N") -> Y | FB11: =IF(E11=F11,"Y","N") -> Y | FC11: =IF(G11=H11,"Y","N") -> Y | FD11: =IF(I11=J11,"Y","N") -> Y | FE11: =IF(K11=L11,"Y","N") -> Y | FF11: =IF(M11=N11,"Y","N") -> Y | FG11: =IF(O11=P11,"Y","N") -> Y | FH11: =IF(Q11=R11,"Y","N") -> Y | FI11: =IF(S11=T11,"Y","N") -> Y | FJ11: =IF(U11=V11,"Y","N") -> Y | FK11: =IF(W11=X11,"Y","N") -> Y | FL11: =IF(Y11=Z11,"Y","N") -> Y | FM11: =IF(AA11=AB11,"Y","N") -> Y | FN11: =IF(AD11=AE11,"Y","N") -> Y | FO11: =IF(AG11=AH11,"Y","N") -> Y | FP11: =IF(AI11=AJ11,"Y","N") -> Y | FQ11: =IF(AM11=AN11,"Y","N") -> Y | FR11: =IF(AO11=AP11,"Y","N") -> Y | FS11: =IF(AQ11=AR11,"Y","N") -> Y | FT11: =IF(AY11=AZ11,"Y","N") -> Y | FU11: =IF(BA11=BB11,"Y","N") -> Y | FV11: =IF(BG11=BH11,"Y","N") -> Y | FW11: =IF(BI11=BJ11,"Y","N") -> Y | FX11: =IF(BK11=BL11,"Y","N") -> Y | FY11: =IF(BM11=BN11,"Y","N") -> Y | FZ11: =IF(BO11=BP11,"Y","N") -> Y | GA11: =IF(BQ11=BR11,"Y","N") -> Y | GB11: =IF(BS11=BT11,"Y","N") -> Y | GC11: =IF(BU11=BV11,"Y","N") -> Y | GD11: =IF(BW11=BX11,"Y","N") -> Y | GE11: =IF(BY11=BZ11,"Y","N") -> Y | GF11: =IF(CA11=CB11,"Y","N") -> Y | GG11: =IF(CC11=CD11,"Y","N") -> Y | GH11: =IF(CE11=CF11,"Y","N") -> Y | GI11: =IF(CG11=CH11,"Y","N") -> Y | GJ11: =IF(CI11=CJ11,"Y","N") -> Y | GK11: =IF(CK11=CL11, "Y", "N") -> Y | GL11: =IF(CM11=CN11, "Y", "N") -> Y | GM11: =IF(CO11=CP11,"Y","N") -> Y | GN11: =IF(CQ11=CR11,"Y","N") -> Y | GO11: =IF(CS11=CT11,"Y","N") -> Y | GP11: =IF(CU11=CV11,"Y","N") -> Y | GQ11: =IF(CW11=CX11,"Y","N") -> Y | GR11: =IF(CY11=CZ11,"Y","N") -> Y | GS11: =IF(DA11=DB11,"Y","N") -> Y | GT11: =IF(DC11=DD11,"Y","N") -> Y | GU11: =IF(DE11=DF11,"Y","N") -> Y | GV11: =IF(DG11=DH11,"Y","N") -> Y | GW11: =IF(DI11=DJ11,"Y","N") -> Y | GX11: =IF(DK11=DL11,"Y","N") -> Y | GY11: =IF(DM11=DN11,"Y","N") -> Y | GZ11: =IF(DO11=DP11,"Y","N") -> Y | HA11: =IF(DQ11=DR11,"Y","N") -> Y | HB11: =IF(DS11=DT11,"Y","N") -> Y | HC11: =IF(DU11=DV11,"Y","N") -> Y | HD11: =IF(EC11=ED11,"Y","N") -> Y | HE11: =IF(EE11=EF11,"Y","N") -> Y | HF11: =IF(EG11=EH11,"Y","N") -> Y | HG11: =IF(EI11=EJ11,"Y","N") -> Y | HH11: =IF(EK11=EL11,"Y","N") -> Y | HI11: =IF(EM11=EN11,"Y","N") -> Y | HJ11: =IF(EO11=EP11,"Y","N") -> Y | HK11: =IF(EQ11=ER11,"Y","N") -> Y | HL11: =IF(ES11=ET11,"Y","N") -> Y | HM11: =IF(EU11=EV11,"Y","N") -> Y | HN11: =IF(EW11=EX11,"Y","N") -> Y
A12: Giannitelli | B12: 2018 | C12: NS | D12: NS | E12: NS | F12: NS | G12: NS | H12: NS | I12: NS | J12: NS | K12: NS | L12: NS | M12: NS | N12: NS | O12: NS | P12: NS | Q12: NS | R12: NS | S12: NS | T12: NS | U12: 160 | V12: 160 | W12: NS | X12: NS | Y12: NS | Z12: NS | AA12: NS | AB12: NS | AC12: gen_hospital | AD12: France | AE12: France | AF12: euro | AG12: yes | AH12: yes | AI12: no | AJ12: no | AK12: NS | AL12: NS | AM12: NS | AN12: NS | AO12: NS | AP12: NS | AQ12: NS | AR12: NS | AS12: NS | AT12: NS | AU12: NS | AV12: NS | AW12: NS | AX12: NS | AY12: 160 | AZ12: 160 | BA12: 20 | BB12: 20 | BC12: =BD12+BE12 -> 20 | BD12: 16 | BE12: 4 | BF12: 0 | BG12: multiple | BH12: multiple | BI12: 20 | BJ12: 20 | BK12: NA | BL12: NA | BM12: 3 | BN12: 3 | BO12: 15 | BP12: 15 | BQ12: 0 | BR12: 0 | BS12: 0 | BT12: 0 | BU12: 0 | BV12: 0 | BW12: 2 | BX12: 2 | BY12: 0 | BZ12: 0 | CA12: 0 | CB12: 0 | CC12: 0 | CD12: 0 | CE12: 0 | CF12: 0 | CG12: 0 | CH12: 0 | CI12: 0 | CJ12: 0 | CK12: 0 | CL12: 0 | CM12: 0 | CN12: 0 | CO12: 0 | CP12: 0 | CQ12: 0 | CR12: 0 | CS12: 0 | CT12: 0 | CU12: NS | CV12: NS | CW12: NS | CX12: NS | CY12: NS | CZ12: NS | DA12: yes - NS | DB12: yes - NS | DC12: NS | DD12: NS | DE12: yes - NS | DF12: yes - NS | DG12: NS | DH12: NS | DI12: NS | DJ12: NS | DK12: NS | DL12: NS | DM12: NS | DN12: NS | DO12: NS | DP12: NS | DQ12: NS | DR12: NS | DS12: NS | DT12: NS | DU12: NS | DV12: NS | DW12: Psychotic Disorder | DX12: Psychotic Disorder | DY12: NS | DZ12: NS | EA12: NS | EB12: NS | EC12: 1 | ED12: 1 | EE12: 1 | EF12: 1 | EG12: 1 | EH12: 1 | EI12: 1 | EJ12: 1 | EK12: 1 | EL12: 1 | EM12: 1 | EN12: 1 | EO12: 1 | EP12: 1 | EQ12: 1 | ER12: 1 | ES12: 1 | ET12: 1 | EU12: 1 | EV12: 1 | EW12: =SUM(EC12,EE12,EG12,EI12,EK12,EM12,EO12,EQ12,ES12,EU12) -> 10 | EX12: =SUM(ED12,EF12,EH12,EJ12,EL12,EN12,EP12,ER12,ET12,EV12) -> 10 | EY12: =A12 -> Giannitelli | EZ12: =B12 -> 2018 | FA12: =IF(C12=D12,"Y","N") -> Y | FB12: =IF(E12=F12,"Y","N") -> Y | FC12: =IF(G12=H12,"Y","N") -> Y | FD12: =IF(I12=J12,"Y","N") -> Y | FE12: =IF(K12=L12,"Y","N") -> Y | FF12: =IF(M12=N12,"Y","N") -> Y | FG12: =IF(O12=P12,"Y","N") -> Y | FH12: =IF(Q12=R12,"Y","N") -> Y | FI12: =IF(S12=T12,"Y","N") -> Y | FJ12: =IF(U12=V12,"Y","N") -> Y | FK12: =IF(W12=X12,"Y","N") -> Y | FL12: =IF(Y12=Z12,"Y","N") -> Y | FM12: =IF(AA12=AB12,"Y","N") -> Y | FN12: =IF(AD12=AE12,"Y","N") -> Y | FO12: =IF(AG12=AH12,"Y","N") -> Y | FP12: =IF(AI12=AJ12,"Y","N") -> Y | FQ12: =IF(AM12=AN12,"Y","N") -> Y | FR12: =IF(AO12=AP12,"Y","N") -> Y | FS12: =IF(AQ12=AR12,"Y","N") -> Y | FT12: =IF(AY12=AZ12,"Y","N") -> Y | FU12: =IF(BA12=BB12,"Y","N") -> Y | FV12: =IF(BG12=BH12,"Y","N") -> Y | FW12: =IF(BI12=BJ12,"Y","N") -> Y | FX12: =IF(BK12=BL12,"Y","N") -> Y | FY12: =IF(BM12=BN12,"Y","N") -> Y | FZ12: =IF(BO12=BP12,"Y","N") -> Y | GA12: =IF(BQ12=BR12,"Y","N") -> Y | GB12: =IF(BS12=BT12,"Y","N") -> Y | GC12: =IF(BU12=BV12,"Y","N") -> Y | GD12: =IF(BW12=BX12,"Y","N") -> Y | GE12: =IF(BY12=BZ12,"Y","N") -> Y | GF12: =IF(CA12=CB12,"Y","N") -> Y | GG12: =IF(CC12=CD12,"Y","N") -> Y | GH12: =IF(CE12=CF12,"Y","N") -> Y | GI12: =IF(CG12=CH12,"Y","N") -> Y | GJ12: =IF(CI12=CJ12,"Y","N") -> Y | GK12: =IF(CK12=CL12, "Y", "N") -> Y | GL12: =IF(CM12=CN12, "Y", "N") -> Y | GM12: =IF(CO12=CP12,"Y","N") -> Y | GN12: =IF(CQ12=CR12,"Y","N") -> Y | GO12: =IF(CS12=CT12,"Y","N") -> Y | GP12: =IF(CU12=CV12,"Y","N") -> Y | GQ12: =IF(CW12=CX12,"Y","N") -> Y | GR12: =IF(CY12=CZ12,"Y","N") -> Y | GS12: =IF(DA12=DB12,"Y","N") -> Y | GT12: =IF(DC12=DD12,"Y","N") -> Y | GU12: =IF(DE12=DF12,"Y","N") -> Y | GV12: =IF(DG12=DH12,"Y","N") -> Y | GW12: =IF(DI12=DJ12,"Y","N") -> Y | GX12: =IF(DK12=DL12,"Y","N") -> Y | GY12: =IF(DM12=DN12,"Y","N") -> Y | GZ12: =IF(DO12=DP12,"Y","N") -> Y | HA12: =IF(DQ12=DR12,"Y","N") -> Y | HB12: =IF(DS12=DT12,"Y","N") -> Y | HC12: =IF(DU12=DV12,"Y","N") -> Y | HD12: =IF(EC12=ED12,"Y","N") -> Y | HE12: =IF(EE12=EF12,"Y","N") -> Y | HF12: =IF(EG12=EH12,"Y","N") -> Y | HG12: =IF(EI12=EJ12,"Y","N") -> Y | HH12: =IF(EK12=EL12,"Y","N") -> Y | HI12: =IF(EM12=EN12,"Y","N") -> Y | HJ12: =IF(EO12=EP12,"Y","N") -> Y | HK12: =IF(EQ12=ER12,"Y","N") -> Y | HL12: =IF(ES12=ET12,"Y","N") -> Y | HM12: =IF(EU12=EV12,"Y","N") -> Y | HN12: =IF(EW12=EX12,"Y","N") -> Y
A13: Guasp | B13: 2021 | C13: 61 | D13: 61 | E13: 44 | F13: 44 | G13: NS | H13: NS | I13: NS | J13: NS | K13: NS | L13: NS | M13: NS | N13: NS | O13: NS | P13: NS | Q13: NS | R13: NS | S13: NS | T13: NS | U13: 0 | V13: 0 | W13: 105 | X13: 105 | Y13: 0 | Z13: 0 | AA13: 0 | AB13: 0 | AC13: inpat_psych | AD13: Spain | AE13: Spain | AF13: euro | AG13: no | AH13: no | AI13: yes | AJ13: yes | AK13: yes | AL13: yes | AM13: 105 | AN13: 105 | AO13: 0 | AP13: 0 | AQ13: 0 | AR13: 0 | AS13: 79 | AT13: 79 | AU13: NS | AV13: NS | AW13: NS | AX13: NS | AY13: 105 | AZ13: 105 | BA13: 4 | BB13: 4 | BC13: =BD13+BE13 -> 4 | BD13: 4 | BE13: 0 | BF13: 0 | BG13: multiple | BH13: multiple | BI13: 4 | BJ13: 4 | BK13: 0 | BL13: 0 | BM13: 0 | BN13: 0 | BO13: 0 | BP13: 0 | BQ13: 0 | BR13: 0 | BS13: 0 | BT13: 0 | BU13: 0 | BV13: 0 | BW13: 0 | BX13: 0 | BY13: 1 | BZ13: 1 | CA13: 0 | CB13: 0 | CC13: 1 | CD13: 1 | CE13: 1 | CF13: 1 | CG13: 0 | CH13: 0 | CI13: 0 | CJ13: 0 | CK13: 0 | CL13: 0 | CM13: 0 | CN13: 0 | CO13: 1 | CP13: 1 | CQ13: 0 | CR13: 0 | CS13: 0 | CT13: 0 | CU13: all | CV13: all | CW13: NS | CX13: NS | CY13: NS | CZ13: NS | DA13: some | DB13: some | DC13: all | DD13: all | DE13: all | DF13: all | DG13: all | DH13: all | DI13: all | DJ13: all | DK13: NS | DL13: NS | DM13: all | DN13: all | DO13: NS | DP13: NS | DQ13: NS | DR13: NS | DS13: NS | DT13: NS | DU13: NS | DV13: NS | DW13: Psychotic Disorder | DX13: Psychotics disorder | DY13: SCID | DZ13: SCID and PANSS | EA13: DSM-IV | EB13: DSM-IV | EC13: 1 | ED13: 1 | EE13: 1 | EF13: 1 | EG13: 1 | EH13: 1 | EI13: 1 | EJ13: 1 | EK13: 1 | EL13: 1 | EM13: 1 | EN13: 1 | EO13: 1 | EP13: 1 | EQ13: 1 | ER13: 1 | ES13: 1 | ET13: 1 | EU13: 1 | EV13: 1 | EW13: =SUM(EC13,EE13,EG13,EI13,EK13,EM13,EO13,EQ13,ES13,EU13) -> 10 | EX13: =SUM(ED13,EF13,EH13,EJ13,EL13,EN13,EP13,ER13,ET13,EV13) -> 10 | EY13: =A13 -> Guasp | EZ13: =B13 -> 2021 | FA13: =IF(C13=D13,"Y","N") -> Y | FB13: =IF(E13=F13,"Y","N") -> Y | FC13: =IF(G13=H13,"Y","N") -> Y | FD13: =IF(I13=J13,"Y","N") -> Y | FE13: =IF(K13=L13,"Y","N") -> Y | FF13: =IF(M13=N13,"Y","N") -> Y | FG13: =IF(O13=P13,"Y","N") -> Y | FH13: =IF(Q13=R13,"Y","N") -> Y | FI13: =IF(S13=T13,"Y","N") -> Y | FJ13: =IF(U13=V13,"Y","N") -> Y | FK13: =IF(W13=X13,"Y","N") -> Y | FL13: =IF(Y13=Z13,"Y","N") -> Y | FM13: =IF(AA13=AB13,"Y","N") -> Y | FN13: =IF(AD13=AE13,"Y","N") -> Y | FO13: =IF(AG13=AH13,"Y","N") -> Y | FP13: =IF(AI13=AJ13,"Y","N") -> Y | FQ13: =IF(AM13=AN13,"Y","N") -> Y | FR13: =IF(AO13=AP13,"Y","N") -> Y | FS13: =IF(AQ13=AR13,"Y","N") -> Y | FT13: =IF(AY13=AZ13,"Y","N") -> Y | FU13: =IF(BA13=BB13,"Y","N") -> Y | FV13: =IF(BG13=BH13,"Y","N") -> Y | FW13: =IF(BI13=BJ13,"Y","N") -> Y | FX13: =IF(BK13=BL13,"Y","N") -> Y | FY13: =IF(BM13=BN13,"Y","N") -> Y | FZ13: =IF(BO13=BP13,"Y","N") -> Y | GA13: =IF(BQ13=BR13,"Y","N") -> Y | GB13: =IF(BS13=BT13,"Y","N") -> Y | GC13: =IF(BU13=BV13,"Y","N") -> Y | GD13: =IF(BW13=BX13,"Y","N") -> Y | GE13: =IF(BY13=BZ13,"Y","N") -> Y | GF13: =IF(CA13=CB13,"Y","N") -> Y | GG13: =IF(CC13=CD13,"Y","N") -> Y | GH13: =IF(CE13=CF13,"Y","N") -> Y | GI13: =IF(CG13=CH13,"Y","N") -> Y | GJ13: =IF(CI13=CJ13,"Y","N") -> Y | GK13: =IF(CK13=CL13, "Y", "N") -> Y | GL13: =IF(CM13=CN13, "Y", "N") -> Y | GM13: =IF(CO13=CP13,"Y","N") -> Y | GN13: =IF(CQ13=CR13,"Y","N") -> Y | GO13: =IF(CS13=CT13,"Y","N") -> Y | GP13: =IF(CU13=CV13,"Y","N") -> Y | GQ13: =IF(CW13=CX13,"Y","N") -> Y | GR13: =IF(CY13=CZ13,"Y","N") -> Y | GS13: =IF(DA13=DB13,"Y","N") -> Y | GT13: =IF(DC13=DD13,"Y","N") -> Y | GU13: =IF(DE13=DF13,"Y","N") -> Y | GV13: =IF(DG13=DH13,"Y","N") -> Y | GW13: =IF(DI13=DJ13,"Y","N") -> Y | GX13: =IF(DK13=DL13,"Y","N") -> Y | GY13: =IF(DM13=DN13,"Y","N") -> Y | GZ13: =IF(DO13=DP13,"Y","N") -> Y | HA13: =IF(DQ13=DR13,"Y","N") -> Y | HB13: =IF(DS13=DT13,"Y","N") -> Y | HC13: =IF(DU13=DV13,"Y","N") -> Y | HD13: =IF(EC13=ED13,"Y","N") -> Y | HE13: =IF(EE13=EF13,"Y","N") -> Y | HF13: =IF(EG13=EH13,"Y","N") -> Y | HG13: =IF(EI13=EJ13,"Y","N") -> Y | HH13: =IF(EK13=EL13,"Y","N") -> Y | HI13: =IF(EM13=EN13,"Y","N") -> Y | HJ13: =IF(EO13=EP13,"Y","N") -> Y | HK13: =IF(EQ13=ER13,"Y","N") -> Y | HL13: =IF(ES13=ET13,"Y","N") -> Y | HM13: =IF(EU13=EV13,"Y","N") -> Y | HN13: =IF(EW13=EX13,"Y","N") -> Y
A14: Harris | B14: 2019 | C14: 480 | D14: 480 | E14: 325 | F14: 325 | G14: NS | H14: NS | I14: NS | J14: NS | K14: 32 | L14: 32 | M14: NS | N14: NS | O14: NS | P14: NS | Q14: NS | R14: NS | S14: NS | T14: NS | U14: NS | V14: NS | W14: NS | X14: NS | Y14: 0 | Z14: 0 | AA14: 0 | AB14: 0 | AC14: NS | AD14: Australia | AE14: Australia | AF14: aus | AG14: yes | AH14: yes | AI14: no | AJ14: no | AK14: no | AL14: no | AM14: NS | AN14: NS | AO14: NS | AP14: NS | AQ14: NS | AR14: NS | AS14: NS | AT14: NS | AU14: NS | AV14: NS | AW14: NS | AX14: NS | AY14: 805 | AZ14: 805 | BA14: 3 | BB14: 3 | BC14: =BD14+BE14 -> 1 | BD14: 1 | BE14: 0 | BF14: 2 | BG14: NS | BH14: NS | BI14: 1 | BJ14: 1 | BK14: NA | BL14: NA | BM14: NA | BN14: NA | BO14: NA | BP14: NA | BQ14: NA | BR14: NA | BS14: NA | BT14: NA | BU14: NA | BV14: NA | BW14: NA | BX14: NA | BY14: NA | BZ14: NA | CA14: NA | CB14: NA | CC14: NA | CD14: NA | CE14: NA | CF14: NA | CG14: NA | CH14: NA | CI14: NA | CJ14: NA | CK14: NA | CL14: NA | CM14: NA | CN14: NA | CO14: NA | CP14: NA | CQ14: NA | CR14: NA | CS14: 1 | CT14: 1 | CU14: some | CV14: some | CW14: all | CX14: all | CY14: some | CZ14: some | DA14: some | DB14: some | DC14: some | DD14: some | DE14: some | DF14: some | DG14: NS | DH14: NS | DI14: NS | DJ14: NS | DK14: NS | DL14: NS | DM14: some | DN14: some | DO14: NS | DP14: NS | DQ14: NS | DR14: NS | DS14: NS | DT14: NS | DU14: NS | DV14: NS | DW14: NS | DX14: NS | DY14: NS | DZ14: NS | EA14: NS | EB14: NS | EC14: 1 | ED14: 1 | EE14: 1 | EF14: 1 | EG14: 1 | EH14: 1 | EI14: 1 | EJ14: 1 | EK14: 1 | EL14: 1 | EM14: 1 | EN14: 1 | EO14: 1 | EP14: 1 | EQ14: 1 | ER14: 1 | ES14: 1 | ET14: 1 | EU14: 1 | EV14: 1 | EW14: =SUM(EC14,EE14,EG14,EI14,EK14,EM14,EO14,EQ14,ES14,EU14) -> 10 | EX14: =SUM(ED14,EF14,EH14,EJ14,EL14,EN14,EP14,ER14,ET14,EV14) -> 10 | EY14: =A14 -> Harris | EZ14: =B14 -> 2019 | FA14: =IF(C14=D14,"Y","N") -> Y | FB14: =IF(E14=F14,"Y","N") -> Y | FC14: =IF(G14=H14,"Y","N") -> Y | FD14: =IF(I14=J14,"Y","N") -> Y | FE14: =IF(K14=L14,"Y","N") -> Y | FF14: =IF(M14=N14,"Y","N") -> Y | FG14: =IF(O14=P14,"Y","N") -> Y | FH14: =IF(Q14=R14,"Y","N") -> Y | FI14: =IF(S14=T14,"Y","N") -> Y | FJ14: =IF(U14=V14,"Y","N") -> Y | FK14: =IF(W14=X14,"Y","N") -> Y | FL14: =IF(Y14=Z14,"Y","N") -> Y | FM14: =IF(AA14=AB14,"Y","N") -> Y | FN14: =IF(AD14=AE14,"Y","N") -> Y | FO14: =IF(AG14=AH14,"Y","N") -> Y | FP14: =IF(AI14=AJ14,"Y","N") -> Y | FQ14: =IF(AM14=AN14,"Y","N") -> Y | FR14: =IF(AO14=AP14,"Y","N") -> Y | FS14: =IF(AQ14=AR14,"Y","N") -> Y | FT14: =IF(AY14=AZ14,"Y","N") -> Y | FU14: =IF(BA14=BB14,"Y","N") -> Y | FV14: =IF(BG14=BH14,"Y","N") -> Y | FW14: =IF(BI14=BJ14,"Y","N") -> Y | FX14: =IF(BK14=BL14,"Y","N") -> Y | FY14: =IF(BM14=BN14,"Y","N") -> Y | FZ14: =IF(BO14=BP14,"Y","N") -> Y | GA14: =IF(BQ14=BR14,"Y","N") -> Y | GB14: =IF(BS14=BT14,"Y","N") -> Y | GC14: =IF(BU14=BV14,"Y","N") -> Y | GD14: =IF(BW14=BX14,"Y","N") -> Y | GE14: =IF(BY14=BZ14,"Y","N") -> Y | GF14: =IF(CA14=CB14,"Y","N") -> Y | GG14: =IF(CC14=CD14,"Y","N") -> Y | GH14: =IF(CE14=CF14,"Y","N") -> Y | GI14: =IF(CG14=CH14,"Y","N") -> Y | GJ14: =IF(CI14=CJ14,"Y","N") -> Y | GK14: =IF(CK14=CL14, "Y", "N") -> Y | GL14: =IF(CM14=CN14, "Y", "N") -> Y | GM14: =IF(CO14=CP14,"Y","N") -> Y | GN14: =IF(CQ14=CR14,"Y","N") -> Y | GO14: =IF(CS14=CT14,"Y","N") -> Y | GP14: =IF(CU14=CV14,"Y","N") -> Y | GQ14: =IF(CW14=CX14,"Y","N") -> Y | GR14: =IF(CY14=CZ14,"Y","N") -> Y | GS14: =IF(DA14=DB14,"Y","N") -> Y | GT14: =IF(DC14=DD14,"Y","N") -> Y | GU14: =IF(DE14=DF14,"Y","N") -> Y | GV14: =IF(DG14=DH14,"Y","N") -> Y | GW14: =IF(DI14=DJ14,"Y","N") -> Y | GX14: =IF(DK14=DL14,"Y","N") -> Y | GY14: =IF(DM14=DN14,"Y","N") -> Y | GZ14: =IF(DO14=DP14,"Y","N") -> Y | HA14: =IF(DQ14=DR14,"Y","N") -> Y | HB14: =IF(DS14=DT14,"Y","N") -> Y | HC14: =IF(DU14=DV14,"Y","N") -> Y | HD14: =IF(EC14=ED14,"Y","N") -> Y | HE14: =IF(EE14=EF14,"Y","N") -> Y | HF14: =IF(EG14=EH14,"Y","N") -> Y | HG14: =IF(EI14=EJ14,"Y","N") -> Y | HH14: =IF(EK14=EL14,"Y","N") -> Y | HI14: =IF(EM14=EN14,"Y","N") -> Y | HJ14: =IF(EO14=EP14,"Y","N") -> Y | HK14: =IF(EQ14=ER14,"Y","N") -> Y | HL14: =IF(ES14=ET14,"Y","N") -> Y | HM14: =IF(EU14=EV14,"Y","N") -> Y | HN14: =IF(EW14=EX14,"Y","N") -> Y
A15: Johnstone | B15: 1987 | C15: NS | D15: NS | E15: NS | F15: NS | G15: NS | H15: NS | I15: NS | J15: NS | K15: NS | L15: NS | M15: NS | N15: NS | O15: NS | P15: NS | Q15: NS | R15: NS | S15: NS | T15: NS | U15: 0 | V15: 0 | W15: 268 | X15: 268 | Y15: 0 | Z15: 0 | AA15: 0 | AB15: 0 | AC15: inpat_psych | AD15: UK | AE15: UK | AF15: euro | AG15: no | AH15: no | AI15: yes | AJ15: yes | AK15: yes | AL15: yes | AM15: 268 | AN15: 268 | AO15: 0 | AP15: 0 | AQ15: 0 | AR15: 0 | AS15: NS | AT15: NS | AU15: NS | AV15: NS | AW15: NS | AX15: NS | AY15: 268 | AZ15: 268 | BA15: 15 | BB15: 15 | BC15: =BD15+BE15 -> 15 | BD15: 15 | BE15: 0 | BF15: 0 | BG15: multiple | BH15: multiple | BI15: 10 | BJ15: 10 | BK15: =BQ15+BS15 -> 5 | BL15: =SUM(BR15,BT15) -> 5 | BM15: 3 | BN15: 3 | BO15: NA | BP15: NA | BQ15: 5 | BR15: 5 | BS15: 0 | BT15: 0 | BU15: 1 | BV15: 1 | BW15: NA | BX15: NA | BY15: 0 | BZ15: 0 | CA15: 0 | CB15: 0 | CC15: 4 | CD15: 4 | CE15: NA | CF15: NA | CG15: NA | CH15: NA | CI15: 0 | CJ15: 0 | CK15: 0 | CL15: 0 | CM15: 1 | CN15: 1 | CO15: 1 | CP15: 1 | CQ15: 0 | CR15: 0 | CS15: 0 | CT15: 0 | CU15: NS | CV15: NS | CW15: some | CX15: some | CY15: 0 | CZ15: 0 | DA15: some | DB15: some | DC15: some | DD15: some | DE15: some | DF15: some | DG15: 0 | DH15: 0 | DI15: all | DJ15: all | DK15: NS | DL15: NS | DM15: some | DN15: some | DO15: some | DP15: some | DQ15: NS | DR15: NS | DS15: X-ray (Unspecified freq) | DT15: X-ray (Unspecified freq) | DU15: NS | DV15: NS | DW15: Psychotic Disorder | DX15: Psychotic disorder | DY15: NS | DZ15: NS | EA15: NS | EB15: NS | EC15: 1 | ED15: 1 | EE15: 1 | EF15: 1 | EG15: 1 | EH15: 1 | EI15: 1 | EJ15: 1 | EK15: 1 | EL15: 1 | EM15: 1 | EN15: 1 | EO15: 1 | EP15: 1 | EQ15: 0 | ER15: 0 | ES15: 1 | ET15: 1 | EU15: 1 | EV15: 1 | EW15: =SUM(EC15,EE15,EG15,EI15,EK15,EM15,EO15,EQ15,ES15,EU15) -> 9 | EX15: =SUM(ED15,EF15,EH15,EJ15,EL15,EN15,EP15,ER15,ET15,EV15) -> 9 | EY15: =A15 -> Johnstone | EZ15: =B15 -> 1987 | FA15: =IF(C15=D15,"Y","N") -> Y | FB15: =IF(E15=F15,"Y","N") -> Y | FC15: =IF(G15=H15,"Y","N") -> Y | FD15: =IF(I15=J15,"Y","N") -> Y | FE15: =IF(K15=L15,"Y","N") -> Y | FF15: =IF(M15=N15,"Y","N") -> Y | FG15: =IF(O15=P15,"Y","N") -> Y | FH15: =IF(Q15=R15,"Y","N") -> Y | FI15: =IF(S15=T15,"Y","N") -> Y | FJ15: =IF(U15=V15,"Y","N") -> Y | FK15: =IF(W15=X15,"Y","N") -> Y | FL15: =IF(Y15=Z15,"Y","N") -> Y | FM15: =IF(AA15=AB15,"Y","N") -> Y | FN15: =IF(AD15=AE15,"Y","N") -> Y | FO15: =IF(AG15=AH15,"Y","N") -> Y | FP15: =IF(AI15=AJ15,"Y","N") -> Y | FQ15: =IF(AM15=AN15,"Y","N") -> Y | FR15: =IF(AO15=AP15,"Y","N") -> Y | FS15: =IF(AQ15=AR15,"Y","N") -> Y | FT15: =IF(AY15=AZ15,"Y","N") -> Y | FU15: =IF(BA15=BB15,"Y","N") -> Y | FV15: =IF(BG15=BH15,"Y","N") -> Y | FW15: =IF(BI15=BJ15,"Y","N") -> Y | FX15: =IF(BK15=BL15,"Y","N") -> Y | FY15: =IF(BM15=BN15,"Y","N") -> Y | FZ15: =IF(BO15=BP15,"Y","N") -> Y | GA15: =IF(BQ15=BR15,"Y","N") -> Y | GB15: =IF(BS15=BT15,"Y","N") -> Y | GC15: =IF(BU15=BV15,"Y","N") -> Y | GD15: =IF(BW15=BX15,"Y","N") -> Y | GE15: =IF(BY15=BZ15,"Y","N") -> Y | GF15: =IF(CA15=CB15,"Y","N") -> Y | GG15: =IF(CC15=CD15,"Y","N") -> Y | GH15: =IF(CE15=CF15,"Y","N") -> Y | GI15: =IF(CG15=CH15,"Y","N") -> Y | GJ15: =IF(CI15=CJ15,"Y","N") -> Y | GK15: =IF(CK15=CL15, "Y", "N") -> Y | GL15: =IF(CM15=CN15, "Y", "N") -> Y | GM15: =IF(CO15=CP15,"Y","N") -> Y | GN15: =IF(CQ15=CR15,"Y","N") -> Y | GO15: =IF(CS15=CT15,"Y","N") -> Y | GP15: =IF(CU15=CV15,"Y","N") -> Y | GQ15: =IF(CW15=CX15,"Y","N") -> Y | GR15: =IF(CY15=CZ15,"Y","N") -> Y | GS15: =IF(DA15=DB15,"Y","N") -> Y | GT15: =IF(DC15=DD15,"Y","N") -> Y | GU15: =IF(DE15=DF15,"Y","N") -> Y | GV15: =IF(DG15=DH15,"Y","N") -> Y | GW15: =IF(DI15=DJ15,"Y","N") -> Y | GX15: =IF(DK15=DL15,"Y","N") -> Y | GY15: =IF(DM15=DN15,"Y","N") -> Y | GZ15: =IF(DO15=DP15,"Y","N") -> Y | HA15: =IF(DQ15=DR15,"Y","N") -> Y | HB15: =IF(DS15=DT15,"Y","N") -> Y | HC15: =IF(DU15=DV15,"Y","N") -> Y | HD15: =IF(EC15=ED15,"Y","N") -> Y | HE15: =IF(EE15=EF15,"Y","N") -> Y | HF15: =IF(EG15=EH15,"Y","N") -> Y | HG15: =IF(EI15=EJ15,"Y","N") -> Y | HH15: =IF(EK15=EL15,"Y","N") -> Y | HI15: =IF(EM15=EN15,"Y","N") -> Y | HJ15: =IF(EO15=EP15,"Y","N") -> Y | HK15: =IF(EQ15=ER15,"Y","N") -> Y | HL15: =IF(ES15=ET15,"Y","N") -> Y | HM15: =IF(EU15=EV15,"Y","N") -> Y | HN15: =IF(EW15=EX15,"Y","N") -> Y
A16: Kelleher | B16: 2020 | C16: 134 | D16: 134 | E16: 78 | F16: 78 | G16: NS | H16: NS | I16: NS | J16: NS | K16: 33 FEP, 45 TRS Cohort | L16: 33 FEP, 45 TRS Cohort | M16: 5 | N16: 5 | O16: 203 | P16: 203 | Q16: 4 | R16: 4 | S16: 0 | T16: 0 | U16: 4 | V16: 4 | W16: 61 | X16: 61 | Y16: 147 | Z16: 147 | AA16: 0 | AB16: 0 | AC16: mixture | AD16: UK | AE16: UK | AF16: euro | AG16: no | AH16: no | AI16: yes | AJ16: yes | AK16: no | AL16: no | AM16: 112 | AN16: 112 | AO16: 100 | AP16: 100 | AQ16: 0 | AR16: 0 | AS16: NS | AT16: NS | AU16: NS | AV16: NS | AW16: 2 | AX16: NS | AY16: 212 | AZ16: 212 | BA16: 1 | BB16: 1 | BC16: =BD16+BE16 -> 2 | BD16: 1 | BE16: 1 | BF16: 0 | BG16: single | BH16: single | BI16: 2 | BJ16: 2 | BK16: NA | BL16: NA | BM16: 2 | BN16: 2 | BO16: NA | BP16: NA | BQ16: NA | BR16: NA | BS16: NA | BT16: NA | BU16: NA | BV16: NA | BW16: NA | BX16: NA | BY16: NA | BZ16: NA | CA16: NA | CB16: NA | CC16: NA | CD16: NA | CE16: NA | CF16: NA | CG16: NA | CH16: NA | CI16: NA | CJ16: NA | CK16: NA | CL16: NA | CM16: NA | CN16: NA | CO16: NA | CP16: NA | CQ16: NA | CR16: NA | CS16: NA | CT16: NA | CU16: some | CV16: some | CW16: 0 | CX16: 0 | CY16: 0 | CZ16: 0 | DA16: some | DB16: some | DC16: some | DD16: some | DE16: all | DF16: all | DG16: 0 | DH16: 0 | DI16: all | DJ16: all | DK16: yes | DL16: yes | DM16: some | DN16: some | DO16: NS | DP16: NS | DQ16: NS | DR16: NS | DS16: some | DT16: some | DU16: NS | DV16: NS | DW16: Psychotic Disorder | DX16: Psychotic Disorder | DY16: SCID | DZ16: SCID | EA16: ICD-10 | EB16: ICD-10 | EC16: 1 | ED16: 1 | EE16: 1 | EF16: 1 | EG16: 1 | EH16: 1 | EI16: 1 | EJ16: 1 | EK16: 1 | EL16: 1 | EM16: 1 | EN16: 1 | EO16: 1 | EP16: 1 | EQ16: 1 | ER16: 1 | ES16: 1 | ET16: 1 | EU16: 1 | EV16: 1 | EW16: =SUM(EC16,EE16,EG16,EI16,EK16,EM16,EO16,EQ16,ES16,EU16) -> 10 | EX16: =SUM(ED16,EF16,EH16,EJ16,EL16,EN16,EP16,ER16,ET16,EV16) -> 10 | EY16: =A16 -> Kelleher | EZ16: =B16 -> 2020 | FA16: =IF(C16=D16,"Y","N") -> Y | FB16: =IF(E16=F16,"Y","N") -> Y | FC16: =IF(G16=H16,"Y","N") -> Y | FD16: =IF(I16=J16,"Y","N") -> Y | FE16: =IF(K16=L16,"Y","N") -> Y | FF16: =IF(M16=N16,"Y","N") -> Y | FG16: =IF(O16=P16,"Y","N") -> Y | FH16: =IF(Q16=R16,"Y","N") -> Y | FI16: =IF(S16=T16,"Y","N") -> Y | FJ16: =IF(U16=V16,"Y","N") -> Y | FK16: =IF(W16=X16,"Y","N") -> Y | FL16: =IF(Y16=Z16,"Y","N") -> Y | FM16: =IF(AA16=AB16,"Y","N") -> Y | FN16: =IF(AD16=AE16,"Y","N") -> Y | FO16: =IF(AG16=AH16,"Y","N") -> Y | FP16: =IF(AI16=AJ16,"Y","N") -> Y | FQ16: =IF(AM16=AN16,"Y","N") -> Y | FR16: =IF(AO16=AP16,"Y","N") -> Y | FS16: =IF(AQ16=AR16,"Y","N") -> Y | FT16: =IF(AY16=AZ16,"Y","N") -> Y | FU16: =IF(BA16=BB16,"Y","N") -> Y | FV16: =IF(BG16=BH16,"Y","N") -> Y | FW16: =IF(BI16=BJ16,"Y","N") -> Y | FX16: =IF(BK16=BL16,"Y","N") -> Y | FY16: =IF(BM16=BN16,"Y","N") -> Y | FZ16: =IF(BO16=BP16,"Y","N") -> Y | GA16: =IF(BQ16=BR16,"Y","N") -> Y | GB16: =IF(BS16=BT16,"Y","N") -> Y | GC16: =IF(BU16=BV16,"Y","N") -> Y | GD16: =IF(BW16=BX16,"Y","N") -> Y | GE16: =IF(BY16=BZ16,"Y","N") -> Y | GF16: =IF(CA16=CB16,"Y","N") -> Y | GG16: =IF(CC16=CD16,"Y","N") -> Y | GH16: =IF(CE16=CF16,"Y","N") -> Y | GI16: =IF(CG16=CH16,"Y","N") -> Y | GJ16: =IF(CI16=CJ16,"Y","N") -> Y | GK16: =IF(CK16=CL16, "Y", "N") -> Y | GL16: =IF(CM16=CN16, "Y", "N") -> Y | GM16: =IF(CO16=CP16,"Y","N") -> Y | GN16: =IF(CQ16=CR16,"Y","N") -> Y | GO16: =IF(CS16=CT16,"Y","N") -> Y | GP16: =IF(CU16=CV16,"Y","N") -> Y | GQ16: =IF(CW16=CX16,"Y","N") -> Y | GR16: =IF(CY16=CZ16,"Y","N") -> Y | GS16: =IF(DA16=DB16,"Y","N") -> Y | GT16: =IF(DC16=DD16,"Y","N") -> Y | GU16: =IF(DE16=DF16,"Y","N") -> Y | GV16: =IF(DG16=DH16,"Y","N") -> Y | GW16: =IF(DI16=DJ16,"Y","N") -> Y | GX16: =IF(DK16=DL16,"Y","N") -> Y | GY16: =IF(DM16=DN16,"Y","N") -> Y | GZ16: =IF(DO16=DP16,"Y","N") -> Y | HA16: =IF(DQ16=DR16,"Y","N") -> Y | HB16: =IF(DS16=DT16,"Y","N") -> Y | HC16: =IF(DU16=DV16,"Y","N") -> Y | HD16: =IF(EC16=ED16,"Y","N") -> Y | HE16: =IF(EE16=EF16,"Y","N") -> Y | HF16: =IF(EG16=EH16,"Y","N") -> Y | HG16: =IF(EI16=EJ16,"Y","N") -> Y | HH16: =IF(EK16=EL16,"Y","N") -> Y | HI16: =IF(EM16=EN16,"Y","N") -> Y | HJ16: =IF(EO16=EP16,"Y","N") -> Y | HK16: =IF(EQ16=ER16,"Y","N") -> Y | HL16: =IF(ES16=ET16,"Y","N") -> Y | HM16: =IF(EU16=EV16,"Y","N") -> Y | HN16: =IF(EW16=EX16,"Y","N") -> Y
A17: Kranaster | B17: 2011 | C17: 95 | D17: 95 | E17: 60 | F17: 60 | G17: NS | H17: NS | I17: NS | J17: NS | K17: 29.8 | L17: 29.8 | M17: NS | N17: NS | O17: NS | P17: NS | Q17: NS | R17: NS | S17: NS | T17: NS | U17: 0 | V17: 0 | W17: 155 | X17: 155 | Y17: 0 | Z17: 0 | AA17: NS | AB17: NS | AC17: inpat_psych | AD17: Germany | AE17: Germany | AF17: euro | AG17: no | AH17: no | AI17: yes | AJ17: yes | AK17: yes | AL17: yes | AM17: 155 | AN17: 155 | AO17: 0 | AP17: 0 | AQ17: 0 | AR17: 0 | AS17: NS | AT17: NS | AU17: NS | AV17: NS | AW17: NS | AX17: NS | AY17: 155 | AZ17: 155 | BA17: 5 | BB17: 5 | BC17: =BD17+BE17 -> 5 | BD17: 4 | BE17: 1 | BF17: 0 | BG17: multiple | BH17: multiple | BI17: 5 | BJ17: 5 | BK17: NA | BL17: NA | BM17: NA | BN17: NA | BO17: NA | BP17: NA | BQ17: NA | BR17: NA | BS17: NA | BT17: NA | BU17: NA | BV17: NA | BW17: NA | BX17: NA | BY17: NA | BZ17: NA | CA17: NA | CB17: NA | CC17: 2 | CD17: 2 | CE17: 0 | CF17: 0 | CG17: 1 | CH17: 1 | CI17: NA | CJ17: NA | CK17: NA | CL17: NA | CM17: NA | CN17: NA | CO17: NA | CP17: NA | CQ17: 2 | CR17: 2 | CS17: NA | CT17: NA | CU17: NS | CV17: NS | CW17: NS | CX17: NS | CY17: NS | CZ17: NS | DA17: NS | DB17: NS | DC17: all | DD17: all | DE17: NS | DF17: NS | DG17: NS | DH17: NS | DI17: all | DJ17: all | DK17: yes | DL17: yes | DM17: NS | DN17: NS | DO17: NS | DP17: NS | DQ17: NS | DR17: NS | DS17: NS | DT17: NS | DU17: NS | DV17: NS | DW17: Psychotic Disorder | DX17: Psychotic Dsiorder | DY17: NS | DZ17: NS | EA17: DSM-IV | EB17: DSM-IV | EC17: 1 | ED17: 1 | EE17: 1 | EF17: 1 | EG17: 1 | EH17: 1 | EI17: 1 | EJ17: 1 | EK17: 1 | EL17: 1 | EM17: 1 | EN17: 1 | EO17: 1 | EP17: 1 | EQ17: 1 | ER17: 1 | ES17: 1 | ET17: 1 | EU17: 1 | EV17: 1 | EW17: =SUM(EC17,EE17,EG17,EI17,EK17,EM17,EO17,EQ17,ES17,EU17) -> 10 | EX17: =SUM(ED17,EF17,EH17,EJ17,EL17,EN17,EP17,ER17,ET17,EV17) -> 10 | EY17: =A17 -> Kranaster | EZ17: =B17 -> 2011 | FA17: =IF(C17=D17,"Y","N") -> Y | FB17: =IF(E17=F17,"Y","N") -> Y | FC17: =IF(G17=H17,"Y","N") -> Y | FD17: =IF(I17=J17,"Y","N") -> Y | FE17: =IF(K17=L17,"Y","N") -> Y | FF17: =IF(M17=N17,"Y","N") -> Y | FG17: =IF(O17=P17,"Y","N") -> Y | FH17: =IF(Q17=R17,"Y","N") -> Y | FI17: =IF(S17=T17,"Y","N") -> Y | FJ17: =IF(U17=V17,"Y","N") -> Y | FK17: =IF(W17=X17,"Y","N") -> Y | FL17: =IF(Y17=Z17,"Y","N") -> Y | FM17: =IF(AA17=AB17,"Y","N") -> Y | FN17: =IF(AD17=AE17,"Y","N") -> Y | FO17: =IF(AG17=AH17,"Y","N") -> Y | FP17: =IF(AI17=AJ17,"Y","N") -> Y | FQ17: =IF(AM17=AN17,"Y","N") -> Y | FR17: =IF(AO17=AP17,"Y","N") -> Y | FS17: =IF(AQ17=AR17,"Y","N") -> Y | FT17: =IF(AY17=AZ17,"Y","N") -> Y | FU17: =IF(BA17=BB17,"Y","N") -> Y | FV17: =IF(BG17=BH17,"Y","N") -> Y | FW17: =IF(BI17=BJ17,"Y","N") -> Y | FX17: =IF(BK17=BL17,"Y","N") -> Y | FY17: =IF(BM17=BN17,"Y","N") -> Y | FZ17: =IF(BO17=BP17,"Y","N") -> Y | GA17: =IF(BQ17=BR17,"Y","N") -> Y | GB17: =IF(BS17=BT17,"Y","N") -> Y | GC17: =IF(BU17=BV17,"Y","N") -> Y | GD17: =IF(BW17=BX17,"Y","N") -> Y | GE17: =IF(BY17=BZ17,"Y","N") -> Y | GF17: =IF(CA17=CB17,"Y","N") -> Y | GG17: =IF(CC17=CD17,"Y","N") -> Y | GH17: =IF(CE17=CF17,"Y","N") -> Y | GI17: =IF(CG17=CH17,"Y","N") -> Y | GJ17: =IF(CI17=CJ17,"Y","N") -> Y | GK17: =IF(CK17=CL17, "Y", "N") -> Y | GL17: =IF(CM17=CN17, "Y", "N") -> Y | GM17: =IF(CO17=CP17,"Y","N") -> Y | GN17: =IF(CQ17=CR17,"Y","N") -> Y | GO17: =IF(CS17=CT17,"Y","N") -> Y | GP17: =IF(CU17=CV17,"Y","N") -> Y | GQ17: =IF(CW17=CX17,"Y","N") -> Y | GR17: =IF(CY17=CZ17,"Y","N") -> Y | GS17: =IF(DA17=DB17,"Y","N") -> Y | GT17: =IF(DC17=DD17,"Y","N") -> Y | GU17: =IF(DE17=DF17,"Y","N") -> Y | GV17: =IF(DG17=DH17,"Y","N") -> Y | GW17: =IF(DI17=DJ17,"Y","N") -> Y | GX17: =IF(DK17=DL17,"Y","N") -> Y | GY17: =IF(DM17=DN17,"Y","N") -> Y | GZ17: =IF(DO17=DP17,"Y","N") -> Y | HA17: =IF(DQ17=DR17,"Y","N") -> Y | HB17: =IF(DS17=DT17,"Y","N") -> Y | HC17: =IF(DU17=DV17,"Y","N") -> Y | HD17: =IF(EC17=ED17,"Y","N") -> Y | HE17: =IF(EE17=EF17,"Y","N") -> Y | HF17: =IF(EG17=EH17,"Y","N") -> Y | HG17: =IF(EI17=EJ17,"Y","N") -> Y | HH17: =IF(EK17=EL17,"Y","N") -> Y | HI17: =IF(EM17=EN17,"Y","N") -> Y | HJ17: =IF(EO17=EP17,"Y","N") -> Y | HK17: =IF(EQ17=ER17,"Y","N") -> Y | HL17: =IF(ES17=ET17,"Y","N") -> Y | HM17: =IF(EU17=EV17,"Y","N") -> Y | HN17: =IF(EW17=EX17,"Y","N") -> Y
A18: Mantovani | B18: 2012 | C18: 54 | D18: 54 | E18: 31 | F18: 31 | G18: NS | H18: NS | I18: NS | J18: NS | K18: NS | L18: NS | M18: NS | N18: NS | O18: NS | P18: NS | Q18: NS | R18: NS | S18: NS | T18: NS | U18: 85 | V18: 85 | W18: 0 | X18: 0 | Y18: 0 | Z18: 0 | AA18: 0 | AB18: 0 | AC18: gen_hospital | AD18: Brazil | AE18: Brazil | AF18: s_am | AG18: yes | AH18: yes | AI18: no | AJ18: no | AK18: yes | AL18: yes | AM18: 85 | AN18: 85 | AO18: 0 | AP18: 0 | AQ18: 0 | AR18: 0 | AS18: NS | AT18: NS | AU18: NS | AV18: NS | AW18: NS | AX18: NS | AY18: 85 | AZ18: 85 | BA18: 2 | BB18: 2 | BC18: =BD18+BE18 -> 2 | BD18: 2 | BE18: 0 | BF18: 0 | BG18: single | BH18: single | BI18: 2 | BJ18: 2 | BK18: NA | BL18: NA | BM18: 2 | BN18: 2 | BO18: NA | BP18: NA | BQ18: NA | BR18: NA | BS18: NA | BT18: NA | BU18: NA | BV18: NA | BW18: NA | BX18: NA | BY18: NA | BZ18: NA | CA18: NA | CB18: NA | CC18: NA | CD18: NA | CE18: NA | CF18: NA | CG18: NA | CH18: NA | CI18: NA | CJ18: NA | CK18: NA | CL18: NA | CM18: NA | CN18: NA | CO18: NA | CP18: NA | CQ18: NA | CR18: NA | CS18: NA | CT18: NA | CU18: yes - NS | CV18: yes - NS | CW18: NS | CX18: NS | CY18: yes - NS | CZ18: yes - NS | DA18: NS | DB18: NS | DC18: NS | DD18: NS | DE18: yes - NS | DF18: yes - NS | DG18: NS | DH18: NS | DI18: NS | DJ18: NS | DK18: NS | DL18: NS | DM18: yes - NS | DN18: yes - NS | DO18: NS | DP18: NS | DQ18: NS | DR18: NS | DS18: some | DT18: some | DU18: NS | DV18: NS | DW18: Psychotic Disorder | DX18: Psychotic Disorder | DY18: Clinical Assessment | DZ18: Clinical Assessment | EA18: DSM-IV | EB18: DSM-IV | EC18: 1 | ED18: 1 | EE18: 1 | EF18: 1 | EG18: 1 | EH18: 1 | EI18: 1 | EJ18: 1 | EK18: 1 | EL18: 1 | EM18: 1 | EN18: 1 | EO18: 1 | EP18: 1 | EQ18: 1 | ER18: 1 | ES18: 1 | ET18: 1 | EU18: 1 | EV18: 1 | EW18: =SUM(EC18,EE18,EG18,EI18,EK18,EM18,EO18,EQ18,ES18,EU18) -> 10 | EX18: =SUM(ED18,EF18,EH18,EJ18,EL18,EN18,EP18,ER18,ET18,EV18) -> 10 | EY18: =A18 -> Mantovani | EZ18: =B18 -> 2012 | FA18: =IF(C18=D18,"Y","N") -> Y | FB18: =IF(E18=F18,"Y","N") -> Y | FC18: =IF(G18=H18,"Y","N") -> Y | FD18: =IF(I18=J18,"Y","N") -> Y | FE18: =IF(K18=L18,"Y","N") -> Y | FF18: =IF(M18=N18,"Y","N") -> Y | FG18: =IF(O18=P18,"Y","N") -> Y | FH18: =IF(Q18=R18,"Y","N") -> Y | FI18: =IF(S18=T18,"Y","N") -> Y | FJ18: =IF(U18=V18,"Y","N") -> Y | FK18: =IF(W18=X18,"Y","N") -> Y | FL18: =IF(Y18=Z18,"Y","N") -> Y | FM18: =IF(AA18=AB18,"Y","N") -> Y | FN18: =IF(AD18=AE18,"Y","N") -> Y | FO18: =IF(AG18=AH18,"Y","N") -> Y | FP18: =IF(AI18=AJ18,"Y","N") -> Y | FQ18: =IF(AM18=AN18,"Y","N") -> Y | FR18: =IF(AO18=AP18,"Y","N") -> Y | FS18: =IF(AQ18=AR18,"Y","N") -> Y | FT18: =IF(AY18=AZ18,"Y","N") -> Y | FU18: =IF(BA18=BB18,"Y","N") -> Y | FV18: =IF(BG18=BH18,"Y","N") -> Y | FW18: =IF(BI18=BJ18,"Y","N") -> Y | FX18: =IF(BK18=BL18,"Y","N") -> Y | FY18: =IF(BM18=BN18,"Y","N") -> Y | FZ18: =IF(BO18=BP18,"Y","N") -> Y | GA18: =IF(BQ18=BR18,"Y","N") -> Y | GB18: =IF(BS18=BT18,"Y","N") -> Y | GC18: =IF(BU18=BV18,"Y","N") -> Y | GD18: =IF(BW18=BX18,"Y","N") -> Y | GE18: =IF(BY18=BZ18,"Y","N") -> Y | GF18: =IF(CA18=CB18,"Y","N") -> Y | GG18: =IF(CC18=CD18,"Y","N") -> Y | GH18: =IF(CE18=CF18,"Y","N") -> Y | GI18: =IF(CG18=CH18,"Y","N") -> Y | GJ18: =IF(CI18=CJ18,"Y","N") -> Y | GK18: =IF(CK18=CL18, "Y", "N") -> Y | GL18: =IF(CM18=CN18, "Y", "N") -> Y | GM18: =IF(CO18=CP18,"Y","N") -> Y | GN18: =IF(CQ18=CR18,"Y","N") -> Y | GO18: =IF(CS18=CT18,"Y","N") -> Y | GP18: =IF(CU18=CV18,"Y","N") -> Y | GQ18: =IF(CW18=CX18,"Y","N") -> Y | GR18: =IF(CY18=CZ18,"Y","N") -> Y | GS18: =IF(DA18=DB18,"Y","N") -> Y | GT18: =IF(DC18=DD18,"Y","N") -> Y | GU18: =IF(DE18=DF18,"Y","N") -> Y | GV18: =IF(DG18=DH18,"Y","N") -> Y | GW18: =IF(DI18=DJ18,"Y","N") -> Y | GX18: =IF(DK18=DL18,"Y","N") -> Y | GY18: =IF(DM18=DN18,"Y","N") -> Y | GZ18: =IF(DO18=DP18,"Y","N") -> Y | HA18: =IF(DQ18=DR18,"Y","N") -> Y | HB18: =IF(DS18=DT18,"Y","N") -> Y | HC18: =IF(DU18=DV18,"Y","N") -> Y | HD18: =IF(EC18=ED18,"Y","N") -> Y | HE18: =IF(EE18=EF18,"Y","N") -> Y | HF18: =IF(EG18=EH18,"Y","N") -> Y | HG18: =IF(EI18=EJ18,"Y","N") -> Y | HH18: =IF(EK18=EL18,"Y","N") -> Y | HI18: =IF(EM18=EN18,"Y","N") -> Y | HJ18: =IF(EO18=EP18,"Y","N") -> Y | HK18: =IF(EQ18=ER18,"Y","N") -> Y | HL18: =IF(ES18=ET18,"Y","N") -> Y | HM18: =IF(EU18=EV18,"Y","N") -> Y | HN18: =IF(EW18=EX18,"Y","N") -> Y
A19: Marques | B19: 2020 | C19: 119 | D19: 119 | E19: 81 | F19: 81 | G19: NS | H19: NS | I19: NS | J19: NS | K19: 47 | L19: 47 | M19: 0 | N19: 0 | O19: 200 | P19: 200 | Q19: 0 | R19: 0 | S19: 0 | T19: 0 | U19: 0 | V19: 0 | W19: 200 | X19: 200 | Y19: 0 | Z19: 0 | AA19: 0 | AB19: 0 | AC19: inpat_psych | AD19: Portugal | AE19: Portugal | AF19: euro | AG19: yes | AH19: yes | AI19: no | AJ19: no | AK19: no | AL19: no | AM19: NS | AN19: NS | AO19: NS | AP19: NS | AQ19: NS | AR19: NS | AS19: NS | AT19: NS | AU19: NS | AV19: NS | AW19: NS | AX19: NS | AY19: 200 | AZ19: 200 | BA19: 50 | BB19: 50 | BC19: =BD19+BE19 -> 50 | BD19: 43 | BE19: 7 | BF19: 0 | BG19: multiple | BH19: multiple | BI19: =BM19+BO19+BU19+BW19+BY19+CA19+CC19+CE19+CG19+CI19+CO19 -> 50 | BJ19: =SUM(BN19,BP19,BV19,BX19,BZ19,CB19,CD19,CF19,CH19,CJ19,CP19,CR19) -> 50 | BK19: =BQ19+BS19 -> 0 | BL19: 0 | BM19: 1 | BN19: 1 | BO19: 0 | BP19: 0 | BQ19: 0 | BR19: 0 | BS19: 0 | BT19: 0 | BU19: 4 | BV19: 4 | BW19: 7 | BX19: 7 | BY19: 0 | BZ19: 0 | CA19: 0 | CB19: 0 | CC19: 0 | CD19: 0 | CE19: 19 | CF19: 19 | CG19: 0 | CH19: 0 | CI19: 19 | CJ19: 19 | CK19: 0 | CL19: 0 | CM19: 0 | CN19: 0 | CO19: 0 | CP19: 0 | CQ19: 0 | CR19: 0 | CS19: 0 | CT19: 0 | CU19: NS | CV19: NS | CW19: all | CX19: all | CY19: 0 | CZ19: 0 | DA19: all | DB19: all | DC19: 0 | DD19: 0 | DE19: all | DF19: all | DG19: all | DH19: all | DI19: all | DJ19: all | DK19: NS | DL19: NS | DM19: NS | DN19: NS | DO19: all | DP19: all | DQ19: NS | DR19: NS | DS19: NS | DT19: NS | DU19: NS | DV19: NS | DW19: Psychotic Disorder | DX19: Psychotic Disorder | DY19: Clinical Assessment | DZ19: Clinical Assessment | EA19: ICD-9 | EB19: ICD-9 | EC19: 1 | ED19: 1 | EE19: 1 | EF19: 1 | EG19: 1 | EH19: 1 | EI19: 1 | EJ19: 1 | EK19: 1 | EL19: 1 | EM19: 1 | EN19: 1 | EO19: 1 | EP19: 1 | EQ19: 1 | ER19: 1 | ES19: 1 | ET19: 1 | EU19: 1 | EV19: 1 | EW19: =SUM(EC19,EE19,EG19,EI19,EK19,EM19,EO19,EQ19,ES19,EU19) -> 10 | EX19: =SUM(ED19,EF19,EH19,EJ19,EL19,EN19,EP19,ER19,ET19,EV19) -> 10 | EY19: =A19 -> Marques | EZ19: =B19 -> 2020 | FA19: =IF(C19=D19,"Y","N") -> Y | FB19: =IF(E19=F19,"Y","N") -> Y | FC19: =IF(G19=H19,"Y","N") -> Y | FD19: =IF(I19=J19,"Y","N") -> Y | FE19: =IF(K19=L19,"Y","N") -> Y | FF19: =IF(M19=N19,"Y","N") -> Y | FG19: =IF(O19=P19,"Y","N") -> Y | FH19: =IF(Q19=R19,"Y","N") -> Y | FI19: =IF(S19=T19,"Y","N") -> Y | FJ19: =IF(U19=V19,"Y","N") -> Y | FK19: =IF(W19=X19,"Y","N") -> Y | FL19: =IF(Y19=Z19,"Y","N") -> Y | FM19: =IF(AA19=AB19,"Y","N") -> Y | FN19: =IF(AD19=AE19,"Y","N") -> Y | FO19: =IF(AG19=AH19,"Y","N") -> Y | FP19: =IF(AI19=AJ19,"Y","N") -> Y | FQ19: =IF(AM19=AN19,"Y","N") -> Y | FR19: =IF(AO19=AP19,"Y","N") -> Y | FS19: =IF(AQ19=AR19,"Y","N") -> Y | FT19: =IF(AY19=AZ19,"Y","N") -> Y | FU19: =IF(BA19=BB19,"Y","N") -> Y | FV19: =IF(BG19=BH19,"Y","N") -> Y | FW19: =IF(BI19=BJ19,"Y","N") -> Y | FX19: =IF(BK19=BL19,"Y","N") -> Y | FY19: =IF(BM19=BN19,"Y","N") -> Y | FZ19: =IF(BO19=BP19,"Y","N") -> Y | GA19: =IF(BQ19=BR19,"Y","N") -> Y | GB19: =IF(BS19=BT19,"Y","N") -> Y | GC19: =IF(BU19=BV19,"Y","N") -> Y | GD19: =IF(BW19=BX19,"Y","N") -> Y | GE19: =IF(BY19=BZ19,"Y","N") -> Y | GF19: =IF(CA19=CB19,"Y","N") -> Y | GG19: =IF(CC19=CD19,"Y","N") -> Y | GH19: =IF(CE19=CF19,"Y","N") -> Y | GI19: =IF(CG19=CH19,"Y","N") -> Y | GJ19: =IF(CI19=CJ19,"Y","N") -> Y | GK19: =IF(CK19=CL19, "Y", "N") -> Y | GL19: =IF(CM19=CN19, "Y", "N") -> Y | GM19: =IF(CO19=CP19,"Y","N") -> Y | GN19: =IF(CQ19=CR19,"Y","N") -> Y | GO19: =IF(CS19=CT19,"Y","N") -> Y | GP19: =IF(CU19=CV19,"Y","N") -> Y | GQ19: =IF(CW19=CX19,"Y","N") -> Y | GR19: =IF(CY19=CZ19,"Y","N") -> Y | GS19: =IF(DA19=DB19,"Y","N") -> Y | GT19: =IF(DC19=DD19,"Y","N") -> Y | GU19: =IF(DE19=DF19,"Y","N") -> Y | GV19: =IF(DG19=DH19,"Y","N") -> Y | GW19: =IF(DI19=DJ19,"Y","N") -> Y | GX19: =IF(DK19=DL19,"Y","N") -> Y | GY19: =IF(DM19=DN19,"Y","N") -> Y | GZ19: =IF(DO19=DP19,"Y","N") -> Y | HA19: =IF(DQ19=DR19,"Y","N") -> Y | HB19: =IF(DS19=DT19,"Y","N") -> Y | HC19: =IF(DU19=DV19,"Y","N") -> Y | HD19: =IF(EC19=ED19,"Y","N") -> Y | HE19: =IF(EE19=EF19,"Y","N") -> Y | HF19: =IF(EG19=EH19,"Y","N") -> Y | HG19: =IF(EI19=EJ19,"Y","N") -> Y | HH19: =IF(EK19=EL19,"Y","N") -> Y | HI19: =IF(EM19=EN19,"Y","N") -> Y | HJ19: =IF(EO19=EP19,"Y","N") -> Y | HK19: =IF(EQ19=ER19,"Y","N") -> Y | HL19: =IF(ES19=ET19,"Y","N") -> Y | HM19: =IF(EU19=EV19,"Y","N") -> Y | HN19: =IF(EW19=EX19,"Y","N") -> Y
A20: Mauri | B20: 2017 | C20: 43 | D20: 43 | E20: 5 | F20: 5 | G20: NS | H20: NS | I20: NS | J20: NS | K20: 25.6 | L20: 25.6 | M20: NS | N20: NS | O20: NS | P20: NS | Q20: NS | R20: NS | S20: NS | T20: NS | U20: 0 | V20: 0 | W20: 48 | X20: 48 | Y20: 0 | Z20: 0 | AA20: 0 | AB20: 0 | AC20: inpat_psych | AD20: Italy | AE20: Italy | AF20: euro | AG20: no | AH20: no | AI20: yes | AJ20: yes | AK20: yes | AL20: yes | AM20: 48 | AN20: 48 | AO20: 0 | AP20: 0 | AQ20: 0 | AR20: 0 | AS20: NS | AT20: NS | AU20: NS | AV20: NS | AW20: NS | AX20: NS | AY20: 48 | AZ20: 48 | BA20: 23 | BB20: 23 | BC20: =BD20+BE20 -> 23 | BD20: 23 | BE20: 0 | BF20: 0 | BG20: single | BH20: single | BI20: NA | BJ20: NA | BK20: 23 | BL20: 23 | BM20: NA | BN20: NA | BO20: NA | BP20: NA | BQ20: 23 | BR20: 23 | BS20: NA | BT20: NA | BU20: NA | BV20: NA | BW20: NA | BX20: NA | BY20: NA | BZ20: NA | CA20: NA | CB20: NA | CC20: NA | CD20: NA | CE20: NA | CF20: NA | CG20: NA | CH20: NA | CI20: NA | CJ20: NA | CK20: NA | CL20: NA | CM20: NA | CN20: NA | CO20: NA | CP20: NA | CQ20: NA | CR20: NA | CS20: NA | CT20: NA | CU20: NS | CV20: NS | CW20: NS | CX20: NS | CY20: NS | CZ20: NS | DA20: NS | DB20: NS | DC20: NS | DD20: NS | DE20: NS | DF20: NS | DG20: some | DH20: some | DI20: all | DJ20: all | DK20: NS | DL20: NS | DM20: NS | DN20: NS | DO20: NS | DP20: NS | DQ20: NS | DR20: NS | DS20: NS | DT20: NS | DU20: NS | DV20: NS | DW20: Psychotic Disorder | DX20: Psychotic disorder | DY20: BPRS | DZ20: BPRS | EA20: DSM-IV | EB20: DSM-IV | EC20: 1 | ED20: 1 | EE20: 0 | EF20: 0 | EG20: 1 | EH20: 1 | EI20: 1 | EJ20: 1 | EK20: 1 | EL20: 1 | EM20: 1 | EN20: 1 | EO20: 1 | EP20: 1 | EQ20: 1 | ER20: 1 | ES20: 1 | ET20: 1 | EU20: 1 | EV20: 1 | EW20: =SUM(EC20,EE20,EG20,EI20,EK20,EM20,EO20,EQ20,ES20,EU20) -> 9 | EX20: =SUM(ED20,EF20,EH20,EJ20,EL20,EN20,EP20,ER20,ET20,EV20) -> 9 | EY20: =A20 -> Mauri | EZ20: =B20 -> 2017 | FA20: =IF(C20=D20,"Y","N") -> Y | FB20: =IF(E20=F20,"Y","N") -> Y | FC20: =IF(G20=H20,"Y","N") -> Y | FD20: =IF(I20=J20,"Y","N") -> Y | FE20: =IF(K20=L20,"Y","N") -> Y | FF20: =IF(M20=N20,"Y","N") -> Y | FG20: =IF(O20=P20,"Y","N") -> Y | FH20: =IF(Q20=R20,"Y","N") -> Y | FI20: =IF(S20=T20,"Y","N") -> Y | FJ20: =IF(U20=V20,"Y","N") -> Y | FK20: =IF(W20=X20,"Y","N") -> Y | FL20: =IF(Y20=Z20,"Y","N") -> Y | FM20: =IF(AA20=AB20,"Y","N") -> Y | FN20: =IF(AD20=AE20,"Y","N") -> Y | FO20: =IF(AG20=AH20,"Y","N") -> Y | FP20: =IF(AI20=AJ20,"Y","N") -> Y | FQ20: =IF(AM20=AN20,"Y","N") -> Y | FR20: =IF(AO20=AP20,"Y","N") -> Y | FS20: =IF(AQ20=AR20,"Y","N") -> Y | FT20: =IF(AY20=AZ20,"Y","N") -> Y | FU20: =IF(BA20=BB20,"Y","N") -> Y | FV20: =IF(BG20=BH20,"Y","N") -> Y | FW20: =IF(BI20=BJ20,"Y","N") -> Y | FX20: =IF(BK20=BL20,"Y","N") -> Y | FY20: =IF(BM20=BN20,"Y","N") -> Y | FZ20: =IF(BO20=BP20,"Y","N") -> Y | GA20: =IF(BQ20=BR20,"Y","N") -> Y | GB20: =IF(BS20=BT20,"Y","N") -> Y | GC20: =IF(BU20=BV20,"Y","N") -> Y | GD20: =IF(BW20=BX20,"Y","N") -> Y | GE20: =IF(BY20=BZ20,"Y","N") -> Y | GF20: =IF(CA20=CB20,"Y","N") -> Y | GG20: =IF(CC20=CD20,"Y","N") -> Y | GH20: =IF(CE20=CF20,"Y","N") -> Y | GI20: =IF(CG20=CH20,"Y","N") -> Y | GJ20: =IF(CI20=CJ20,"Y","N") -> Y | GK20: =IF(CK20=CL20, "Y", "N") -> Y | GL20: =IF(CM20=CN20, "Y", "N") -> Y | GM20: =IF(CO20=CP20,"Y","N") -> Y | GN20: =IF(CQ20=CR20,"Y","N") -> Y | GO20: =IF(CS20=CT20,"Y","N") -> Y | GP20: =IF(CU20=CV20,"Y","N") -> Y | GQ20: =IF(CW20=CX20,"Y","N") -> Y | GR20: =IF(CY20=CZ20,"Y","N") -> Y | GS20: =IF(DA20=DB20,"Y","N") -> Y | GT20: =IF(DC20=DD20,"Y","N") -> Y | GU20: =IF(DE20=DF20,"Y","N") -> Y | GV20: =IF(DG20=DH20,"Y","N") -> Y | GW20: =IF(DI20=DJ20,"Y","N") -> Y | GX20: =IF(DK20=DL20,"Y","N") -> Y | GY20: =IF(DM20=DN20,"Y","N") -> Y | GZ20: =IF(DO20=DP20,"Y","N") -> Y | HA20: =IF(DQ20=DR20,"Y","N") -> Y | HB20: =IF(DS20=DT20,"Y","N") -> Y | HC20: =IF(DU20=DV20,"Y","N") -> Y | HD20: =IF(EC20=ED20,"Y","N") -> Y | HE20: =IF(EE20=EF20,"Y","N") -> Y | HF20: =IF(EG20=EH20,"Y","N") -> Y | HG20: =IF(EI20=EJ20,"Y","N") -> Y | HH20: =IF(EK20=EL20,"Y","N") -> Y | HI20: =IF(EM20=EN20,"Y","N") -> Y | HJ20: =IF(EO20=EP20,"Y","N") -> Y | HK20: =IF(EQ20=ER20,"Y","N") -> Y | HL20: =IF(ES20=ET20,"Y","N") -> Y | HM20: =IF(EU20=EV20,"Y","N") -> Y | HN20: =IF(EW20=EX20,"Y","N") -> Y
A21: Misselbrook | B21: 2017 | C21: NS | D21: NS | E21: NS | F21: NS | G21: 47.9 | H21: 47.9 | I21: 60.16 | J21: 60.16 | K21: NS | L21: NS | M21: NS | N21: NS | O21: NS | P21: NS | Q21: NS | R21: NS | S21: NS | T21: NS | U21: NS | V21: NS | W21: 18297 | X21: 18297 | Y21: NS | Z21: NS | AA21: NS | AB21: NS | AC21: mixture | AD21: UK | AE21: UK | AF21: euro | AG21: yes | AH21: yes | AI21: no | AJ21: no | AK21: no | AL21: no | AM21: NS | AN21: NS | AO21: NS | AP21: NS | AQ21: NS | AR21: NS | AS21: NS | AT21: NS | AU21: NS | AV21: NS | AW21: NS | AX21: NS | AY21: 18297 | AZ21: 18297 | BA21: 553 | BB21: 553 | BC21: =BD21+BE21 -> 553 | BD21: 553 | BE21: 0 | BF21: 0 | BG21: multiple | BH21: multiple | BI21: NS | BJ21: NS | BK21: NS | BL21: NS | BM21: 5 | BN21: 5 | BO21: NS | BP21: NS | BQ21: NS | BR21: NS | BS21: NS | BT21: NS | BU21: 6 | BV21: 6 | BW21: NS | BX21: NS | BY21: 1 | BZ21: 1 | CA21: NS | CB21: 0 | CC21: 12 | CD21: 12 | CE21: 33 | CF21: 33 | CG21: 4 | CH21: 4 | CI21: 21 | CJ21: 21 | CK21: NS | CL21: 0 | CM21: 17 | CN21: 17 | CO21: NS | CP21: 0 | CQ21: NS | CR21: NS | CS21: 454 | CT21: 454 | CU21: NS | CV21: NS | CW21: NS | CX21: NS | CY21: NS | CZ21: NS | DA21: NS | DB21: NS | DC21: NS | DD21: NS | DE21: NS | DF21: NS | DG21: NS | DH21: NS | DI21: NS | DJ21: NS | DK21: NS | DL21: NS | DM21: NS | DN21: NS | DO21: NS | DP21: NS | DQ21: NS | DR21: NS | DS21: NS | DT21: NS | DU21: NS | DV21: NS | DW21: NS | DX21: NS | DY21: NS | DZ21: NS | EA21: NS | EB21: NS | EC21: 1 | ED21: 1 | EE21: 1 | EF21: 1 | EG21: 1 | EH21: 1 | EI21: 1 | EJ21: 1 | EK21: 1 | EL21: 1 | EM21: 1 | EN21: 1 | EO21: 0 | EP21: 0 | EQ21: 1 | ER21: 1 | ES21: 1 | ET21: 1 | EU21: 1 | EV21: 1 | EW21: =SUM(EC21,EE21,EG21,EI21,EK21,EM21,EO21,EQ21,ES21,EU21) -> 9 | EX21: =SUM(ED21,EF21,EH21,EJ21,EL21,EN21,EP21,ER21,ET21,EV21) -> 9 | EY21: =A21 -> Misselbrook | EZ21: =B21 -> 2017 | FA21: =IF(C21=D21,"Y","N") -> Y | FB21: =IF(E21=F21,"Y","N") -> Y | FC21: =IF(G21=H21,"Y","N") -> Y | FD21: =IF(I21=J21,"Y","N") -> Y | FE21: =IF(K21=L21,"Y","N") -> Y | FF21: =IF(M21=N21,"Y","N") -> Y | FG21: =IF(O21=P21,"Y","N") -> Y | FH21: =IF(Q21=R21,"Y","N") -> Y | FI21: =IF(S21=T21,"Y","N") -> Y | FJ21: =IF(U21=V21,"Y","N") -> Y | FK21: =IF(W21=X21,"Y","N") -> Y | FL21: =IF(Y21=Z21,"Y","N") -> Y | FM21: =IF(AA21=AB21,"Y","N") -> Y | FN21: =IF(AD21=AE21,"Y","N") -> Y | FO21: =IF(AG21=AH21,"Y","N") -> Y | FP21: =IF(AI21=AJ21,"Y","N") -> Y | FQ21: =IF(AM21=AN21,"Y","N") -> Y | FR21: =IF(AO21=AP21,"Y","N") -> Y | FS21: =IF(AQ21=AR21,"Y","N") -> Y | FT21: =IF(AY21=AZ21,"Y","N") -> Y | FU21: =IF(BA21=BB21,"Y","N") -> Y | FV21: =IF(BG21=BH21,"Y","N") -> Y | FW21: =IF(BI21=BJ21,"Y","N") -> Y | FX21: =IF(BK21=BL21,"Y","N") -> Y | FY21: =IF(BM21=BN21,"Y","N") -> Y | FZ21: =IF(BO21=BP21,"Y","N") -> Y | GA21: =IF(BQ21=BR21,"Y","N") -> Y | GB21: =IF(BS21=BT21,"Y","N") -> Y | GC21: =IF(BU21=BV21,"Y","N") -> Y | GD21: =IF(BW21=BX21,"Y","N") -> Y | GE21: =IF(BY21=BZ21,"Y","N") -> Y | GF21: =IF(CA21=CB21,"Y","N") -> N | GG21: =IF(CC21=CD21,"Y","N") -> Y | GH21: =IF(CE21=CF21,"Y","N") -> Y | GI21: =IF(CG21=CH21,"Y","N") -> Y | GJ21: =IF(CI21=CJ21,"Y","N") -> Y | GK21: =IF(CK21=CL21, "Y", "N") -> N | GL21: =IF(CM21=CN21, "Y", "N") -> Y | GM21: =IF(CO21=CP21,"Y","N") -> N | GN21: =IF(CQ21=CR21,"Y","N") -> Y | GO21: =IF(CS21=CT21,"Y","N") -> Y | GP21: =IF(CU21=CV21,"Y","N") -> Y | GQ21: =IF(CW21=CX21,"Y","N") -> Y | GR21: =IF(CY21=CZ21,"Y","N") -> Y | GS21: =IF(DA21=DB21,"Y","N") -> Y | GT21: =IF(DC21=DD21,"Y","N") -> Y | GU21: =IF(DE21=DF21,"Y","N") -> Y | GV21: =IF(DG21=DH21,"Y","N") -> Y | GW21: =IF(DI21=DJ21,"Y","N") -> Y | GX21: =IF(DK21=DL21,"Y","N") -> Y | GY21: =IF(DM21=DN21,"Y","N") -> Y | GZ21: =IF(DO21=DP21,"Y","N") -> Y | HA21: =IF(DQ21=DR21,"Y","N") -> Y | HB21: =IF(DS21=DT21,"Y","N") -> Y | HC21: =IF(DU21=DV21,"Y","N") -> Y | HD21: =IF(EC21=ED21,"Y","N") -> Y | HE21: =IF(EE21=EF21,"Y","N") -> Y | HF21: =IF(EG21=EH21,"Y","N") -> Y | HG21: =IF(EI21=EJ21,"Y","N") -> Y | HH21: =IF(EK21=EL21,"Y","N") -> Y | HI21: =IF(EM21=EN21,"Y","N") -> Y | HJ21: =IF(EO21=EP21,"Y","N") -> Y | HK21: =IF(EQ21=ER21,"Y","N") -> Y | HL21: =IF(ES21=ET21,"Y","N") -> Y | HM21: =IF(EU21=EV21,"Y","N") -> Y | HN21: =IF(EW21=EX21,"Y","N") -> Y
A22: Muhrer | B22: 2022 | C22: 65 | D22: 65 | E22: 65 | F22: 65 | G22: NS | H22: NS | I22: NS | J22: NS | K22: 15 | L22: 15 | M22: 60 | N22: 60 | O22: 41 | P22: 41 | Q22: 8 | R22: 8 | S22: 22 | T22: 22 | U22: 131 | V22: 131 | W22: 0 | X22: 0 | Y22: 0 | Z22: 0 | AA22: 0 | AB22: 0 | AC22: Medical_hospital | AD22: USA | AE22: USA | AF22: n_am | AG22: yes | AH22: yes | AI22: no | AJ22: no | AK22: yes | AL22: yes | AM22: 131 | AN22: 131 | AO22: 0 | AP22: 0 | AQ22: 0 | AR22: 0 | AS22: NS | AT22: NS | AU22: NS | AV22: NS | AW22: NS | AX22: NS | AY22: 131 | AZ22: 131 | BA22: 2 | BB22: 2 | BC22: =BD22+BE22 -> 2 | BD22: 2 | BE22: 0 | BF22: 0 | BG22: multiple | BH22: multiple | BI22: 1 | BJ22: 1 | BK22: 1 | BL22: 1 | BM22: 1 | BN22: 1 | BO22: 0 | BP22: 0 | BQ22: 1 | BR22: 1 | BS22: 0 | BT22: 0 | BU22: 0 | BV22: 0 | BW22: 0 | BX22: 0 | BY22: 0 | BZ22: 0 | CA22: 0 | CB22: 0 | CC22: 0 | CD22: 0 | CE22: 0 | CF22: 0 | CG22: 0 | CH22: 0 | CI22: 0 | CJ22: 0 | CK22: 0 | CL22: 0 | CM22: 0 | CN22: 0 | CO22: 0 | CP22: 0 | CQ22: 0 | CR22: 0 | CS22: 0 | CT22: 0 | CU22: some | CV22: some | CW22: some | CX22: some | CY22: NS | CZ22: NS | DA22: some | DB22: some | DC22: some | DD22: some | DE22: some | DF22: some | DG22: some | DH22: some | DI22: ns | DJ22: NS | DK22: NS | DL22: NS | DM22: some | DN22: some | DO22: some | DP22: some | DQ22: ns | DR22: NS | DS22: NS | DT22: NS | DU22: NS | DV22: NS | DW22: Psychotic Disorder | DX22: Psychotic disorder | DY22: NS | DZ22: NS | EA22: ICD-10 | EB22: 1CD-10 | EC22: 1 | ED22: 1 | EE22: 1 | EF22: 1 | EG22: 1 | EH22: 1 | EI22: 1 | EJ22: 1 | EK22: 1 | EL22: 1 | EM22: 1 | EN22: 1 | EO22: 1 | EP22: 1 | EQ22: 1 | ER22: 1 | ES22: 1 | ET22: 1 | EU22: 1 | EV22: 1 | EW22: =SUM(EC22,EE22,EG22,EI22,EK22,EM22,EO22,EQ22,ES22,EU22) -> 10 | EX22: =SUM(ED22,EF22,EH22,EJ22,EL22,EN22,EP22,ER22,ET22,EV22) -> 10 | EY22: =A22 -> Muhrer | EZ22: =B22 -> 2022 | FA22: =IF(C22=D22,"Y","N") -> Y | FB22: =IF(E22=F22,"Y","N") -> Y | FC22: =IF(G22=H22,"Y","N") -> Y | FD22: =IF(I22=J22,"Y","N") -> Y | FE22: =IF(K22=L22,"Y","N") -> Y | FF22: =IF(M22=N22,"Y","N") -> Y | FG22: =IF(O22=P22,"Y","N") -> Y | FH22: =IF(Q22=R22,"Y","N") -> Y | FI22: =IF(S22=T22,"Y","N") -> Y | FJ22: =IF(U22=V22,"Y","N") -> Y | FK22: =IF(W22=X22,"Y","N") -> Y | FL22: =IF(Y22=Z22,"Y","N") -> Y | FM22: =IF(AA22=AB22,"Y","N") -> Y | FN22: =IF(AD22=AE22,"Y","N") -> Y | FO22: =IF(AG22=AH22,"Y","N") -> Y | FP22: =IF(AI22=AJ22,"Y","N") -> Y | FQ22: =IF(AM22=AN22,"Y","N") -> Y | FR22: =IF(AO22=AP22,"Y","N") -> Y | FS22: =IF(AQ22=AR22,"Y","N") -> Y | FT22: =IF(AY22=AZ22,"Y","N") -> Y | FU22: =IF(BA22=BB22,"Y","N") -> Y | FV22: =IF(BG22=BH22,"Y","N") -> Y | FW22: =IF(BI22=BJ22,"Y","N") -> Y | FX22: =IF(BK22=BL22,"Y","N") -> Y | FY22: =IF(BM22=BN22,"Y","N") -> Y | FZ22: =IF(BO22=BP22,"Y","N") -> Y | GA22: =IF(BQ22=BR22,"Y","N") -> Y | GB22: =IF(BS22=BT22,"Y","N") -> Y | GC22: =IF(BU22=BV22,"Y","N") -> Y | GD22: =IF(BW22=BX22,"Y","N") -> Y | GE22: =IF(BY22=BZ22,"Y","N") -> Y | GF22: =IF(CA22=CB22,"Y","N") -> Y | GG22: =IF(CC22=CD22,"Y","N") -> Y | GH22: =IF(CE22=CF22,"Y","N") -> Y | GI22: =IF(CG22=CH22,"Y","N") -> Y | GJ22: =IF(CI22=CJ22,"Y","N") -> Y | GK22: =IF(CK22=CL22, "Y", "N") -> Y | GL22: =IF(CM22=CN22, "Y", "N") -> Y | GM22: =IF(CO22=CP22,"Y","N") -> Y | GN22: =IF(CQ22=CR22,"Y","N") -> Y | GO22: =IF(CS22=CT22,"Y","N") -> Y | GP22: =IF(CU22=CV22,"Y","N") -> Y | GQ22: =IF(CW22=CX22,"Y","N") -> Y | GR22: =IF(CY22=CZ22,"Y","N") -> Y | GS22: =IF(DA22=DB22,"Y","N") -> Y | GT22: =IF(DC22=DD22,"Y","N") -> Y | GU22: =IF(DE22=DF22,"Y","N") -> Y | GV22: =IF(DG22=DH22,"Y","N") -> Y | GW22: =IF(DI22=DJ22,"Y","N") -> Y | GX22: =IF(DK22=DL22,"Y","N") -> Y | GY22: =IF(DM22=DN22,"Y","N") -> Y | GZ22: =IF(DO22=DP22,"Y","N") -> Y | HA22: =IF(DQ22=DR22,"Y","N") -> Y | HB22: =IF(DS22=DT22,"Y","N") -> Y | HC22: =IF(DU22=DV22,"Y","N") -> Y | HD22: =IF(EC22=ED22,"Y","N") -> Y | HE22: =IF(EE22=EF22,"Y","N") -> Y | HF22: =IF(EG22=EH22,"Y","N") -> Y | HG22: =IF(EI22=EJ22,"Y","N") -> Y | HH22: =IF(EK22=EL22,"Y","N") -> Y | HI22: =IF(EM22=EN22,"Y","N") -> Y | HJ22: =IF(EO22=EP22,"Y","N") -> Y | HK22: =IF(EQ22=ER22,"Y","N") -> Y | HL22: =IF(ES22=ET22,"Y","N") -> Y | HM22: =IF(EU22=EV22,"Y","N") -> Y | HN22: =IF(EW22=EX22,"Y","N") -> Y
A23: Nkire | B23: 2021 | C23: 249 | D23: 249 | E23: 183 | F23: 183 | G23: NS | H23: NS | I23: NS | J23: NS | K23: 38.3 | L23: 38.3 | M23: NS | N23: NS | O23: NS | P23: NS | Q23: NS | R23: NS | S23: NS | T23: NS | U23: 0 | V23: 0 | W23: 8 | X23: 8 | Y23: 424 | Z23: 424 | AA23: 0 | AB23: 0 | AC23: mixture | AD23: Ireland | AE23: Ireland | AF23: euro | AG23: no | AH23: no | AI23: yes | AJ23: yes | AK23: yes | AL23: yes | AM23: 432 | AN23: 432 | AO23: 0 | AP23: 0 | AQ23: 0 | AR23: 0 | AS23: NS | AT23: NS | AU23: NS | AV23: NS | AW23: NS | AX23: NS | AY23: 432 | AZ23: 432 | BA23: 38 | BB23: 38 | BC23: =BD23+BE23 -> 38 | BD23: 38 | BE23: 0 | BF23: 0 | BG23: multiple | BH23: multiple | BI23: 13 | BJ23: 13 | BK23: 25 | BL23: 25 | BM23: NA | BN23: NA | BO23: NA | BP23: NA | BQ23: 25 | BR23: 25 | BS23: NA | BT23: NA | BU23: NA | BV23: NA | BW23: NA | BX23: NA | BY23: NA | BZ23: NA | CA23: NA | CB23: NA | CC23: NA | CD23: NA | CE23: NA | CF23: NA | CG23: NA | CH23: NA | CI23: NA | CJ23: NA | CK23: NA | CL23: NA | CM23: NA | CN23: NA | CO23: NA | CP23: NA | CQ23: NA | CR23: NA | CS23: 13 | CT23: 13 | CU23: NS | CV23: NS | CW23: NS | CX23: NS | CY23: NS | CZ23: NS | DA23: NS | DB23: NS | DC23: NS | DD23: NS | DE23: NS | DF23: NS | DG23: NS | DH23: NS | DI23: all | DJ23: all | DK23: yes | DL23: yes | DM23: all | DN23: all | DO23: all | DP23: all | DQ23: yes | DR23: yes | DS23: NS | DT23: NS | DU23: NS | DV23: NS | DW23: Psychotic Disorder | DX23: Psychotic disorder | DY23: SCID | DZ23: SCID | EA23: DSM-IV | EB23: DSM-IV | EC23: 1 | ED23: 1 | EE23: 1 | EF23: 1 | EG23: 1 | EH23: 1 | EI23: 1 | EJ23: 1 | EK23: 1 | EL23: 1 | EM23: 1 | EN23: 1 | EO23: 1 | EP23: 1 | EQ23: 1 | ER23: 1 | ES23: 1 | ET23: 1 | EU23: 1 | EV23: 1 | EW23: =SUM(EC23,EE23,EG23,EI23,EK23,EM23,EO23,EQ23,ES23,EU23) -> 10 | EX23: =SUM(ED23,EF23,EH23,EJ23,EL23,EN23,EP23,ER23,ET23,EV23) -> 10 | EY23: =A23 -> Nkire | EZ23: =B23 -> 2021 | FA23: =IF(C23=D23,"Y","N") -> Y | FB23: =IF(E23=F23,"Y","N") -> Y | FC23: =IF(G23=H23,"Y","N") -> Y | FD23: =IF(I23=J23,"Y","N") -> Y | FE23: =IF(K23=L23,"Y","N") -> Y | FF23: =IF(M23=N23,"Y","N") -> Y | FG23: =IF(O23=P23,"Y","N") -> Y | FH23: =IF(Q23=R23,"Y","N") -> Y | FI23: =IF(S23=T23,"Y","N") -> Y | FJ23: =IF(U23=V23,"Y","N") -> Y | FK23: =IF(W23=X23,"Y","N") -> Y | FL23: =IF(Y23=Z23,"Y","N") -> Y | FM23: =IF(AA23=AB23,"Y","N") -> Y | FN23: =IF(AD23=AE23,"Y","N") -> Y | FO23: =IF(AG23=AH23,"Y","N") -> Y | FP23: =IF(AI23=AJ23,"Y","N") -> Y | FQ23: =IF(AM23=AN23,"Y","N") -> Y | FR23: =IF(AO23=AP23,"Y","N") -> Y | FS23: =IF(AQ23=AR23,"Y","N") -> Y | FT23: =IF(AY23=AZ23,"Y","N") -> Y | FU23: =IF(BA23=BB23,"Y","N") -> Y | FV23: =IF(BG23=BH23,"Y","N") -> Y | FW23: =IF(BI23=BJ23,"Y","N") -> Y | FX23: =IF(BK23=BL23,"Y","N") -> Y | FY23: =IF(BM23=BN23,"Y","N") -> Y | FZ23: =IF(BO23=BP23,"Y","N") -> Y | GA23: =IF(BQ23=BR23,"Y","N") -> Y | GB23: =IF(BS23=BT23,"Y","N") -> Y | GC23: =IF(BU23=BV23,"Y","N") -> Y | GD23: =IF(BW23=BX23,"Y","N") -> Y | GE23: =IF(BY23=BZ23,"Y","N") -> Y | GF23: =IF(CA23=CB23,"Y","N") -> Y | GG23: =IF(CC23=CD23,"Y","N") -> Y | GH23: =IF(CE23=CF23,"Y","N") -> Y | GI23: =IF(CG23=CH23,"Y","N") -> Y | GJ23: =IF(CI23=CJ23,"Y","N") -> Y | GK23: =IF(CK23=CL23, "Y", "N") -> Y | GL23: =IF(CM23=CN23, "Y", "N") -> Y | GM23: =IF(CO23=CP23,"Y","N") -> Y | GN23: =IF(CQ23=CR23,"Y","N") -> Y | GO23: =IF(CS23=CT23,"Y","N") -> Y | GP23: =IF(CU23=CV23,"Y","N") -> Y | GQ23: =IF(CW23=CX23,"Y","N") -> Y | GR23: =IF(CY23=CZ23,"Y","N") -> Y | GS23: =IF(DA23=DB23,"Y","N") -> Y | GT23: =IF(DC23=DD23,"Y","N") -> Y | GU23: =IF(DE23=DF23,"Y","N") -> Y | GV23: =IF(DG23=DH23,"Y","N") -> Y | GW23: =IF(DI23=DJ23,"Y","N") -> Y | GX23: =IF(DK23=DL23,"Y","N") -> Y | GY23: =IF(DM23=DN23,"Y","N") -> Y | GZ23: =IF(DO23=DP23,"Y","N") -> Y | HA23: =IF(DQ23=DR23,"Y","N") -> Y | HB23: =IF(DS23=DT23,"Y","N") -> Y | HC23: =IF(DU23=DV23,"Y","N") -> Y | HD23: =IF(EC23=ED23,"Y","N") -> Y | HE23: =IF(EE23=EF23,"Y","N") -> Y | HF23: =IF(EG23=EH23,"Y","N") -> Y | HG23: =IF(EI23=EJ23,"Y","N") -> Y | HH23: =IF(EK23=EL23,"Y","N") -> Y | HI23: =IF(EM23=EN23,"Y","N") -> Y | HJ23: =IF(EO23=EP23,"Y","N") -> Y | HK23: =IF(EQ23=ER23,"Y","N") -> Y | HL23: =IF(ES23=ET23,"Y","N") -> Y | HM23: =IF(EU23=EV23,"Y","N") -> Y | HN23: =IF(EW23=EX23,"Y","N") -> Y | HO23: 1 | HP23: 1
A24: Okewole | B24: 2016 | C24: 204 | D24: 204 | E24: 202 | F24: 202 | G24: NS | H24: NS | I24: NS | J24: NS | K24: 15.9 | L24: 15.9 | M24: 364 | N24: 364 | O24: NS | P24: NS | Q24: NS | R24: NS | S24: 45 | T24: 45 | U24: 0 | V24: 0 | W24: 409 | X24: 409 | Y24: 0 | Z24: 0 | AA24: 0 | AB24: 0 | AC24: inpat_psych | AD24: Nigeria | AE24: Nigeria | AF24: afri | AG24: yes | AH24: yes | AI24: no | AJ24: no | AK24: NS | AL24: NS | AM24: NS | AN24: NS | AO24: NS | AP24: NS | AQ24: NS | AR24: NS | AS24: NS | AT24: NS | AU24: NS | AV24: NS | AW24: NS | AX24: NS | AY24: 409 | AZ24: 409 | BA24: 32 | BB24: 32 | BC24: =BD24+BE24 -> 32 | BD24: 32 | BE24: 0 | BF24: 0 | BG24: multiple | BH24: multiple | BI24: 32 | BJ24: 32 | BK24: NA | BL24: NA | BM24: NA | BN24: NA | BO24: NA | BP24: NA | BQ24: NA | BR24: NA | BS24: NA | BT24: NA | BU24: NA | BV24: NA | BW24: NA | BX24: NA | BY24: NA | BZ24: NA | CA24: NA | CB24: NA | CC24: NA | CD24: NA | CE24: NA | CF24: NA | CG24: NA | CH24: NA | CI24: NA | CJ24: NA | CK24: NA | CL24: NA | CM24: NA | CN24: NA | CO24: NA | CP24: NA | CQ24: NA | CR24: NA | CS24: 32 | CT24: 32 | CU24: NS | CV24: NS | CW24: NS | CX24: NS | CY24: NS | CZ24: NS | DA24: NS | DB24: NS | DC24: NS | DD24: NS | DE24: NS | DF24: NS | DG24: NS | DH24: NS | DI24: all | DJ24: all | DK24: yes | DL24: yes | DM24: NS | DN24: NS | DO24: NS | DP24: NS | DQ24: NS | DR24: NS | DS24: NS | DT24: NS | DU24: NS | DV24: NS | DW24: Psychotic Disorder | DX24: Psychotic Disorder | DY24: Clinical Assessment | DZ24: Clinical Assessment | EA24: ICD-10 and DSM-IV | EB24: ICD-10 and DSM-IV | EC24: 1 | ED24: 1 | EE24: 1 | EF24: 1 | EG24: 1 | EH24: 1 | EI24: 1 | EJ24: 1 | EK24: 1 | EL24: 1 | EM24: 0 | EN24: 0 | EO24: 1 | EP24: 1 | EQ24: 1 | ER24: 1 | ES24: 1 | ET24: 1 | EU24: 1 | EV24: 1 | EW24: =SUM(EC24,EE24,EG24,EI24,EK24,EM24,EO24,EQ24,ES24,EU24) -> 9 | EX24: =SUM(ED24,EF24,EH24,EJ24,EL24,EN24,EP24,ER24,ET24,EV24) -> 9 | EY24: =A24 -> Okewole | EZ24: =B24 -> 2016 | FA24: =IF(C24=D24,"Y","N") -> Y | FB24: =IF(E24=F24,"Y","N") -> Y | FC24: =IF(G24=H24,"Y","N") -> Y | FD24: =IF(I24=J24,"Y","N") -> Y | FE24: =IF(K24=L24,"Y","N") -> Y | FF24: =IF(M24=N24,"Y","N") -> Y | FG24: =IF(O24=P24,"Y","N") -> Y | FH24: =IF(Q24=R24,"Y","N") -> Y | FI24: =IF(S24=T24,"Y","N") -> Y | FJ24: =IF(U24=V24,"Y","N") -> Y | FK24: =IF(W24=X24,"Y","N") -> Y | FL24: =IF(Y24=Z24,"Y","N") -> Y | FM24: =IF(AA24=AB24,"Y","N") -> Y | FN24: =IF(AD24=AE24,"Y","N") -> Y | FO24: =IF(AG24=AH24,"Y","N") -> Y | FP24: =IF(AI24=AJ24,"Y","N") -> Y | FQ24: =IF(AM24=AN24,"Y","N") -> Y | FR24: =IF(AO24=AP24,"Y","N") -> Y | FS24: =IF(AQ24=AR24,"Y","N") -> Y | FT24: =IF(AY24=AZ24,"Y","N") -> Y | FU24: =IF(BA24=BB24,"Y","N") -> Y | FV24: =IF(BG24=BH24,"Y","N") -> Y | FW24: =IF(BI24=BJ24,"Y","N") -> Y | FX24: =IF(BK24=BL24,"Y","N") -> Y | FY24: =IF(BM24=BN24,"Y","N") -> Y | FZ24: =IF(BO24=BP24,"Y","N") -> Y | GA24: =IF(BQ24=BR24,"Y","N") -> Y | GB24: =IF(BS24=BT24,"Y","N") -> Y | GC24: =IF(BU24=BV24,"Y","N") -> Y | GD24: =IF(BW24=BX24,"Y","N") -> Y | GE24: =IF(BY24=BZ24,"Y","N") -> Y | GF24: =IF(CA24=CB24,"Y","N") -> Y | GG24: =IF(CC24=CD24,"Y","N") -> Y | GH24: =IF(CE24=CF24,"Y","N") -> Y | GI24: =IF(CG24=CH24,"Y","N") -> Y | GJ24: =IF(CI24=CJ24,"Y","N") -> Y | GK24: =IF(CK24=CL24, "Y", "N") -> Y | GL24: =IF(CM24=CN24, "Y", "N") -> Y | GM24: =IF(CO24=CP24,"Y","N") -> Y | GN24: =IF(CQ24=CR24,"Y","N") -> Y | GO24: =IF(CS24=CT24,"Y","N") -> Y | GP24: =IF(CU24=CV24,"Y","N") -> Y | GQ24: =IF(CW24=CX24,"Y","N") -> Y | GR24: =IF(CY24=CZ24,"Y","N") -> Y | GS24: =IF(DA24=DB24,"Y","N") -> Y | GT24: =IF(DC24=DD24,"Y","N") -> Y | GU24: =IF(DE24=DF24,"Y","N") -> Y | GV24: =IF(DG24=DH24,"Y","N") -> Y | GW24: =IF(DI24=DJ24,"Y","N") -> Y | GX24: =IF(DK24=DL24,"Y","N") -> Y | GY24: =IF(DM24=DN24,"Y","N") -> Y | GZ24: =IF(DO24=DP24,"Y","N") -> Y | HA24: =IF(DQ24=DR24,"Y","N") -> Y | HB24: =IF(DS24=DT24,"Y","N") -> Y | HC24: =IF(DU24=DV24,"Y","N") -> Y | HD24: =IF(EC24=ED24,"Y","N") -> Y | HE24: =IF(EE24=EF24,"Y","N") -> Y | HF24: =IF(EG24=EH24,"Y","N") -> Y | HG24: =IF(EI24=EJ24,"Y","N") -> Y | HH24: =IF(EK24=EL24,"Y","N") -> Y | HI24: =IF(EM24=EN24,"Y","N") -> Y | HJ24: =IF(EO24=EP24,"Y","N") -> Y | HK24: =IF(EQ24=ER24,"Y","N") -> Y | HL24: =IF(ES24=ET24,"Y","N") -> Y | HM24: =IF(EU24=EV24,"Y","N") -> Y | HN24: =IF(EW24=EX24,"Y","N") -> Y | HO24: 1 | HP24: 1
A25: Perala | B25: 2007 | C25: NS | D25: NS | E25: NS | F25: NS | G25: NS | H25: NS | I25: NS | J25: NS | K25: NS | L25: NS | M25: NS | N25: NS | O25: NS | P25: NS | Q25: NS | R25: NS | S25: NS | T25: NS | U25: NS | V25: NS | W25: NS | X25: NS | Y25: 0 | Z25: 0 | AA25: 0 | AB25: 0 | AC25: mixture | AD25: Finland | AE25: Finland | AF25: euro | AG25: no | AH25: no | AI25: yes | AJ25: yes | AK25: no | AL25: no | AM25: NS | AN25: NS | AO25: NS | AP25: NS | AQ25: NS | AR25: NS | AS25: NS | AT25: NS | AU25: NS | AV25: NS | AW25: NS | AX25: NS | AY25: 249 | AZ25: 249 | BA25: 56 | BB25: 56 | BC25: =BD25+BE25 -> 56 | BD25: 56 | BE25: 0 | BF25: 0 | BG25: single | BH25: single | BI25: 23 | BJ25: 23 | BK25: 33 | BL25: 33 | BM25: NA | BN25: NA | BO25: NA | BP25: NA | BQ25: 33 | BR25: 33 | BS25: NA | BT25: NA | BU25: NA | BV25: NA | BW25: NA | BX25: NA | BY25: NA | BZ25: NA | CA25: NA | CB25: NA | CC25: NA | CD25: NA | CE25: NA | CF25: NA | CG25: NA | CH25: NA | CI25: NA | CJ25: NA | CK25: NA | CL25: NA | CM25: NA | CN25: NA | CO25: NA | CP25: NA | CQ25: NA | CR25: NA | CS25: 23 | CT25: 23 | CU25: NS | CV25: NS | CW25: NS | CX25: NS | CY25: NS | CZ25: NS | DA25: NS | DB25: NS | DC25: NS | DD25: NS | DE25: NS | DF25: NS | DG25: NS | DH25: NS | DI25: all | DJ25: all | DK25: yes | DL25: yes | DM25: all | DN25: all | DO25: NS | DP25: NS | DQ25: NS | DR25: NS | DS25: NS | DT25: NS | DU25: NS | DV25: NS | DW25: Psychotic Disorder | DX25: Psychotic disorder | DY25: SCID | DZ25: SCID | EA25: DSM-IV | EB25: DSM-IV | EC25: 1 | ED25: 1 | EE25: 1 | EF25: 1 | EG25: 1 | EH25: 1 | EI25: 1 | EJ25: 1 | EK25: 1 | EL25: 1 | EM25: 1 | EN25: 1 | EO25: 1 | EP25: 1 | EQ25: 1 | ER25: 1 | ES25: 1 | ET25: 1 | EU25: 1 | EV25: 1 | EW25: =SUM(EC25,EE25,EG25,EI25,EK25,EM25,EO25,EQ25,ES25,EU25) -> 10 | EX25: =SUM(ED25,EF25,EH25,EJ25,EL25,EN25,EP25,ER25,ET25,EV25) -> 10 | EY25: =A25 -> Perala | EZ25: =B25 -> 2007 | FA25: =IF(C25=D25,"Y","N") -> Y | FB25: =IF(E25=F25,"Y","N") -> Y | FC25: =IF(G25=H25,"Y","N") -> Y | FD25: =IF(I25=J25,"Y","N") -> Y | FE25: =IF(K25=L25,"Y","N") -> Y | FF25: =IF(M25=N25,"Y","N") -> Y | FG25: =IF(O25=P25,"Y","N") -> Y | FH25: =IF(Q25=R25,"Y","N") -> Y | FI25: =IF(S25=T25,"Y","N") -> Y | FJ25: =IF(U25=V25,"Y","N") -> Y | FK25: =IF(W25=X25,"Y","N") -> Y | FL25: =IF(Y25=Z25,"Y","N") -> Y | FM25: =IF(AA25=AB25,"Y","N") -> Y | FN25: =IF(AD25=AE25,"Y","N") -> Y | FO25: =IF(AG25=AH25,"Y","N") -> Y | FP25: =IF(AI25=AJ25,"Y","N") -> Y | FQ25: =IF(AM25=AN25,"Y","N") -> Y | FR25: =IF(AO25=AP25,"Y","N") -> Y | FS25: =IF(AQ25=AR25,"Y","N") -> Y | FT25: =IF(AY25=AZ25,"Y","N") -> Y | FU25: =IF(BA25=BB25,"Y","N") -> Y | FV25: =IF(BG25=BH25,"Y","N") -> Y | FW25: =IF(BI25=BJ25,"Y","N") -> Y | FX25: =IF(BK25=BL25,"Y","N") -> Y | FY25: =IF(BM25=BN25,"Y","N") -> Y | FZ25: =IF(BO25=BP25,"Y","N") -> Y | GA25: =IF(BQ25=BR25,"Y","N") -> Y | GB25: =IF(BS25=BT25,"Y","N") -> Y | GC25: =IF(BU25=BV25,"Y","N") -> Y | GD25: =IF(BW25=BX25,"Y","N") -> Y | GE25: =IF(BY25=BZ25,"Y","N") -> Y | GF25: =IF(CA25=CB25,"Y","N") -> Y | GG25: =IF(CC25=CD25,"Y","N") -> Y | GH25: =IF(CE25=CF25,"Y","N") -> Y | GI25: =IF(CG25=CH25,"Y","N") -> Y | GJ25: =IF(CI25=CJ25,"Y","N") -> Y | GK25: =IF(CK25=CL25, "Y", "N") -> Y | GL25: =IF(CM25=CN25, "Y", "N") -> Y | GM25: =IF(CO25=CP25,"Y","N") -> Y | GN25: =IF(CQ25=CR25,"Y","N") -> Y | GO25: =IF(CS25=CT25,"Y","N") -> Y | GP25: =IF(CU25=CV25,"Y","N") -> Y | GQ25: =IF(CW25=CX25,"Y","N") -> Y | GR25: =IF(CY25=CZ25,"Y","N") -> Y | GS25: =IF(DA25=DB25,"Y","N") -> Y | GT25: =IF(DC25=DD25,"Y","N") -> Y | GU25: =IF(DE25=DF25,"Y","N") -> Y | GV25: =IF(DG25=DH25,"Y","N") -> Y | GW25: =IF(DI25=DJ25,"Y","N") -> Y | GX25: =IF(DK25=DL25,"Y","N") -> Y | GY25: =IF(DM25=DN25,"Y","N") -> Y | GZ25: =IF(DO25=DP25,"Y","N") -> Y | HA25: =IF(DQ25=DR25,"Y","N") -> Y | HB25: =IF(DS25=DT25,"Y","N") -> Y | HC25: =IF(DU25=DV25,"Y","N") -> Y | HD25: =IF(EC25=ED25,"Y","N") -> Y | HE25: =IF(EE25=EF25,"Y","N") -> Y | HF25: =IF(EG25=EH25,"Y","N") -> Y | HG25: =IF(EI25=EJ25,"Y","N") -> Y | HH25: =IF(EK25=EL25,"Y","N") -> Y | HI25: =IF(EM25=EN25,"Y","N") -> Y | HJ25: =IF(EO25=EP25,"Y","N") -> Y | HK25: =IF(EQ25=ER25,"Y","N") -> Y | HL25: =IF(ES25=ET25,"Y","N") -> Y | HM25: =IF(EU25=EV25,"Y","N") -> Y | HN25: =IF(EW25=EX25,"Y","N") -> Y | HO25: 1 | HP25: 1
A26: Rattay | B26: 2021 | C26: 88 | D26: 88 | E26: 56 | F26: 56 | G26: NS | H26: NS | I26: NS | J26: NS | K26: Mixed | L26: Mixed | M26: NS | N26: NS | O26: NS | P26: NS | Q26: NS | R26: NS | S26: NS | T26: NS | U26: 0 | V26: 0 | W26: 144 | X26: 144 | Y26: 0 | Z26: 0 | AA26: 0 | AB26: 0 | AC26: inpat_psych | AD26: Germany | AE26: Germany | AF26: euro | AG26: yes | AH26: yes | AI26: no | AJ26: no | AK26: no | AL26: no | AM26: NS | AN26: NS | AO26: NS | AP26: NS | AQ26: NS | AR26: NS | AS26: NS | AT26: NS | AU26: NS | AV26: NS | AW26: NS | AX26: NS | AY26: 144 | AZ26: 144 | BA26: 17 | BB26: 17 | BC26: =BD26+BE26 -> 18 | BD26: 18 | BE26: 0 | BF26: 0 | BG26: multiple | BH26: multiple | BI26: =BM26+BO26+BU26+BW26+BY26+CA26+CC26+CE26+CG26+CI26+CO26 -> 17 | BJ26: 17 | BK26: =BQ26+BS26 -> 1 | BL26: =SUM(BR26,BT26) -> 1 | BM26: 12 | BN26: 12 | BO26: 0 | BP26: 0 | BQ26: 1 | BR26: 1 | BS26: 0 | BT26: 0 | BU26: 0 | BV26: 0 | BW26: 1 | BX26: 1 | BY26: 0 | BZ26: 0 | CA26: 0 | CB26: 0 | CC26: 2 | CD26: 2 | CE26: 0 | CF26: 0 | CG26: 2 | CH26: 2 | CI26: 0 | CJ26: 0 | CK26: 0 | CL26: 0 | CM26: 0 | CN26: 0 | CO26: 0 | CP26: 0 | CQ26: 0 | CR26: 0 | CS26: 0 | CT26: 0 | CU26: some | CV26: some | CW26: all | CX26: all | CY26: 0 | CZ26: 0 | DA26: some | DB26: some | DC26: all | DD26: all | DE26: all | DF26: all | DG26: NS | DH26: NS | DI26: all | DJ26: all | DK26: NS | DL26: NS | DM26: all | DN26: all | DO26: NS | DP26: NS | DQ26: NS | DR26: NS | DS26: NS | DT26: NS | DU26: NS | DV26: NS | DW26: Psychotic Symptoms | DX26: Psychotic symptoms | DY26: Clinical Assessment | DZ26: clinical Assessment | EA26: ICD-10 | EB26: ICD-10 | EC26: 1 | ED26: 1 | EE26: 1 | EF26: 1 | EG26: 1 | EH26: 1 | EI26: 1 | EJ26: 1 | EK26: 1 | EL26: 1 | EM26: 1 | EN26: 1 | EO26: 1 | EP26: 1 | EQ26: 1 | ER26: 1 | ES26: 1 | ET26: 1 | EU26: 1 | EV26: 1 | EW26: =SUM(EC26,EE26,EG26,EI26,EK26,EM26,EO26,EQ26,ES26,EU26) -> 10 | EX26: =SUM(ED26,EF26,EH26,EJ26,EL26,EN26,EP26,ER26,ET26,EV26) -> 10 | EY26: =A26 -> Rattay | EZ26: =B26 -> 2021 | FA26: =IF(C26=D26,"Y","N") -> Y | FB26: =IF(E26=F26,"Y","N") -> Y | FC26: =IF(G26=H26,"Y","N") -> Y | FD26: =IF(I26=J26,"Y","N") -> Y | FE26: =IF(K26=L26,"Y","N") -> Y | FF26: =IF(M26=N26,"Y","N") -> Y | FG26: =IF(O26=P26,"Y","N") -> Y | FH26: =IF(Q26=R26,"Y","N") -> Y | FI26: =IF(S26=T26,"Y","N") -> Y | FJ26: =IF(U26=V26,"Y","N") -> Y | FK26: =IF(W26=X26,"Y","N") -> Y | FL26: =IF(Y26=Z26,"Y","N") -> Y | FM26: =IF(AA26=AB26,"Y","N") -> Y | FN26: =IF(AD26=AE26,"Y","N") -> Y | FO26: =IF(AG26=AH26,"Y","N") -> Y | FP26: =IF(AI26=AJ26,"Y","N") -> Y | FQ26: =IF(AM26=AN26,"Y","N") -> Y | FR26: =IF(AO26=AP26,"Y","N") -> Y | FS26: =IF(AQ26=AR26,"Y","N") -> Y | FT26: =IF(AY26=AZ26,"Y","N") -> Y | FU26: =IF(BA26=BB26,"Y","N") -> Y | FV26: =IF(BG26=BH26,"Y","N") -> Y | FW26: =IF(BI26=BJ26,"Y","N") -> Y | FX26: =IF(BK26=BL26,"Y","N") -> Y | FY26: =IF(BM26=BN26,"Y","N") -> Y | FZ26: =IF(BO26=BP26,"Y","N") -> Y | GA26: =IF(BQ26=BR26,"Y","N") -> Y | GB26: =IF(BS26=BT26,"Y","N") -> Y | GC26: =IF(BU26=BV26,"Y","N") -> Y | GD26: =IF(BW26=BX26,"Y","N") -> Y | GE26: =IF(BY26=BZ26,"Y","N") -> Y | GF26: =IF(CA26=CB26,"Y","N") -> Y | GG26: =IF(CC26=CD26,"Y","N") -> Y | GH26: =IF(CE26=CF26,"Y","N") -> Y | GI26: =IF(CG26=CH26,"Y","N") -> Y | GJ26: =IF(CI26=CJ26,"Y","N") -> Y | GK26: =IF(CK26=CL26, "Y", "N") -> Y | GL26: =IF(CM26=CN26, "Y", "N") -> Y | GM26: =IF(CO26=CP26,"Y","N") -> Y | GN26: =IF(CQ26=CR26,"Y","N") -> Y | GO26: =IF(CS26=CT26,"Y","N") -> Y | GP26: =IF(CU26=CV26,"Y","N") -> Y | GQ26: =IF(CW26=CX26,"Y","N") -> Y | GR26: =IF(CY26=CZ26,"Y","N") -> Y | GS26: =IF(DA26=DB26,"Y","N") -> Y | GT26: =IF(DC26=DD26,"Y","N") -> Y | GU26: =IF(DE26=DF26,"Y","N") -> Y | GV26: =IF(DG26=DH26,"Y","N") -> Y | GW26: =IF(DI26=DJ26,"Y","N") -> Y | GX26: =IF(DK26=DL26,"Y","N") -> Y | GY26: =IF(DM26=DN26,"Y","N") -> Y | GZ26: =IF(DO26=DP26,"Y","N") -> Y | HA26: =IF(DQ26=DR26,"Y","N") -> Y | HB26: =IF(DS26=DT26,"Y","N") -> Y | HC26: =IF(DU26=DV26,"Y","N") -> Y | HD26: =IF(EC26=ED26,"Y","N") -> Y | HE26: =IF(EE26=EF26,"Y","N") -> Y | HF26: =IF(EG26=EH26,"Y","N") -> Y | HG26: =IF(EI26=EJ26,"Y","N") -> Y | HH26: =IF(EK26=EL26,"Y","N") -> Y | HI26: =IF(EM26=EN26,"Y","N") -> Y | HJ26: =IF(EO26=EP26,"Y","N") -> Y | HK26: =IF(EQ26=ER26,"Y","N") -> Y | HL26: =IF(ES26=ET26,"Y","N") -> Y | HM26: =IF(EU26=EV26,"Y","N") -> Y | HN26: =IF(EW26=EX26,"Y","N") -> Y
A27: Reay | B27: 2010 | C27: 308 | D27: 308 | E27: 231 | F27: 231 | G27: NS | H27: NS | I27: NS | J27: NS | K27: NS | L27: NS | M27: NS | N27: NS | O27: 534 | P27: 534 | Q27: NS | R27: NS | S27: 5 | T27: 5 | U27: NS | V27: NS | W27: NS | X27: NS | Y27: NS | Z27: NS | AA27: NS | AB27: NS | AC27: mixture | AD27: UK | AE27: UK | AF27: euro | AG27: no | AH27: no | AI27: yes | AJ27: yes | AK27: yes | AL27: yes | AM27: 540 | AN27: 540 | AO27: 0 | AP27: 0 | AQ27: 0 | AR27: 0 | AS27: NS | AT27: NS | AU27: NS | AV27: NS | AW27: NS | AX27: NS | AY27: 540 | AZ27: 540 | BA27: 87 | BB27: 87 | BC27: =BD27+BE27 -> 87 | BD27: 87 | BE27: 0 | BF27: 0 | BG27: single | BH27: single | BI27: 41 | BJ27: 41 | BK27: 46 | BL27: =SUM(BR27,BT27) -> 46 | BM27: NA | BN27: NA | BO27: NA | BP27: NA | BQ27: 46 | BR27: 46 | BS27: NA | BT27: NA | BU27: NA | BV27: NA | BW27: NA | BX27: NA | BY27: NA | BZ27: NA | CA27: NA | CB27: NA | CC27: NA | CD27: NA | CE27: NA | CF27: NA | CG27: NA | CH27: NA | CI27: NA | CJ27: NA | CK27: NA | CL27: NA | CM27: NA | CN27: NA | CO27: NA | CP27: NA | CQ27: NA | CR27: NA | CS27: 41 | CT27: 41 | CU27: NS | CV27: NS | CW27: NS | CX27: NS | CY27: NS | CZ27: NS | DA27: NS | DB27: NS | DC27: NS | DD27: NS | DE27: NS | DF27: NS | DG27: NS | DH27: NS | DI27: NS | DJ27: NS | DK27: NS | DL27: NS | DM27: NS | DN27: NS | DO27: NS | DP27: NS | DQ27: NS | DR27: NS | DS27: NS | DT27: NS | DU27: NS | DV27: NS | DW27: Psychotic Disorder | DX27: Psychotic disorder | DY27: Clinical Assessment | DZ27: Clinical Assessment | EA27: ICD-10 | EB27: ICD-10 | EC27: 1 | ED27: 1 | EE27: 1 | EF27: 1 | EG27: 1 | EH27: 1 | EI27: 0 | EJ27: 0 | EK27: 1 | EL27: 1 | EM27: 0 | EN27: 0 | EO27: 0 | EP27: 0 | EQ27: 0 | ER27: 0 | ES27: 1 | ET27: 1 | EU27: 1 | EV27: 1 | EW27: =SUM(EC27,EE27,EG27,EI27,EK27,EM27,EO27,EQ27,ES27,EU27) -> 6 | EX27: =SUM(ED27,EF27,EH27,EJ27,EL27,EN27,EP27,ER27,ET27,EV27) -> 6 | EY27: =A27 -> Reay | EZ27: =B27 -> 2010 | FA27: =IF(C27=D27,"Y","N") -> Y | FB27: =IF(E27=F27,"Y","N") -> Y | FC27: =IF(G27=H27,"Y","N") -> Y | FD27: =IF(I27=J27,"Y","N") -> Y | FE27: =IF(K27=L27,"Y","N") -> Y | FF27: =IF(M27=N27,"Y","N") -> Y | FG27: =IF(O27=P27,"Y","N") -> Y | FH27: =IF(Q27=R27,"Y","N") -> Y | FI27: =IF(S27=T27,"Y","N") -> Y | FJ27: =IF(U27=V27,"Y","N") -> Y | FK27: =IF(W27=X27,"Y","N") -> Y | FL27: =IF(Y27=Z27,"Y","N") -> Y | FM27: =IF(AA27=AB27,"Y","N") -> Y | FN27: =IF(AD27=AE27,"Y","N") -> Y | FO27: =IF(AG27=AH27,"Y","N") -> Y | FP27: =IF(AI27=AJ27,"Y","N") -> Y | FQ27: =IF(AM27=AN27,"Y","N") -> Y | FR27: =IF(AO27=AP27,"Y","N") -> Y | FS27: =IF(AQ27=AR27,"Y","N") -> Y | FT27: =IF(AY27=AZ27,"Y","N") -> Y | FU27: =IF(BA27=BB27,"Y","N") -> Y | FV27: =IF(BG27=BH27,"Y","N") -> Y | FW27: =IF(BI27=BJ27,"Y","N") -> Y | FX27: =IF(BK27=BL27,"Y","N") -> Y | FY27: =IF(BM27=BN27,"Y","N") -> Y | FZ27: =IF(BO27=BP27,"Y","N") -> Y | GA27: =IF(BQ27=BR27,"Y","N") -> Y | GB27: =IF(BS27=BT27,"Y","N") -> Y | GC27: =IF(BU27=BV27,"Y","N") -> Y | GD27: =IF(BW27=BX27,"Y","N") -> Y | GE27: =IF(BY27=BZ27,"Y","N") -> Y | GF27: =IF(CA27=CB27,"Y","N") -> Y | GG27: =IF(CC27=CD27,"Y","N") -> Y | GH27: =IF(CE27=CF27,"Y","N") -> Y | GI27: =IF(CG27=CH27,"Y","N") -> Y | GJ27: =IF(CI27=CJ27,"Y","N") -> Y | GK27: =IF(CK27=CL27, "Y", "N") -> Y | GL27: =IF(CM27=CN27, "Y", "N") -> Y | GM27: =IF(CO27=CP27,"Y","N") -> Y | GN27: =IF(CQ27=CR27,"Y","N") -> Y | GO27: =IF(CS27=CT27,"Y","N") -> Y | GP27: =IF(CU27=CV27,"Y","N") -> Y | GQ27: =IF(CW27=CX27,"Y","N") -> Y | GR27: =IF(CY27=CZ27,"Y","N") -> Y | GS27: =IF(DA27=DB27,"Y","N") -> Y | GT27: =IF(DC27=DD27,"Y","N") -> Y | GU27: =IF(DE27=DF27,"Y","N") -> Y | GV27: =IF(DG27=DH27,"Y","N") -> Y | GW27: =IF(DI27=DJ27,"Y","N") -> Y | GX27: =IF(DK27=DL27,"Y","N") -> Y | GY27: =IF(DM27=DN27,"Y","N") -> Y | GZ27: =IF(DO27=DP27,"Y","N") -> Y | HA27: =IF(DQ27=DR27,"Y","N") -> Y | HB27: =IF(DS27=DT27,"Y","N") -> Y | HC27: =IF(DU27=DV27,"Y","N") -> Y | HD27: =IF(EC27=ED27,"Y","N") -> Y | HE27: =IF(EE27=EF27,"Y","N") -> Y | HF27: =IF(EG27=EH27,"Y","N") -> Y | HG27: =IF(EI27=EJ27,"Y","N") -> Y | HH27: =IF(EK27=EL27,"Y","N") -> Y | HI27: =IF(EM27=EN27,"Y","N") -> Y | HJ27: =IF(EO27=EP27,"Y","N") -> Y | HK27: =IF(EQ27=ER27,"Y","N") -> Y | HL27: =IF(ES27=ET27,"Y","N") -> Y | HM27: =IF(EU27=EV27,"Y","N") -> Y | HN27: =IF(EW27=EX27,"Y","N") -> Y | HO27: 1 | HP27: 1
A28: Scott | B28: 2018 | C28: 66 | D28: 66 | E28: 47 | F28: 47 | G28: NS | H28: NS | I28: NS | J28: NS | K28: 26.2 | L28: 26.2 | M28: NS | N28: NS | O28: NS | P28: NS | Q28: NS | R28: NS | S28: NS | T28: NS | U28: 0 | V28: 0 | W28: 113 | X28: 113 | Y28: 0 | Z28: 0 | AA28: 0 | AB28: 0 | AC28: inpat_psych | AD28: Australia | AE28: Australia | AF28: aus | AG28: no | AH28: no | AI28: yes | AJ28: yes | AK28: yes | AL28: yes | AM28: 113 | AN28: 113 | AO28: 0 | AP28: 0 | AQ28: 0 | AR28: 0 | AS28: 30 | AT28: 30 | AU28: NS | AV28: NS | AW28: NS | AX28: NS | AY28: 113 | AZ28: 113 | BA28: 25 | BB28: 25 | BC28: =BD28+BE28 -> 25 | BD28: 25 | BE28: 0 | BF28: 0 | BG28: multiple | BH28: multiple | BI28: 6 | BJ28: 6 | BK28: 19 | BL28: 19 | BM28: 6 | BN28: 6 | BO28: 0 | BP28: 0 | BQ28: 19 | BR28: 19 | BS28: 0 | BT28: 0 | BU28: 0 | BV28: 0 | BW28: 0 | BX28: 0 | BY28: 0 | BZ28: 0 | CA28: 0 | CB28: 0 | CC28: 0 | CD28: 0 | CE28: 0 | CF28: 0 | CG28: 0 | CH28: 0 | CI28: 0 | CJ28: 0 | CK28: 0 | CL28: 0 | CM28: 0 | CN28: 0 | CO28: 0 | CP28: 0 | CQ28: 0 | CR28: 0 | CS28: 0 | CT28: 0 | CU28: yes - NS | CV28: yes - NS | CW28: yes - NS | CX28: yes - NS | CY28: NS | CZ28: NS | DA28: yes - NS | DB28: yes - NS | DC28: yes - NS | DD28: yes - NS | DE28: All | DF28: All | DG28: NS | DH28: NS | DI28: All | DJ28: All | DK28: NS | DL28: NS | DM28: NS | DN28: NS | DO28: NS | DP28: NS | DQ28: NS | DR28: NS | DS28: yes | DT28: yes | DU28: NS | DV28: NS | DW28: Psychotic Disorder | DX28: Psychotic Disorder | DY28: NS | DZ28: NS | EA28: ICD-10 | EB28: ICD-10 | EC28: 1 | ED28: 1 | EE28: 1 | EF28: 1 | EG28: 1 | EH28: 1 | EI28: 1 | EJ28: 1 | EK28: 1 | EL28: 1 | EM28: 1 | EN28: 1 | EO28: 1 | EP28: 1 | EQ28: 1 | ER28: 1 | ES28: 1 | ET28: 1 | EU28: 1 | EV28: 1 | EW28: =SUM(EC28,EE28,EG28,EI28,EK28,EM28,EO28,EQ28,ES28,EU28) -> 10 | EX28: =SUM(ED28,EF28,EH28,EJ28,EL28,EN28,EP28,ER28,ET28,EV28) -> 10 | EY28: =A28 -> Scott | EZ28: =B28 -> 2018 | FA28: =IF(C28=D28,"Y","N") -> Y | FB28: =IF(E28=F28,"Y","N") -> Y | FC28: =IF(G28=H28,"Y","N") -> Y | FD28: =IF(I28=J28,"Y","N") -> Y | FE28: =IF(K28=L28,"Y","N") -> Y | FF28: =IF(M28=N28,"Y","N") -> Y | FG28: =IF(O28=P28,"Y","N") -> Y | FH28: =IF(Q28=R28,"Y","N") -> Y | FI28: =IF(S28=T28,"Y","N") -> Y | FJ28: =IF(U28=V28,"Y","N") -> Y | FK28: =IF(W28=X28,"Y","N") -> Y | FL28: =IF(Y28=Z28,"Y","N") -> Y | FM28: =IF(AA28=AB28,"Y","N") -> Y | FN28: =IF(AD28=AE28,"Y","N") -> Y | FO28: =IF(AG28=AH28,"Y","N") -> Y | FP28: =IF(AI28=AJ28,"Y","N") -> Y | FQ28: =IF(AM28=AN28,"Y","N") -> Y | FR28: =IF(AO28=AP28,"Y","N") -> Y | FS28: =IF(AQ28=AR28,"Y","N") -> Y | FT28: =IF(AY28=AZ28,"Y","N") -> Y | FU28: =IF(BA28=BB28,"Y","N") -> Y | FV28: =IF(BG28=BH28,"Y","N") -> Y | FW28: =IF(BI28=BJ28,"Y","N") -> Y | FX28: =IF(BK28=BL28,"Y","N") -> Y | FY28: =IF(BM28=BN28,"Y","N") -> Y | FZ28: =IF(BO28=BP28,"Y","N") -> Y | GA28: =IF(BQ28=BR28,"Y","N") -> Y | GB28: =IF(BS28=BT28,"Y","N") -> Y | GC28: =IF(BU28=BV28,"Y","N") -> Y | GD28: =IF(BW28=BX28,"Y","N") -> Y | GE28: =IF(BY28=BZ28,"Y","N") -> Y | GF28: =IF(CA28=CB28,"Y","N") -> Y | GG28: =IF(CC28=CD28,"Y","N") -> Y | GH28: =IF(CE28=CF28,"Y","N") -> Y | GI28: =IF(CG28=CH28,"Y","N") -> Y | GJ28: =IF(CI28=CJ28,"Y","N") -> Y | GK28: =IF(CK28=CL28, "Y", "N") -> Y | GL28: =IF(CM28=CN28, "Y", "N") -> Y | GM28: =IF(CO28=CP28,"Y","N") -> Y | GN28: =IF(CQ28=CR28,"Y","N") -> Y | GO28: =IF(CS28=CT28,"Y","N") -> Y | GP28: =IF(CU28=CV28,"Y","N") -> Y | GQ28: =IF(CW28=CX28,"Y","N") -> Y | GR28: =IF(CY28=CZ28,"Y","N") -> Y | GS28: =IF(DA28=DB28,"Y","N") -> Y | GT28: =IF(DC28=DD28,"Y","N") -> Y | GU28: =IF(DE28=DF28,"Y","N") -> Y | GV28: =IF(DG28=DH28,"Y","N") -> Y | GW28: =IF(DI28=DJ28,"Y","N") -> Y | GX28: =IF(DK28=DL28,"Y","N") -> Y | GY28: =IF(DM28=DN28,"Y","N") -> Y | GZ28: =IF(DO28=DP28,"Y","N") -> Y | HA28: =IF(DQ28=DR28,"Y","N") -> Y | HB28: =IF(DS28=DT28,"Y","N") -> Y | HC28: =IF(DU28=DV28,"Y","N") -> Y | HD28: =IF(EC28=ED28,"Y","N") -> Y | HE28: =IF(EE28=EF28,"Y","N") -> Y | HF28: =IF(EG28=EH28,"Y","N") -> Y | HG28: =IF(EI28=EJ28,"Y","N") -> Y | HH28: =IF(EK28=EL28,"Y","N") -> Y | HI28: =IF(EM28=EN28,"Y","N") -> Y | HJ28: =IF(EO28=EP28,"Y","N") -> Y | HK28: =IF(EQ28=ER28,"Y","N") -> Y | HL28: =IF(ES28=ET28,"Y","N") -> Y | HM28: =IF(EU28=EV28,"Y","N") -> Y | HN28: =IF(EW28=EX28,"Y","N") -> Y
A29: Solomons | B29: 1990 | C29: 100 | D29: 100 | E29: 0 | F29: 0 | G29: NS | H29: NS | I29: NS | J29: NS | K29: 28.2 | L29: 28.2 | M29: 100 | N29: 100 | O29: 0 | P29: 0 | Q29: 0 | R29: 0 | S29: 0 | T29: 0 | U29: 0 | V29: 0 | W29: 100 | X29: 100 | Y29: 0 | Z29: 0 | AA29: 0 | AB29: 0 | AC29: inpat_psych | AD29: South Africa | AE29: South Africa | AF29: afri | AG29: no | AH29: no | AI29: yes | AJ29: yes | AK29: no | AL29: no | AM29: NS | AN29: NS | AO29: NS | AP29: NS | AQ29: NS | AR29: NS | AS29: NS | AT29: NS | AU29: NS | AV29: NS | AW29: NS | AX29: NS | AY29: 70 | AZ29: 70 | BA29: 42 | BB29: 42 | BC29: =BD29+BE29 -> 42 | BD29: 42 | BE29: 0 | BF29: 0 | BG29: multiple | BH29: multiple | BI29: NA | BJ29: NA | BK29: 42 | BL29: 42 | BM29: NA | BN29: NA | BO29: NA | BP29: NA | BQ29: 42 | BR29: 42 | BS29: NA | BT29: NA | BU29: NA | BV29: NA | BW29: NA | BX29: NA | BY29: NA | BZ29: NA | CA29: NA | CB29: NA | CC29: NA | CD29: NA | CE29: NA | CF29: NA | CG29: NA | CH29: NA | CI29: NA | CJ29: NA | CK29: NA | CL29: NA | CM29: NA | CN29: NA | CO29: NA | CP29: NA | CQ29: NA | CR29: NA | CS29: NA | CT29: NA | CU29: 0 | CV29: 0 | CW29: 0 | CX29: 0 | CY29: 0 | CZ29: 0 | DA29: some | DB29: some | DC29: 0 | DD29: 0 | DE29: 0 | DF29: 0 | DG29: all | DH29: all | DI29: all | DJ29: all | DK29: NS | DL29: NS | DM29: NS | DN29: NS | DO29: NS | DP29: NS | DQ29: NS | DR29: NS | DS29: NS | DT29: NS | DU29: NS | DV29: NS | DW29: Psychotic Disorder | DX29: Psychotic disorder | DY29: BPRS | DZ29: BPRS | EA29: DSM-III | EB29: DSM-III | EC29: 0 | ED29: 0 | EE29: 1 | EF29: 1 | EG29: 1 | EH29: 1 | EI29: 1 | EJ29: 1 | EK29: 1 | EL29: 1 | EM29: 1 | EN29: 1 | EO29: 1 | EP29: 1 | EQ29: 1 | ER29: 1 | ES29: 0 | ET29: 0 | EU29: 1 | EV29: 1 | EW29: =SUM(EC29,EE29,EG29,EI29,EK29,EM29,EO29,EQ29,ES29,EU29) -> 8 | EX29: =SUM(ED29,EF29,EH29,EJ29,EL29,EN29,EP29,ER29,ET29,EV29) -> 8 | EY29: =A29 -> Solomons | EZ29: =B29 -> 1990 | FA29: =IF(C29=D29,"Y","N") -> Y | FB29: =IF(E29=F29,"Y","N") -> Y | FC29: =IF(G29=H29,"Y","N") -> Y | FD29: =IF(I29=J29,"Y","N") -> Y | FE29: =IF(K29=L29,"Y","N") -> Y | FF29: =IF(M29=N29,"Y","N") -> Y | FG29: =IF(O29=P29,"Y","N") -> Y | FH29: =IF(Q29=R29,"Y","N") -> Y | FI29: =IF(S29=T29,"Y","N") -> Y | FJ29: =IF(U29=V29,"Y","N") -> Y | FK29: =IF(W29=X29,"Y","N") -> Y | FL29: =IF(Y29=Z29,"Y","N") -> Y | FM29: =IF(AA29=AB29,"Y","N") -> Y | FN29: =IF(AD29=AE29,"Y","N") -> Y | FO29: =IF(AG29=AH29,"Y","N") -> Y | FP29: =IF(AI29=AJ29,"Y","N") -> Y | FQ29: =IF(AM29=AN29,"Y","N") -> Y | FR29: =IF(AO29=AP29,"Y","N") -> Y | FS29: =IF(AQ29=AR29,"Y","N") -> Y | FT29: =IF(AY29=AZ29,"Y","N") -> Y | FU29: =IF(BA29=BB29,"Y","N") -> Y | FV29: =IF(BG29=BH29,"Y","N") -> Y | FW29: =IF(BI29=BJ29,"Y","N") -> Y | FX29: =IF(BK29=BL29,"Y","N") -> Y | FY29: =IF(BM29=BN29,"Y","N") -> Y | FZ29: =IF(BO29=BP29,"Y","N") -> Y | GA29: =IF(BQ29=BR29,"Y","N") -> Y | GB29: =IF(BS29=BT29,"Y","N") -> Y | GC29: =IF(BU29=BV29,"Y","N") -> Y | GD29: =IF(BW29=BX29,"Y","N") -> Y | GE29: =IF(BY29=BZ29,"Y","N") -> Y | GF29: =IF(CA29=CB29,"Y","N") -> Y | GG29: =IF(CC29=CD29,"Y","N") -> Y | GH29: =IF(CE29=CF29,"Y","N") -> Y | GI29: =IF(CG29=CH29,"Y","N") -> Y | GJ29: =IF(CI29=CJ29,"Y","N") -> Y | GK29: =IF(CK29=CL29, "Y", "N") -> Y | GL29: =IF(CM29=CN29, "Y", "N") -> Y | GM29: =IF(CO29=CP29,"Y","N") -> Y | GN29: =IF(CQ29=CR29,"Y","N") -> Y | GO29: =IF(CS29=CT29,"Y","N") -> Y | GP29: =IF(CU29=CV29,"Y","N") -> Y | GQ29: =IF(CW29=CX29,"Y","N") -> Y | GR29: =IF(CY29=CZ29,"Y","N") -> Y | GS29: =IF(DA29=DB29,"Y","N") -> Y | GT29: =IF(DC29=DD29,"Y","N") -> Y | GU29: =IF(DE29=DF29,"Y","N") -> Y | GV29: =IF(DG29=DH29,"Y","N") -> Y | GW29: =IF(DI29=DJ29,"Y","N") -> Y | GX29: =IF(DK29=DL29,"Y","N") -> Y | GY29: =IF(DM29=DN29,"Y","N") -> Y | GZ29: =IF(DO29=DP29,"Y","N") -> Y | HA29: =IF(DQ29=DR29,"Y","N") -> Y | HB29: =IF(DS29=DT29,"Y","N") -> Y | HC29: =IF(DU29=DV29,"Y","N") -> Y | HD29: =IF(EC29=ED29,"Y","N") -> Y | HE29: =IF(EE29=EF29,"Y","N") -> Y | HF29: =IF(EG29=EH29,"Y","N") -> Y | HG29: =IF(EI29=EJ29,"Y","N") -> Y | HH29: =IF(EK29=EL29,"Y","N") -> Y | HI29: =IF(EM29=EN29,"Y","N") -> Y | HJ29: =IF(EO29=EP29,"Y","N") -> Y | HK29: =IF(EQ29=ER29,"Y","N") -> Y | HL29: =IF(ES29=ET29,"Y","N") -> Y | HM29: =IF(EU29=EV29,"Y","N") -> Y | HN29: =IF(EW29=EX29,"Y","N") -> Y
A30: Spies | B30: 2022 | C30: 448 | D30: 448 | E30: 463 | F30: 463 | G30: NS | H30: NS | I30: NS | J30: NS | K30: Mixed | L30: Mixed | M30: NS | N30: NS | O30: NS | P30: NS | Q30: NS | R30: NS | S30: NS | T30: NS | U30: 0 | V30: 0 | W30: 911 | X30: 911 | Y30: 0 | Z30: 0 | AA30: 0 | AB30: 0 | AC30: inpat_psych | AD30: Australia | AE30: Australia | AF30: aus | AG30: yes | AH30: yes | AI30: no | AJ30: no | AK30: no | AL30: no | AM30: NS | AN30: NS | AO30: NS | AP30: NS | AQ30: NS | AR30: NS | AS30: NS | AT30: NS | AU30: NS | AV30: NS | AW30: NS | AX30: NS | AY30: 911 | AZ30: 911 | BA30: 2 | BB30: 2 | BC30: =BD30+BE30 -> 3 | BD30: 3 | BE30: 0 | BF30: 0 | BG30: single | BH30: single | BI30: 3 | BJ30: 3 | BK30: NA | BL30: NA | BM30: 3 | BN30: 3 | BO30: NA | BP30: NA | BQ30: NA | BR30: NA | BS30: NA | BT30: NA | BU30: NA | BV30: NA | BW30: NA | BX30: NA | BY30: NA | BZ30: NA | CA30: NA | CB30: NA | CC30: NA | CD30: NA | CE30: NA | CF30: NA | CG30: NA | CH30: NA | CI30: NA | CJ30: NA | CK30: NA | CL30: NA | CM30: NA | CN30: NA | CO30: NA | CP30: NA | CQ30: NA | CR30: NA | CS30: NA | CT30: NA | CU30: some | CV30: some | CW30: some | CX30: some | CY30: some | CZ30: some | DA30: NS | DB30: NS | DC30: NS | DD30: NS | DE30: all | DF30: all | DG30: NS | DH30: NS | DI30: all | DJ30: all | DK30: NS | DL30: NS | DM30: NS | DN30: NS | DO30: NS | DP30: NS | DQ30: NS | DR30: NS | DS30: NS | DT30: NS | DU30: NS | DV30: NS | DW30: Psychotic Disorder | DX30: Psychotic Disorder | DY30: NS | DZ30: NS | EA30: ICD-10 | EB30: ICD-10 | EC30: 1 | ED30: 1 | EE30: 0 | EF30: 0 | EG30: 1 | EH30: 1 | EI30: 1 | EJ30: 1 | EK30: 1 | EL30: 1 | EM30: 1 | EN30: 1 | EO30: 1 | EP30: 1 | EQ30: 1 | ER30: 1 | ES30: 1 | ET30: 1 | EU30: 1 | EV30: 1 | EW30: =SUM(EC30,EE30,EG30,EI30,EK30,EM30,EO30,EQ30,ES30,EU30) -> 9 | EX30: =SUM(ED30,EF30,EH30,EJ30,EL30,EN30,EP30,ER30,ET30,EV30) -> 9 | EY30: =A30 -> Spies | EZ30: =B30 -> 2022 | FA30: =IF(C30=D30,"Y","N") -> Y | FB30: =IF(E30=F30,"Y","N") -> Y | FC30: =IF(G30=H30,"Y","N") -> Y | FD30: =IF(I30=J30,"Y","N") -> Y | FE30: =IF(K30=L30,"Y","N") -> Y | FF30: =IF(M30=N30,"Y","N") -> Y | FG30: =IF(O30=P30,"Y","N") -> Y | FH30: =IF(Q30=R30,"Y","N") -> Y | FI30: =IF(S30=T30,"Y","N") -> Y | FJ30: =IF(U30=V30,"Y","N") -> Y | FK30: =IF(W30=X30,"Y","N") -> Y | FL30: =IF(Y30=Z30,"Y","N") -> Y | FM30: =IF(AA30=AB30,"Y","N") -> Y | FN30: =IF(AD30=AE30,"Y","N") -> Y | FO30: =IF(AG30=AH30,"Y","N") -> Y | FP30: =IF(AI30=AJ30,"Y","N") -> Y | FQ30: =IF(AM30=AN30,"Y","N") -> Y | FR30: =IF(AO30=AP30,"Y","N") -> Y | FS30: =IF(AQ30=AR30,"Y","N") -> Y | FT30: =IF(AY30=AZ30,"Y","N") -> Y | FU30: =IF(BA30=BB30,"Y","N") -> Y | FV30: =IF(BG30=BH30,"Y","N") -> Y | FW30: =IF(BI30=BJ30,"Y","N") -> Y | FX30: =IF(BK30=BL30,"Y","N") -> Y | FY30: =IF(BM30=BN30,"Y","N") -> Y | FZ30: =IF(BO30=BP30,"Y","N") -> Y | GA30: =IF(BQ30=BR30,"Y","N") -> Y | GB30: =IF(BS30=BT30,"Y","N") -> Y | GC30: =IF(BU30=BV30,"Y","N") -> Y | GD30: =IF(BW30=BX30,"Y","N") -> Y | GE30: =IF(BY30=BZ30,"Y","N") -> Y | GF30: =IF(CA30=CB30,"Y","N") -> Y | GG30: =IF(CC30=CD30,"Y","N") -> Y | GH30: =IF(CE30=CF30,"Y","N") -> Y | GI30: =IF(CG30=CH30,"Y","N") -> Y | GJ30: =IF(CI30=CJ30,"Y","N") -> Y | GK30: =IF(CK30=CL30, "Y", "N") -> Y | GL30: =IF(CM30=CN30, "Y", "N") -> Y | GM30: =IF(CO30=CP30,"Y","N") -> Y | GN30: =IF(CQ30=CR30,"Y","N") -> Y | GO30: =IF(CS30=CT30,"Y","N") -> Y | GP30: =IF(CU30=CV30,"Y","N") -> Y | GQ30: =IF(CW30=CX30,"Y","N") -> Y | GR30: =IF(CY30=CZ30,"Y","N") -> Y | GS30: =IF(DA30=DB30,"Y","N") -> Y | GT30: =IF(DC30=DD30,"Y","N") -> Y | GU30: =IF(DE30=DF30,"Y","N") -> Y | GV30: =IF(DG30=DH30,"Y","N") -> Y | GW30: =IF(DI30=DJ30,"Y","N") -> Y | GX30: =IF(DK30=DL30,"Y","N") -> Y | GY30: =IF(DM30=DN30,"Y","N") -> Y | GZ30: =IF(DO30=DP30,"Y","N") -> Y | HA30: =IF(DQ30=DR30,"Y","N") -> Y | HB30: =IF(DS30=DT30,"Y","N") -> Y | HC30: =IF(DU30=DV30,"Y","N") -> Y | HD30: =IF(EC30=ED30,"Y","N") -> Y | HE30: =IF(EE30=EF30,"Y","N") -> Y | HF30: =IF(EG30=EH30,"Y","N") -> Y | HG30: =IF(EI30=EJ30,"Y","N") -> Y | HH30: =IF(EK30=EL30,"Y","N") -> Y | HI30: =IF(EM30=EN30,"Y","N") -> Y | HJ30: =IF(EO30=EP30,"Y","N") -> Y | HK30: =IF(EQ30=ER30,"Y","N") -> Y | HL30: =IF(ES30=ET30,"Y","N") -> Y | HM30: =IF(EU30=EV30,"Y","N") -> Y | HN30: =IF(EW30=EX30,"Y","N") -> Y
A31: Steiner | B31: 2013 | C31: 77 | D31: 77 | E31: 44 | F31: 44 | G31: NS | H31: NS | I31: 21.5 | J31: 21.5 | K31: 36 | L31: 36 | M31: NS | N31: NS | O31: NS | P31: NS | Q31: NS | R31: NS | S31: NS | T31: NS | U31: 0 | V31: 0 | W31: 121 | X31: 121 | Y31: 0 | Z31: 0 | AA31: 0 | AB31: 0 | AC31: inpat_psych | AD31: Germany | AE31: Germany | AF31: euro | AG31: no | AH31: no | AI31: yes | AJ31: yes | AK31: no | AL31: no | AM31: NS | AN31: NS | AO31: NS | AP31: NS | AQ31: NS | AR31: NS | AS31: NS | AT31: NS | AU31: NS | AV31: NS | AW31: NS | AX31: NS | AY31: 121 | AZ31: 121 | BA31: 2 | BB31: 2 | BC31: =BD31+BE31 -> 2 | BD31: 2 | BE31: 0 | BF31: 0 | BG31: single | BH31: single | BI31: 2 | BJ31: 2 | BK31: NA | BL31: NA | BM31: 2 | BN31: 2 | BO31: NA | BP31: NA | BQ31: NA | BR31: NA | BS31: NA | BT31: NA | BU31: NA | BV31: NA | BW31: NA | BX31: NA | BY31: NA | BZ31: NA | CA31: NA | CB31: NA | CC31: NA | CD31: NA | CE31: NA | CF31: NA | CG31: NA | CH31: NA | CI31: NA | CJ31: NA | CK31: NA | CL31: NA | CM31: NA | CN31: NA | CO31: NA | CP31: NA | CQ31: NA | CR31: NA | CS31: NA | CT31: NA | CU31: All | CV31: All | CW31: NS | CX31: NS | CY31: NS | CZ31: NS | DA31: all | DB31: all | DC31: some | DD31: some | DE31: all | DF31: all | DG31: all | DH31: all | DI31: all | DJ31: all | DK31: yes | DL31: yes | DM31: all | DN31: all | DO31: NS | DP31: NS | DQ31: NS | DR31: NS | DS31: NS | DT31: NS | DU31: NS | DV31: NS | DW31: Psychotic Disorder | DX31: Psychotic Disorder | DY31: NS | DZ31: NS | EA31: DSM-IV | EB31: DSM-IV | EC31: 1 | ED31: 1 | EE31: 1 | EF31: 1 | EG31: 1 | EH31: 1 | EI31: 1 | EJ31: 1 | EK31: 1 | EL31: 1 | EM31: 0 | EN31: 0 | EO31: 1 | EP31: 1 | EQ31: 1 | ER31: 1 | ES31: 1 | ET31: 1 | EU31: 1 | EV31: 1 | EW31: =SUM(EC31,EE31,EG31,EI31,EK31,EM31,EO31,EQ31,ES31,EU31) -> 9 | EX31: =SUM(ED31,EF31,EH31,EJ31,EL31,EN31,EP31,ER31,ET31,EV31) -> 9 | EY31: =A31 -> Steiner | EZ31: =B31 -> 2013 | FA31: =IF(C31=D31,"Y","N") -> Y | FB31: =IF(E31=F31,"Y","N") -> Y | FC31: =IF(G31=H31,"Y","N") -> Y | FD31: =IF(I31=J31,"Y","N") -> Y | FE31: =IF(K31=L31,"Y","N") -> Y | FF31: =IF(M31=N31,"Y","N") -> Y | FG31: =IF(O31=P31,"Y","N") -> Y | FH31: =IF(Q31=R31,"Y","N") -> Y | FI31: =IF(S31=T31,"Y","N") -> Y | FJ31: =IF(U31=V31,"Y","N") -> Y | FK31: =IF(W31=X31,"Y","N") -> Y | FL31: =IF(Y31=Z31,"Y","N") -> Y | FM31: =IF(AA31=AB31,"Y","N") -> Y | FN31: =IF(AD31=AE31,"Y","N") -> Y | FO31: =IF(AG31=AH31,"Y","N") -> Y | FP31: =IF(AI31=AJ31,"Y","N") -> Y | FQ31: =IF(AM31=AN31,"Y","N") -> Y | FR31: =IF(AO31=AP31,"Y","N") -> Y | FS31: =IF(AQ31=AR31,"Y","N") -> Y | FT31: =IF(AY31=AZ31,"Y","N") -> Y | FU31: =IF(BA31=BB31,"Y","N") -> Y | FV31: =IF(BG31=BH31,"Y","N") -> Y | FW31: =IF(BI31=BJ31,"Y","N") -> Y | FX31: =IF(BK31=BL31,"Y","N") -> Y | FY31: =IF(BM31=BN31,"Y","N") -> Y | FZ31: =IF(BO31=BP31,"Y","N") -> Y | GA31: =IF(BQ31=BR31,"Y","N") -> Y | GB31: =IF(BS31=BT31,"Y","N") -> Y | GC31: =IF(BU31=BV31,"Y","N") -> Y | GD31: =IF(BW31=BX31,"Y","N") -> Y | GE31: =IF(BY31=BZ31,"Y","N") -> Y | GF31: =IF(CA31=CB31,"Y","N") -> Y | GG31: =IF(CC31=CD31,"Y","N") -> Y | GH31: =IF(CE31=CF31,"Y","N") -> Y | GI31: =IF(CG31=CH31,"Y","N") -> Y | GJ31: =IF(CI31=CJ31,"Y","N") -> Y | GK31: =IF(CK31=CL31, "Y", "N") -> Y | GL31: =IF(CM31=CN31, "Y", "N") -> Y | GM31: =IF(CO31=CP31,"Y","N") -> Y | GN31: =IF(CQ31=CR31,"Y","N") -> Y | GO31: =IF(CS31=CT31,"Y","N") -> Y | GP31: =IF(CU31=CV31,"Y","N") -> Y | GQ31: =IF(CW31=CX31,"Y","N") -> Y | GR31: =IF(CY31=CZ31,"Y","N") -> Y | GS31: =IF(DA31=DB31,"Y","N") -> Y | GT31: =IF(DC31=DD31,"Y","N") -> Y | GU31: =IF(DE31=DF31,"Y","N") -> Y | GV31: =IF(DG31=DH31,"Y","N") -> Y | GW31: =IF(DI31=DJ31,"Y","N") -> Y | GX31: =IF(DK31=DL31,"Y","N") -> Y | GY31: =IF(DM31=DN31,"Y","N") -> Y | GZ31: =IF(DO31=DP31,"Y","N") -> Y | HA31: =IF(DQ31=DR31,"Y","N") -> Y | HB31: =IF(DS31=DT31,"Y","N") -> Y | HC31: =IF(DU31=DV31,"Y","N") -> Y | HD31: =IF(EC31=ED31,"Y","N") -> Y | HE31: =IF(EE31=EF31,"Y","N") -> Y | HF31: =IF(EG31=EH31,"Y","N") -> Y | HG31: =IF(EI31=EJ31,"Y","N") -> Y | HH31: =IF(EK31=EL31,"Y","N") -> Y | HI31: =IF(EM31=EN31,"Y","N") -> Y | HJ31: =IF(EO31=EP31,"Y","N") -> Y | HK31: =IF(EQ31=ER31,"Y","N") -> Y | HL31: =IF(ES31=ET31,"Y","N") -> Y | HM31: =IF(EU31=EV31,"Y","N") -> Y | HN31: =IF(EW31=EX31,"Y","N") -> Y
A32: Sullivan | B32: 2020 | C32: NS | D32: NS | E32: NS | F32: NS | G32: NS | H32: NS | I32: NS | J32: NS | K32: NS | L32: NS | M32: NS | N32: NS | O32: NS | P32: NS | Q32: NS | R32: NS | S32: NS | T32: NS | U32: NS | V32: NS | W32: NS | X32: NS | Y32: NS | Z32: NS | AA32: NS | AB32: NS | AC32: mixture | AD32: UK | AE32: UK | AF32: euro | AG32: no | AH32: no | AI32: yes | AJ32: yes | AK32: no | AL32: no | AM32: NS | AN32: NS | AO32: NS | AP32: NS | AQ32: NS | AR32: NS | AS32: NS | AT32: NS | AU32: NS | AV32: NS | AW32: NS | AX32: NS | AY32: 313 | AZ32: 313 | BA32: 67 | BB32: 67 | BC32: =BD32+BE32 -> 67 | BD32: 67 | BE32: 0 | BF32: 0 | BG32: multiple | BH32: multiple | BI32: 59 | BJ32: 59 | BK32: 8 | BL32: 8 | BM32: NA | BN32: NA | BO32: NA | BP32: NA | BQ32: 8 | BR32: 8 | BS32: NA | BT32: NA | BU32: NA | BV32: NA | BW32: NA | BX32: NA | BY32: NA | BZ32: NA | CA32: NA | CB32: NA | CC32: NA | CD32: NA | CE32: NA | CF32: NA | CG32: NA | CH32: NA | CI32: NA | CJ32: NA | CK32: NA | CL32: NA | CM32: NA | CN32: NA | CO32: NA | CP32: NA | CQ32: NA | CR32: NA | CS32: 59 | CT32: 59 | CU32: NS | CV32: NS | CW32: NS | CX32: NS | CY32: NS | CZ32: NS | DA32: NS | DB32: NS | DC32: NS | DD32: NS | DE32: NS | DF32: NS | DG32: NS | DH32: NS | DI32: all | DJ32: all | DK32: yes | DL32: yes | DM32: NS | DN32: NS | DO32: NS | DP32: NS | DQ32: NS | DR32: NS | DS32: NS | DT32: NS | DU32: NS | DV32: NS | DW32: Psychotic Symptoms | DX32: Pychotic Disorder | DY32: NS | DZ32: NS | EA32: NS | EB32: NS | EC32: 1 | ED32: 1 | EE32: 1 | EF32: 1 | EG32: 1 | EH32: 1 | EI32: 1 | EJ32: 1 | EK32: 1 | EL32: 1 | EM32: 0 | EN32: 0 | EO32: 0 | EP32: 0 | EQ32: 1 | ER32: 1 | ES32: 1 | ET32: 1 | EU32: 0 | EV32: 0 | EW32: =SUM(EC32,EE32,EG32,EI32,EK32,EM32,EO32,EQ32,ES32,EU32) -> 7 | EX32: =SUM(ED32,EF32,EH32,EJ32,EL32,EN32,EP32,ER32,ET32,EV32) -> 7 | EY32: =A32 -> Sullivan | EZ32: =B32 -> 2020 | FA32: =IF(C32=D32,"Y","N") -> Y | FB32: =IF(E32=F32,"Y","N") -> Y | FC32: =IF(G32=H32,"Y","N") -> Y | FD32: =IF(I32=J32,"Y","N") -> Y | FE32: =IF(K32=L32,"Y","N") -> Y | FF32: =IF(M32=N32,"Y","N") -> Y | FG32: =IF(O32=P32,"Y","N") -> Y | FH32: =IF(Q32=R32,"Y","N") -> Y | FI32: =IF(S32=T32,"Y","N") -> Y | FJ32: =IF(U32=V32,"Y","N") -> Y | FK32: =IF(W32=X32,"Y","N") -> Y | FL32: =IF(Y32=Z32,"Y","N") -> Y | FM32: =IF(AA32=AB32,"Y","N") -> Y | FN32: =IF(AD32=AE32,"Y","N") -> Y | FO32: =IF(AG32=AH32,"Y","N") -> Y | FP32: =IF(AI32=AJ32,"Y","N") -> Y | FQ32: =IF(AM32=AN32,"Y","N") -> Y | FR32: =IF(AO32=AP32,"Y","N") -> Y | FS32: =IF(AQ32=AR32,"Y","N") -> Y | FT32: =IF(AY32=AZ32,"Y","N") -> Y | FU32: =IF(BA32=BB32,"Y","N") -> Y | FV32: =IF(BG32=BH32,"Y","N") -> Y | FW32: =IF(BI32=BJ32,"Y","N") -> Y | FX32: =IF(BK32=BL32,"Y","N") -> Y | FY32: =IF(BM32=BN32,"Y","N") -> Y | FZ32: =IF(BO32=BP32,"Y","N") -> Y | GA32: =IF(BQ32=BR32,"Y","N") -> Y | GB32: =IF(BS32=BT32,"Y","N") -> Y | GC32: =IF(BU32=BV32,"Y","N") -> Y | GD32: =IF(BW32=BX32,"Y","N") -> Y | GE32: =IF(BY32=BZ32,"Y","N") -> Y | GF32: =IF(CA32=CB32,"Y","N") -> Y | GG32: =IF(CC32=CD32,"Y","N") -> Y | GH32: =IF(CE32=CF32,"Y","N") -> Y | GI32: =IF(CG32=CH32,"Y","N") -> Y | GJ32: =IF(CI32=CJ32,"Y","N") -> Y | GK32: =IF(CK32=CL32, "Y", "N") -> Y | GL32: =IF(CM32=CN32, "Y", "N") -> Y | GM32: =IF(CO32=CP32,"Y","N") -> Y | GN32: =IF(CQ32=CR32,"Y","N") -> Y | GO32: =IF(CS32=CT32,"Y","N") -> Y | GP32: =IF(CU32=CV32,"Y","N") -> Y | GQ32: =IF(CW32=CX32,"Y","N") -> Y | GR32: =IF(CY32=CZ32,"Y","N") -> Y | GS32: =IF(DA32=DB32,"Y","N") -> Y | GT32: =IF(DC32=DD32,"Y","N") -> Y | GU32: =IF(DE32=DF32,"Y","N") -> Y | GV32: =IF(DG32=DH32,"Y","N") -> Y | GW32: =IF(DI32=DJ32,"Y","N") -> Y | GX32: =IF(DK32=DL32,"Y","N") -> Y | GY32: =IF(DM32=DN32,"Y","N") -> Y | GZ32: =IF(DO32=DP32,"Y","N") -> Y | HA32: =IF(DQ32=DR32,"Y","N") -> Y | HB32: =IF(DS32=DT32,"Y","N") -> Y | HC32: =IF(DU32=DV32,"Y","N") -> Y | HD32: =IF(EC32=ED32,"Y","N") -> Y | HE32: =IF(EE32=EF32,"Y","N") -> Y | HF32: =IF(EG32=EH32,"Y","N") -> Y | HG32: =IF(EI32=EJ32,"Y","N") -> Y | HH32: =IF(EK32=EL32,"Y","N") -> Y | HI32: =IF(EM32=EN32,"Y","N") -> Y | HJ32: =IF(EO32=EP32,"Y","N") -> Y | HK32: =IF(EQ32=ER32,"Y","N") -> Y | HL32: =IF(ES32=ET32,"Y","N") -> Y | HM32: =IF(EU32=EV32,"Y","N") -> Y | HN32: =IF(EW32=EX32,"Y","N") -> Y
A33: Thompson | B33: 2016 | C33: 658 | D33: 658 | E33: 296 | F33: 296 | G33: 21.3 | H33: 21.3 | I33: 20.7 | J33: 20.7 | K33: 21.3 | L33: 21.3 | M33: 59 | N33: 59 | O33: 710 | P33: 710 | Q33: 139 | R33: 139 | S33: 46 | T33: 46 | U33: 0 | V33: 0 | W33: 0 | X33: 0 | Y33: 954 | Z33: 954 | AA33: 0 | AB33: 0 | AC33: outpat_psych | AD33: UK | AE33: UK | AF33: euro | AG33: yes | AH33: yes | AI33: no | AJ33: no | AK33: yes | AL33: yes | AM33: 954 | AN33: 954 | AO33: 0 | AP33: 0 | AQ33: 0 | AR33: 0 | AS33: 316.1 | AT33: NS | AU33: 328.3 | AV33: NS | AW33: 154.7 | AX33: 154.7 | AY33: 954 | AZ33: 954 | BA33: 67 | BB33: 67 | BC33: =BD33+BE33 -> 67 | BD33: 67 | BE33: 0 | BF33: 0 | BG33: single | BH33: single | BI33: NA | BJ33: NA | BK33: =SUM(BQ33,BS33) -> 67 | BL33: =SUM(BR33,BT33) -> 67 | BM33: NA | BN33: NA | BO33: NA | BP33: NA | BQ33: 67 | BR33: 67 | BS33: NA | BT33: NA | BU33: NA | BV33: NA | BW33: NA | BX33: NA | BY33: NA | BZ33: NA | CA33: NA | CB33: NA | CC33: NA | CD33: NA | CE33: NA | CF33: NA | CG33: NA | CH33: NA | CI33: NA | CJ33: NA | CK33: NA | CL33: NA | CM33: NA | CN33: NA | CO33: NA | CP33: NA | CQ33: NA | CR33: NA | CS33: NA | CT33: NA | CU33: NS | CV33: NS | CW33: NS | CX33: NS | CY33: NS | CZ33: NS | DA33: NS | DB33: NS | DC33: NS | DD33: NS | DE33: NS | DF33: NS | DG33: NS | DH33: NS | DI33: all | DJ33: all | DK33: yes | DL33: yes | DM33: NS | DN33: NS | DO33: NS | DP33: NS | DQ33: NS | DR33: NS | DS33: NS | DT33: NS | DU33: NS | DV33: NS | DW33: Psychotic Disorder | DX33: Psychotic disorder | DY33: OPCRIT, Clinical Assessment | DZ33: Clinical Assessmnet | EA33: ICD-10 | EB33: ICD-10 | EC33: 1 | ED33: 1 | EE33: 1 | EF33: 1 | EG33: 1 | EH33: 1 | EI33: 1 | EJ33: 1 | EK33: 1 | EL33: 1 | EM33: 0 | EN33: 0 | EO33: 1 | EP33: 1 | EQ33: 1 | ER33: 1 | ES33: 1 | ET33: 1 | EU33: 1 | EV33: 1 | EW33: =SUM(EC33,EE33,EG33,EI33,EK33,EM33,EO33,EQ33,ES33,EU33) -> 9 | EX33: =SUM(ED33,EF33,EH33,EJ33,EL33,EN33,EP33,ER33,ET33,EV33) -> 9 | EY33: =A33 -> Thompson | EZ33: =B33 -> 2016 | FA33: =IF(C33=D33,"Y","N") -> Y | FB33: =IF(E33=F33,"Y","N") -> Y | FC33: =IF(G33=H33,"Y","N") -> Y | FD33: =IF(I33=J33,"Y","N") -> Y | FE33: =IF(K33=L33,"Y","N") -> Y | FF33: =IF(M33=N33,"Y","N") -> Y | FG33: =IF(O33=P33,"Y","N") -> Y | FH33: =IF(Q33=R33,"Y","N") -> Y | FI33: =IF(S33=T33,"Y","N") -> Y | FJ33: =IF(U33=V33,"Y","N") -> Y | FK33: =IF(W33=X33,"Y","N") -> Y | FL33: =IF(Y33=Z33,"Y","N") -> Y | FM33: =IF(AA33=AB33,"Y","N") -> Y | FN33: =IF(AD33=AE33,"Y","N") -> Y | FO33: =IF(AG33=AH33,"Y","N") -> Y | FP33: =IF(AI33=AJ33,"Y","N") -> Y | FQ33: =IF(AM33=AN33,"Y","N") -> Y | FR33: =IF(AO33=AP33,"Y","N") -> Y | FS33: =IF(AQ33=AR33,"Y","N") -> Y | FT33: =IF(AY33=AZ33,"Y","N") -> Y | FU33: =IF(BA33=BB33,"Y","N") -> Y | FV33: =IF(BG33=BH33,"Y","N") -> Y | FW33: =IF(BI33=BJ33,"Y","N") -> Y | FX33: =IF(BK33=BL33,"Y","N") -> Y | FY33: =IF(BM33=BN33,"Y","N") -> Y | FZ33: =IF(BO33=BP33,"Y","N") -> Y | GA33: =IF(BQ33=BR33,"Y","N") -> Y | GB33: =IF(BS33=BT33,"Y","N") -> Y | GC33: =IF(BU33=BV33,"Y","N") -> Y | GD33: =IF(BW33=BX33,"Y","N") -> Y | GE33: =IF(BY33=BZ33,"Y","N") -> Y | GF33: =IF(CA33=CB33,"Y","N") -> Y | GG33: =IF(CC33=CD33,"Y","N") -> Y | GH33: =IF(CE33=CF33,"Y","N") -> Y | GI33: =IF(CG33=CH33,"Y","N") -> Y | GJ33: =IF(CI33=CJ33,"Y","N") -> Y | GK33: =IF(CK33=CL33, "Y", "N") -> Y | GL33: =IF(CM33=CN33, "Y", "N") -> Y | GM33: =IF(CO33=CP33,"Y","N") -> Y | GN33: =IF(CQ33=CR33,"Y","N") -> Y | GO33: =IF(CS33=CT33,"Y","N") -> Y | GP33: =IF(CU33=CV33,"Y","N") -> Y | GQ33: =IF(CW33=CX33,"Y","N") -> Y | GR33: =IF(CY33=CZ33,"Y","N") -> Y | GS33: =IF(DA33=DB33,"Y","N") -> Y | GT33: =IF(DC33=DD33,"Y","N") -> Y | GU33: =IF(DE33=DF33,"Y","N") -> Y | GV33: =IF(DG33=DH33,"Y","N") -> Y | GW33: =IF(DI33=DJ33,"Y","N") -> Y | GX33: =IF(DK33=DL33,"Y","N") -> Y | GY33: =IF(DM33=DN33,"Y","N") -> Y | GZ33: =IF(DO33=DP33,"Y","N") -> Y | HA33: =IF(DQ33=DR33,"Y","N") -> Y | HB33: =IF(DS33=DT33,"Y","N") -> Y | HC33: =IF(DU33=DV33,"Y","N") -> Y | HD33: =IF(EC33=ED33,"Y","N") -> Y | HE33: =IF(EE33=EF33,"Y","N") -> Y | HF33: =IF(EG33=EH33,"Y","N") -> Y | HG33: =IF(EI33=EJ33,"Y","N") -> Y | HH33: =IF(EK33=EL33,"Y","N") -> Y | HI33: =IF(EM33=EN33,"Y","N") -> Y | HJ33: =IF(EO33=EP33,"Y","N") -> Y | HK33: =IF(EQ33=ER33,"Y","N") -> Y | HL33: =IF(ES33=ET33,"Y","N") -> Y | HM33: =IF(EU33=EV33,"Y","N") -> Y | HN33: =IF(EW33=EX33,"Y","N") -> Y
A34: Turner | B34: 2006 | C34: NS | D34: NS | E34: NS | F34: NS | G34: NS | H34: NS | I34: NS | J34: NS | K34: NS | L34: NS | M34: NS | N34: NS | O34: NS | P34: NS | Q34: NS | R34: NS | S34: NS | T34: NS | U34: NS | V34: NS | W34: NS | X34: NS | Y34: NS | Z34: NS | AA34: NS | AB34: NS | AC34: mixture | AD34: New Zealand | AE34: New Zealand | AF34: aus | AG34: no | AH34: no | AI34: yes | AJ34: yes | AK34: yes | AL34: yes | AM34: 117 | AN34: 117 | AO34: 0 | AP34: 0 | AQ34: 0 | AR34: 0 | AS34: 197 | AT34: NS | AU34: NS | AV34: NS | AW34: NS | AX34: NS | AY34: 117 | AZ34: 117 | BA34: 9 | BB34: 9 | BC34: =BD34+BE34 -> 9 | BD34: 9 | BE34: 0 | BF34: 0 | BG34: single | BH34: single | BI34: NA | BJ34: NA | BK34: 9 | BL34: 9 | BM34: NA | BN34: NA | BO34: NA | BP34: NA | BQ34: 9 | BR34: 9 | BS34: NA | BT34: NA | BU34: NA | BV34: NA | BW34: NA | BX34: NA | BY34: NA | BZ34: NA | CA34: NA | CB34: NA | CC34: NA | CD34: NA | CE34: NA | CF34: NA | CG34: NA | CH34: NA | CI34: NA | CJ34: NA | CK34: NA | CL34: NA | CM34: NA | CN34: NA | CO34: NA | CP34: NA | CQ34: NA | CR34: NA | CS34: NA | CT34: NA | CU34: NS | CV34: NS | CW34: NS | CX34: NS | CY34: NS | CZ34: NS | DA34: NS | DB34: NS | DC34: NS | DD34: NS | DE34: NS | DF34: NS | DG34: NS | DH34: NS | DI34: all | DJ34: all | DK34: yes | DL34: yes | DM34: NS | DN34: NS | DO34: NS | DP34: NS | DQ34: NS | DR34: NS | DS34: NS | DT34: NS | DU34: NS | DV34: NS | DW34: Psychotic Disorder | DX34: Psychotics disorder | DY34: Clinical Assessment | DZ34: Clinical Assessment | EA34: DSM-IV | EB34: DSM-IV | EC34: 1 | ED34: 1 | EE34: 1 | EF34: 1 | EG34: 1 | EH34: 1 | EI34: 0 | EJ34: 0 | EK34: 1 | EL34: 1 | EM34: 0 | EN34: 0 | EO34: 1 | EP34: 1 | EQ34: 1 | ER34: 1 | ES34: 1 | ET34: 1 | EU34: 1 | EV34: 1 | EW34: =SUM(EC34,EE34,EG34,EI34,EK34,EM34,EO34,EQ34,ES34,EU34) -> 8 | EX34: =SUM(ED34,EF34,EH34,EJ34,EL34,EN34,EP34,ER34,ET34,EV34) -> 8 | EY34: =A34 -> Turner | EZ34: =B34 -> 2006 | FA34: =IF(C34=D34,"Y","N") -> Y | FB34: =IF(E34=F34,"Y","N") -> Y | FC34: =IF(G34=H34,"Y","N") -> Y | FD34: =IF(I34=J34,"Y","N") -> Y | FE34: =IF(K34=L34,"Y","N") -> Y | FF34: =IF(M34=N34,"Y","N") -> Y | FG34: =IF(O34=P34,"Y","N") -> Y | FH34: =IF(Q34=R34,"Y","N") -> Y | FI34: =IF(S34=T34,"Y","N") -> Y | FJ34: =IF(U34=V34,"Y","N") -> Y | FK34: =IF(W34=X34,"Y","N") -> Y | FL34: =IF(Y34=Z34,"Y","N") -> Y | FM34: =IF(AA34=AB34,"Y","N") -> Y | FN34: =IF(AD34=AE34,"Y","N") -> Y | FO34: =IF(AG34=AH34,"Y","N") -> Y | FP34: =IF(AI34=AJ34,"Y","N") -> Y | FQ34: =IF(AM34=AN34,"Y","N") -> Y | FR34: =IF(AO34=AP34,"Y","N") -> Y | FS34: =IF(AQ34=AR34,"Y","N") -> Y | FT34: =IF(AY34=AZ34,"Y","N") -> Y | FU34: =IF(BA34=BB34,"Y","N") -> Y | FV34: =IF(BG34=BH34,"Y","N") -> Y | FW34: =IF(BI34=BJ34,"Y","N") -> Y | FX34: =IF(BK34=BL34,"Y","N") -> Y | FY34: =IF(BM34=BN34,"Y","N") -> Y | FZ34: =IF(BO34=BP34,"Y","N") -> Y | GA34: =IF(BQ34=BR34,"Y","N") -> Y | GB34: =IF(BS34=BT34,"Y","N") -> Y | GC34: =IF(BU34=BV34,"Y","N") -> Y | GD34: =IF(BW34=BX34,"Y","N") -> Y | GE34: =IF(BY34=BZ34,"Y","N") -> Y | GF34: =IF(CA34=CB34,"Y","N") -> Y | GG34: =IF(CC34=CD34,"Y","N") -> Y | GH34: =IF(CE34=CF34,"Y","N") -> Y | GI34: =IF(CG34=CH34,"Y","N") -> Y | GJ34: =IF(CI34=CJ34,"Y","N") -> Y | GK34: =IF(CK34=CL34, "Y", "N") -> Y | GL34: =IF(CM34=CN34, "Y", "N") -> Y | GM34: =IF(CO34=CP34,"Y","N") -> Y | GN34: =IF(CQ34=CR34,"Y","N") -> Y | GO34: =IF(CS34=CT34,"Y","N") -> Y | GP34: =IF(CU34=CV34,"Y","N") -> Y | GQ34: =IF(CW34=CX34,"Y","N") -> Y | GR34: =IF(CY34=CZ34,"Y","N") -> Y | GS34: =IF(DA34=DB34,"Y","N") -> Y | GT34: =IF(DC34=DD34,"Y","N") -> Y | GU34: =IF(DE34=DF34,"Y","N") -> Y | GV34: =IF(DG34=DH34,"Y","N") -> Y | GW34: =IF(DI34=DJ34,"Y","N") -> Y | GX34: =IF(DK34=DL34,"Y","N") -> Y | GY34: =IF(DM34=DN34,"Y","N") -> Y | GZ34: =IF(DO34=DP34,"Y","N") -> Y | HA34: =IF(DQ34=DR34,"Y","N") -> Y | HB34: =IF(DS34=DT34,"Y","N") -> Y | HC34: =IF(DU34=DV34,"Y","N") -> Y | HD34: =IF(EC34=ED34,"Y","N") -> Y | HE34: =IF(EE34=EF34,"Y","N") -> Y | HF34: =IF(EG34=EH34,"Y","N") -> Y | HG34: =IF(EI34=EJ34,"Y","N") -> Y | HH34: =IF(EK34=EL34,"Y","N") -> Y | HI34: =IF(EM34=EN34,"Y","N") -> Y | HJ34: =IF(EO34=EP34,"Y","N") -> Y | HK34: =IF(EQ34=ER34,"Y","N") -> Y | HL34: =IF(ES34=ET34,"Y","N") -> Y | HM34: =IF(EU34=EV34,"Y","N") -> Y | HN34: =IF(EW34=EX34,"Y","N") -> Y
A35: Williams | B35: 2014 | C35: NS | D35: NS | E35: NS | F35: NS | G35: NS | H35: NS | I35: NS | J35: NS | K35: NS | L35: NS | M35: NS | N35: NS | O35: NS | P35: NS | Q35: NS | R35: NS | S35: NS | T35: NS | U35: 0 | V35: 0 | W35: 115 | X35: 115 | Y35: 0 | Z35: 0 | AA35: 0 | AB35: 0 | AC35: inpat_psych | AD35: USA | AE35: USA | AF35: n_am | AG35: yes | AH35: yes | AI35: no | AJ35: no | AK35: yes | AL35: yes | AM35: 115 | AN35: 115 | AO35: 0 | AP35: 0 | AQ35: 0 | AR35: 0 | AS35: NS | AT35: NS | AU35: NS | AV35: NS | AW35: NS | AX35: NS | AY35: 115 | AZ35: 115 | BA35: 0 | BB35: 0 | BC35: =BD35+BE35 -> 0 | BD35: 0 | BE35: 0 | BF35: 0 | BG35: multiple | BH35: multiple | BI35: 0 | BJ35: 0 | BK35: NA | BL35: NA | BM35: 0 | BN35: 0 | BO35: 0 | BP35: 0 | BQ35: 0 | BR35: 0 | BS35: 0 | BT35: 0 | BU35: 0 | BV35: 0 | BW35: 0 | BX35: 0 | BY35: 0 | BZ35: 0 | CA35: 0 | CB35: 0 | CC35: 0 | CD35: 0 | CE35: 0 | CF35: 0 | CG35: 0 | CH35: 0 | CI35: 0 | CJ35: 0 | CK35: 0 | CL35: 0 | CM35: 0 | CN35: 0 | CO35: 0 | CP35: 0 | CQ35: 0 | CR35: 0 | CS35: 0 | CT35: 0 | CU35: Some | CV35: some | CW35: some | CX35: some | CY35: NS | CZ35: NS | DA35: some | DB35: some | DC35: NS | DD35: NS | DE35: yes - NS | DF35: yes - NS | DG35: yes - NS | DH35: yes - NS | DI35: NS | DJ35: NS | DK35: NS | DL35: NS | DM35: NS | DN35: NS | DO35: NS | DP35: NS | DQ35: NS | DR35: NS | DS35: NS | DT35: NS | DU35: NS | DV35: NS | DW35: Psychotic Disorder | DX35: Psychotic Disorder | DY35: NS | DZ35: NS | EA35: NS | EB35: NS | EC35: 1 | ED35: 1 | EE35: 1 | EF35: 1 | EG35: 1 | EH35: 1 | EI35: 1 | EJ35: 1 | EK35: 1 | EL35: 1 | EM35: 1 | EN35: 1 | EO35: 1 | EP35: 1 | EQ35: 1 | ER35: 1 | ES35: 1 | ET35: 1 | EU35: 1 | EV35: 1 | EW35: =SUM(EC35,EE35,EG35,EI35,EK35,EM35,EO35,EQ35,ES35,EU35) -> 10 | EX35: =SUM(ED35,EF35,EH35,EJ35,EL35,EN35,EP35,ER35,ET35,EV35) -> 10 | EY35: =A35 -> Williams | EZ35: =B35 -> 2014 | FA35: =IF(C35=D35,"Y","N") -> Y | FB35: =IF(E35=F35,"Y","N") -> Y | FC35: =IF(G35=H35,"Y","N") -> Y | FD35: =IF(I35=J35,"Y","N") -> Y | FE35: =IF(K35=L35,"Y","N") -> Y | FF35: =IF(M35=N35,"Y","N") -> Y | FG35: =IF(O35=P35,"Y","N") -> Y | FH35: =IF(Q35=R35,"Y","N") -> Y | FI35: =IF(S35=T35,"Y","N") -> Y | FJ35: =IF(U35=V35,"Y","N") -> Y | FK35: =IF(W35=X35,"Y","N") -> Y | FL35: =IF(Y35=Z35,"Y","N") -> Y | FM35: =IF(AA35=AB35,"Y","N") -> Y | FN35: =IF(AD35=AE35,"Y","N") -> Y | FO35: =IF(AG35=AH35,"Y","N") -> Y | FP35: =IF(AI35=AJ35,"Y","N") -> Y | FQ35: =IF(AM35=AN35,"Y","N") -> Y | FR35: =IF(AO35=AP35,"Y","N") -> Y | FS35: =IF(AQ35=AR35,"Y","N") -> Y | FT35: =IF(AY35=AZ35,"Y","N") -> Y | FU35: =IF(BA35=BB35,"Y","N") -> Y | FV35: =IF(BG35=BH35,"Y","N") -> Y | FW35: =IF(BI35=BJ35,"Y","N") -> Y | FX35: =IF(BK35=BL35,"Y","N") -> Y | FY35: =IF(BM35=BN35,"Y","N") -> Y | FZ35: =IF(BO35=BP35,"Y","N") -> Y | GA35: =IF(BQ35=BR35,"Y","N") -> Y | GB35: =IF(BS35=BT35,"Y","N") -> Y | GC35: =IF(BU35=BV35,"Y","N") -> Y | GD35: =IF(BW35=BX35,"Y","N") -> Y | GE35: =IF(BY35=BZ35,"Y","N") -> Y | GF35: =IF(CA35=CB35,"Y","N") -> Y | GG35: =IF(CC35=CD35,"Y","N") -> Y | GH35: =IF(CE35=CF35,"Y","N") -> Y | GI35: =IF(CG35=CH35,"Y","N") -> Y | GJ35: =IF(CI35=CJ35,"Y","N") -> Y | GK35: =IF(CK35=CL35, "Y", "N") -> Y | GL35: =IF(CM35=CN35, "Y", "N") -> Y | GM35: =IF(CO35=CP35,"Y","N") -> Y | GN35: =IF(CQ35=CR35,"Y","N") -> Y | GO35: =IF(CS35=CT35,"Y","N") -> Y | GP35: =IF(CU35=CV35,"Y","N") -> Y | GQ35: =IF(CW35=CX35,"Y","N") -> Y | GR35: =IF(CY35=CZ35,"Y","N") -> Y | GS35: =IF(DA35=DB35,"Y","N") -> Y | GT35: =IF(DC35=DD35,"Y","N") -> Y | GU35: =IF(DE35=DF35,"Y","N") -> Y | GV35: =IF(DG35=DH35,"Y","N") -> Y | GW35: =IF(DI35=DJ35,"Y","N") -> Y | GX35: =IF(DK35=DL35,"Y","N") -> Y | GY35: =IF(DM35=DN35,"Y","N") -> Y | GZ35: =IF(DO35=DP35,"Y","N") -> Y | HA35: =IF(DQ35=DR35,"Y","N") -> Y | HB35: =IF(DS35=DT35,"Y","N") -> Y | HC35: =IF(DU35=DV35,"Y","N") -> Y | HD35: =IF(EC35=ED35,"Y","N") -> Y | HE35: =IF(EE35=EF35,"Y","N") -> Y | HF35: =IF(EG35=EH35,"Y","N") -> Y | HG35: =IF(EI35=EJ35,"Y","N") -> Y | HH35: =IF(EK35=EL35,"Y","N") -> Y | HI35: =IF(EM35=EN35,"Y","N") -> Y | HJ35: =IF(EO35=EP35,"Y","N") -> Y | HK35: =IF(EQ35=ER35,"Y","N") -> Y | HL35: =IF(ES35=ET35,"Y","N") -> Y | HM35: =IF(EU35=EV35,"Y","N") -> Y | HN35: =IF(EW35=EX35,"Y","N") -> Y
A36: Yaxley | B36: 2021 | C36: NS | D36: NS | E36: NS | F36: NS | G36: NS | H36: NS | I36: NS | J36: NS | K36: NS | L36: NS | M36: NS | N36: NS | O36: NS | P36: NS | Q36: NS | R36: NS | S36: NS | T36: NS | U36: NS | V36: NS | W36: NS | X36: NS | Y36: NS | Z36: NS | AA36: NS | AB36: NS | AC36: inpat_psych | AD36: Australia | AE36: Australia | AF36: aus | AG36: yes | AH36: yes | AI36: no | AJ36: no | AK36: yes | AL36: yes | AM36: 132 | AN36: 132 | AO36: 0 | AP36: 0 | AQ36: 0 | AR36: 0 | AS36: NS | AT36: NS | AU36: NS | AV36: NS | AW36: NS | AX36: NS | AY36: 132 | AZ36: 132 | BA36: 45 | BB36: 45 | BC36: =BD36+BE36 -> 45 | BD36: 45 | BE36: 0 | BF36: 0 | BG36: multiple | BH36: multiple | BI36: 1 | BJ36: 1 | BK36: 44 | BL36: 44 | BM36: 0 | BN36: 0 | BO36: 0 | BP36: 0 | BQ36: 44 | BR36: 44 | BS36: 0 | BT36: 0 | BU36: 0 | BV36: 0 | BW36: 0 | BX36: 0 | BY36: 0 | BZ36: 0 | CA36: 0 | CB36: 0 | CC36: 0 | CD36: 0 | CE36: 1 | CF36: 1 | CG36: 0 | CH36: 0 | CI36: 0 | CJ36: 0 | CK36: 0 | CL36: 0 | CM36: 0 | CN36: 0 | CO36: 0 | CP36: 0 | CQ36: 0 | CR36: 0 | CS36: 0 | CT36: 0 | CU36: Some | CV36: Some | CW36: some | CX36: Some | CY36: NS | CZ36: NS | DA36: NS | DB36: NS | DC36: NS | DD36: NS | DE36: some | DF36: some | DG36: some | DH36: some | DI36: NS | DJ36: NS | DK36: NS | DL36: NS | DM36: NS | DN36: NS | DO36: NS | DP36: NS | DQ36: NS | DR36: NS | DS36: NS | DT36: NS | DU36: NS | DV36: NS | DW36: Psychotic Disorder | DX36: Psychotic Disorder | DY36: NS | DZ36: NS | EA36: NS | EB36: NS | EC36: 1 | ED36: 1 | EE36: 1 | EF36: 1 | EG36: 1 | EH36: 1 | EI36: 1 | EJ36: 1 | EK36: 1 | EL36: 1 | EM36: 1 | EN36: 1 | EO36: 1 | EP36: 1 | EQ36: 1 | ER36: 1 | ES36: 1 | ET36: 1 | EU36: 1 | EV36: 1 | EW36: =SUM(EC36,EE36,EG36,EI36,EK36,EM36,EO36,EQ36,ES36,EU36) -> 10 | EX36: =SUM(ED36,EF36,EH36,EJ36,EL36,EN36,EP36,ER36,ET36,EV36) -> 10 | EY36: =A36 -> Yaxley | EZ36: =B36 -> 2021 | FA36: =IF(C36=D36,"Y","N") -> Y | FB36: =IF(E36=F36,"Y","N") -> Y | FC36: =IF(G36=H36,"Y","N") -> Y | FD36: =IF(I36=J36,"Y","N") -> Y | FE36: =IF(K36=L36,"Y","N") -> Y | FF36: =IF(M36=N36,"Y","N") -> Y | FG36: =IF(O36=P36,"Y","N") -> Y | FH36: =IF(Q36=R36,"Y","N") -> Y | FI36: =IF(S36=T36,"Y","N") -> Y | FJ36: =IF(U36=V36,"Y","N") -> Y | FK36: =IF(W36=X36,"Y","N") -> Y | FL36: =IF(Y36=Z36,"Y","N") -> Y | FM36: =IF(AA36=AB36,"Y","N") -> Y | FN36: =IF(AD36=AE36,"Y","N") -> Y | FO36: =IF(AG36=AH36,"Y","N") -> Y | FP36: =IF(AI36=AJ36,"Y","N") -> Y | FQ36: =IF(AM36=AN36,"Y","N") -> Y | FR36: =IF(AO36=AP36,"Y","N") -> Y | FS36: =IF(AQ36=AR36,"Y","N") -> Y | FT36: =IF(AY36=AZ36,"Y","N") -> Y | FU36: =IF(BA36=BB36,"Y","N") -> Y | FV36: =IF(BG36=BH36,"Y","N") -> Y | FW36: =IF(BI36=BJ36,"Y","N") -> Y | FX36: =IF(BK36=BL36,"Y","N") -> Y | FY36: =IF(BM36=BN36,"Y","N") -> Y | FZ36: =IF(BO36=BP36,"Y","N") -> Y | GA36: =IF(BQ36=BR36,"Y","N") -> Y | GB36: =IF(BS36=BT36,"Y","N") -> Y | GC36: =IF(BU36=BV36,"Y","N") -> Y | GD36: =IF(BW36=BX36,"Y","N") -> Y | GE36: =IF(BY36=BZ36,"Y","N") -> Y | GF36: =IF(CA36=CB36,"Y","N") -> Y | GG36: =IF(CC36=CD36,"Y","N") -> Y | GH36: =IF(CE36=CF36,"Y","N") -> Y | GI36: =IF(CG36=CH36,"Y","N") -> Y | GJ36: =IF(CI36=CJ36,"Y","N") -> Y | GK36: =IF(CK36=CL36, "Y", "N") -> Y | GL36: =IF(CM36=CN36, "Y", "N") -> Y | GM36: =IF(CO36=CP36,"Y","N") -> Y | GN36: =IF(CQ36=CR36,"Y","N") -> Y | GO36: =IF(CS36=CT36,"Y","N") -> Y | GP36: =IF(CU36=CV36,"Y","N") -> Y | GQ36: =IF(CW36=CX36,"Y","N") -> Y | GR36: =IF(CY36=CZ36,"Y","N") -> Y | GS36: =IF(DA36=DB36,"Y","N") -> Y | GT36: =IF(DC36=DD36,"Y","N") -> Y | GU36: =IF(DE36=DF36,"Y","N") -> Y | GV36: =IF(DG36=DH36,"Y","N") -> Y | GW36: =IF(DI36=DJ36,"Y","N") -> Y | GX36: =IF(DK36=DL36,"Y","N") -> Y | GY36: =IF(DM36=DN36,"Y","N") -> Y | GZ36: =IF(DO36=DP36,"Y","N") -> Y | HA36: =IF(DQ36=DR36,"Y","N") -> Y | HB36: =IF(DS36=DT36,"Y","N") -> Y | HC36: =IF(DU36=DV36,"Y","N") -> Y | HD36: =IF(EC36=ED36,"Y","N") -> Y | HE36: =IF(EE36=EF36,"Y","N") -> Y | HF36: =IF(EG36=EH36,"Y","N") -> Y | HG36: =IF(EI36=EJ36,"Y","N") -> Y | HH36: =IF(EK36=EL36,"Y","N") -> Y | HI36: =IF(EM36=EN36,"Y","N") -> Y | HJ36: =IF(EO36=EP36,"Y","N") -> Y | HK36: =IF(EQ36=ER36,"Y","N") -> Y | HL36: =IF(ES36=ET36,"Y","N") -> Y | HM36: =IF(EU36=EV36,"Y","N") -> Y | HN36: =IF(EW36=EX36,"Y","N") -> Y
A37: Kanbayashi | B37: 2012 | C37: NS | D37: NS | E37: NS | F37: NS | G37: NS | H37: NS | I37: 30.6 | J37: 30.6 | K37: NS | L37: NS | M37: NS | N37: NS | O37: NS | P37: NS | Q37: NS | R37: NS | S37: NS | T37: NS | U37: 0 | V37: 0 | W37: 51 | X37: 51 | Y37: 0 | Z37: 0 | AA37: 0 | AB37: 0 | AC37: inpat_psych | AD37: Japan | AE37: Japan | AF37: asia | AG37: no | AH37: no | AI37: yes | AJ37: yes | AK37: no | AL37: no | AM37: NS | AN37: NS | AO37: NS | AP37: NS | AQ37: NS | AR37: NS | AS37: NS | AT37: NS | AU37: NS | AV37: NS | AW37: NS | AX37: NS | AY37: 51 | AZ37: 51 | BA37: 4 | BB37: 4 | BC37: =BD37+BE37 -> 4 | BD37: 4 | BE37: 0 | BF37: 0 | BG37: single | BH37: single | BI37: 4 | BJ37: 4 | BK37: NA | BL37: NA | BM37: 4 | BN37: 4 | BO37: NA | BP37: NA | BQ37: NA | BR37: NA | BS37: NA | BT37: NA | BU37: NA | BV37: NA | BW37: NA | BX37: NA | BY37: NA | BZ37: NA | CA37: NA | CB37: NA | CC37: NA | CD37: NA | CE37: NA | CF37: NA | CG37: NA | CH37: NA | CI37: NA | CJ37: NA | CK37: NA | CL37: NA | CM37: NA | CN37: NA | CO37: NA | CP37: NA | CQ37: NA | CR37: NA | CS37: NA | CT37: NA | CU37: yes - NS | CV37: yes - NS | CW37: NS | CX37: NS | CY37: NS | CZ37: NS | DA37: yes - NS | DB37: yes - NS | DC37: some | DD37: some | DE37: yes - NS | DF37: yes - NS | DG37: NS | DH37: NS | DI37: NS | DJ37: NS | DK37: NS | DL37: NS | DM37: NS | DN37: NS | DO37: NS | DP37: NS | DQ37: NS | DR37: NS | DS37: NS | DT37: NS | DU37: NS | DV37: NS | DW37: Psychotic Disorder | DX37: Psychotic Disorder | DY37: NS | DZ37: NS | EA37: DSM-IV | EB37: DSM-IV | EC37: 1 | ED37: 1 | EE37: 1 | EF37: 1 | EG37: 1 | EH37: 1 | EI37: 1 | EJ37: 1 | EK37: 1 | EL37: 1 | EM37: 1 | EN37: 1 | EO37: 1 | EP37: 1 | EQ37: 1 | ER37: 1 | ES37: 1 | ET37: 1 | EU37: 1 | EV37: 1 | EW37: =SUM(EC37,EE37,EG37,EI37,EK37,EM37,EO37,EQ37,ES37,EU37) -> 10 | EX37: =SUM(ED37,EF37,EH37,EJ37,EL37,EN37,EP37,ER37,ET37,EV37) -> 10 | EY37: =A37 -> Kanbayashi | EZ37: =B37 -> 2012 | FA37: =IF(C37=D37,"Y","N") -> Y | FB37: =IF(E37=F37,"Y","N") -> Y | FC37: =IF(G37=H37,"Y","N") -> Y | FD37: =IF(I37=J37,"Y","N") -> Y | FE37: =IF(K37=L37,"Y","N") -> Y | FF37: =IF(M37=N37,"Y","N") -> Y | FG37: =IF(O37=P37,"Y","N") -> Y | FH37: =IF(Q37=R37,"Y","N") -> Y | FI37: =IF(S37=T37,"Y","N") -> Y | FJ37: =IF(U37=V37,"Y","N") -> Y | FK37: =IF(W37=X37,"Y","N") -> Y | FL37: =IF(Y37=Z37,"Y","N") -> Y | FM37: =IF(AA37=AB37,"Y","N") -> Y | FN37: =IF(AD37=AE37,"Y","N") -> Y | FO37: =IF(AG37=AH37,"Y","N") -> Y | FP37: =IF(AI37=AJ37,"Y","N") -> Y | FQ37: =IF(AM37=AN37,"Y","N") -> Y | FR37: =IF(AO37=AP37,"Y","N") -> Y | FS37: =IF(AQ37=AR37,"Y","N") -> Y | FT37: =IF(AY37=AZ37,"Y","N") -> Y | FU37: =IF(BA37=BB37,"Y","N") -> Y | FV37: =IF(BG37=BH37,"Y","N") -> Y | FW37: =IF(BI37=BJ37,"Y","N") -> Y | FX37: =IF(BK37=BL37,"Y","N") -> Y | FY37: =IF(BM37=BN37,"Y","N") -> Y | FZ37: =IF(BO37=BP37,"Y","N") -> Y | GA37: =IF(BQ37=BR37,"Y","N") -> Y | GB37: =IF(BS37=BT37,"Y","N") -> Y | GC37: =IF(BU37=BV37,"Y","N") -> Y | GD37: =IF(BW37=BX37,"Y","N") -> Y | GE37: =IF(BY37=BZ37,"Y","N") -> Y | GF37: =IF(CA37=CB37,"Y","N") -> Y | GG37: =IF(CC37=CD37,"Y","N") -> Y | GH37: =IF(CE37=CF37,"Y","N") -> Y | GI37: =IF(CG37=CH37,"Y","N") -> Y | GJ37: =IF(CI37=CJ37,"Y","N") -> Y | GK37: =IF(CK37=CL37, "Y", "N") -> Y | GL37: =IF(CM37=CN37, "Y", "N") -> Y | GM37: =IF(CO37=CP37,"Y","N") -> Y | GN37: =IF(CQ37=CR37,"Y","N") -> Y | GO37: =IF(CS37=CT37,"Y","N") -> Y | GP37: =IF(CU37=CV37,"Y","N") -> Y | GQ37: =IF(CW37=CX37,"Y","N") -> Y | GR37: =IF(CY37=CZ37,"Y","N") -> Y | GS37: =IF(DA37=DB37,"Y","N") -> Y | GT37: =IF(DC37=DD37,"Y","N") -> Y | GU37: =IF(DE37=DF37,"Y","N") -> Y | GV37: =IF(DG37=DH37,"Y","N") -> Y | GW37: =IF(DI37=DJ37,"Y","N") -> Y | GX37: =IF(DK37=DL37,"Y","N") -> Y | GY37: =IF(DM37=DN37,"Y","N") -> Y | GZ37: =IF(DO37=DP37,"Y","N") -> Y | HA37: =IF(DQ37=DR37,"Y","N") -> Y | HB37: =IF(DS37=DT37,"Y","N") -> Y | HC37: =IF(DU37=DV37,"Y","N") -> Y | HD37: =IF(EC37=ED37,"Y","N") -> Y | HE37: =IF(EE37=EF37,"Y","N") -> Y | HF37: =IF(EG37=EH37,"Y","N") -> Y | HG37: =IF(EI37=EJ37,"Y","N") -> Y | HH37: =IF(EK37=EL37,"Y","N") -> Y | HI37: =IF(EM37=EN37,"Y","N") -> Y | HJ37: =IF(EO37=EP37,"Y","N") -> Y | HK37: =IF(EQ37=ER37,"Y","N") -> Y | HL37: =IF(ES37=ET37,"Y","N") -> Y | HM37: =IF(EU37=EV37,"Y","N") -> Y | HN37: =IF(EW37=EX37,"Y","N") -> Y
A38: Schanzer | B38: 2006 | C38: 214 | D38: 214 | E38: 88 | F38: 88 | G38: NS | H38: NS | I38: NS | J38: NS | K38: 28.5 | L38: 28.5 | M38: 148 | N38: 148 | O38: NS | P38: NS | Q38: 0 | R38: 0 | S38: 154 | T38: 154 | U38: 302 | V38: 302 | W38: 0 | X38: 0 | Y38: 0 | Z38: 0 | AA38: 0 | AB38: 0 | AC38: gen_hospital | AD38: USA | AE38: USA | AF38: n_am | AG38: no | AH38: no | AI38: yes | AJ38: yes | AK38: yes | AL38: yes | AM38: 302 | AN38: 302 | AO38: 0 | AP38: 0 | AQ38: 0 | AR38: 0 | AS38: NS | AT38: NS | AU38: NS | AV38: NS | AW38: NS | AX38: NS | AY38: 302 | AZ38: 302 | BA38: 53 | BB38: 53 | BC38: =BD38+BE38 -> 53 | BD38: 53 | BE38: 0 | BF38: 0 | BG38: single | BH38: single | BI38: 0 | BJ38: 0 | BK38: 53 | BL38: 53 | BM38: NA | BN38: NA | BO38: NA | BP38: NA | BQ38: 53 | BR38: 53 | BS38: NA | BT38: NA | BU38: NA | BV38: NA | BW38: NA | BX38: NA | BY38: NA | BZ38: NA | CA38: NA | CB38: NA | CC38: NA | CD38: NA | CE38: NA | CF38: NA | CG38: NA | CH38: NA | CI38: NA | CJ38: NA | CK38: NA | CL38: NA | CM38: NA | CN38: NA | CO38: NA | CP38: NA | CQ38: NA | CR38: NA | CS38: NA | CT38: NA | CU38: NS | CV38: NS | CW38: NS | CX38: NS | CY38: NS | CZ38: NS | DA38: NS | DB38: NS | DC38: NS | DD38: NS | DE38: NS | DF38: NS | DG38: all | DH38: all | DI38: all | DJ38: all | DK38: yes | DL38: yes | DM38: NS | DN38: NS | DO38: NS | DP38: NS | DQ38: NS | DR38: NS | DS38: NS | DT38: NS | DU38: NS | DV38: NS | DW38: Psychotic Disorder | DX38: Psychotic Disorder | DY38: PRISM | DZ38: PRISM | EA38: DSM-IV | EB38: DSM-IV | EC38: 1 | ED38: 1 | EE38: 1 | EF38: 1 | EG38: 1 | EH38: 1 | EI38: 1 | EJ38: 1 | EK38: 1 | EL38: 1 | EM38: 1 | EN38: 1 | EO38: 1 | EP38: 1 | EQ38: 1 | ER38: 1 | ES38: 1 | ET38: 1 | EU38: 1 | EV38: 1 | EW38: =SUM(EC38,EE38,EG38,EI38,EK38,EM38,EO38,EQ38,ES38,EU38) -> 10 | EX38: =SUM(ED38,EF38,EH38,EJ38,EL38,EN38,EP38,ER38,ET38,EV38) -> 10 | EY38: =A38 -> Schanzer | EZ38: =B38 -> 2006 | FA38: =IF(C38=D38,"Y","N") -> Y | FB38: =IF(E38=F38,"Y","N") -> Y | FC38: =IF(G38=H38,"Y","N") -> Y | FD38: =IF(I38=J38,"Y","N") -> Y | FE38: =IF(K38=L38,"Y","N") -> Y | FF38: =IF(M38=N38,"Y","N") -> Y | FG38: =IF(O38=P38,"Y","N") -> Y | FH38: =IF(Q38=R38,"Y","N") -> Y | FI38: =IF(S38=T38,"Y","N") -> Y | FJ38: =IF(U38=V38,"Y","N") -> Y | FK38: =IF(W38=X38,"Y","N") -> Y | FL38: =IF(Y38=Z38,"Y","N") -> Y | FM38: =IF(AA38=AB38,"Y","N") -> Y | FN38: =IF(AD38=AE38,"Y","N") -> Y | FO38: =IF(AG38=AH38,"Y","N") -> Y | FP38: =IF(AI38=AJ38,"Y","N") -> Y | FQ38: =IF(AM38=AN38,"Y","N") -> Y | FR38: =IF(AO38=AP38,"Y","N") -> Y | FS38: =IF(AQ38=AR38,"Y","N") -> Y | FT38: =IF(AY38=AZ38,"Y","N") -> Y | FU38: =IF(BA38=BB38,"Y","N") -> Y | FV38: =IF(BG38=BH38,"Y","N") -> Y | FW38: =IF(BI38=BJ38,"Y","N") -> Y | FX38: =IF(BK38=BL38,"Y","N") -> Y | FY38: =IF(BM38=BN38,"Y","N") -> Y | FZ38: =IF(BO38=BP38,"Y","N") -> Y | GA38: =IF(BQ38=BR38,"Y","N") -> Y | GB38: =IF(BS38=BT38,"Y","N") -> Y | GC38: =IF(BU38=BV38,"Y","N") -> Y | GD38: =IF(BW38=BX38,"Y","N") -> Y | GE38: =IF(BY38=BZ38,"Y","N") -> Y | GF38: =IF(CA38=CB38,"Y","N") -> Y | GG38: =IF(CC38=CD38,"Y","N") -> Y | GH38: =IF(CE38=CF38,"Y","N") -> Y | GI38: =IF(CG38=CH38,"Y","N") -> Y | GJ38: =IF(CI38=CJ38,"Y","N") -> Y | GK38: =IF(CK38=CL38, "Y", "N") -> Y | GL38: =IF(CM38=CN38, "Y", "N") -> Y | GM38: =IF(CO38=CP38,"Y","N") -> Y | GN38: =IF(CQ38=CR38,"Y","N") -> Y | GO38: =IF(CS38=CT38,"Y","N") -> Y | GP38: =IF(CU38=CV38,"Y","N") -> Y | GQ38: =IF(CW38=CX38,"Y","N") -> Y | GR38: =IF(CY38=CZ38,"Y","N") -> Y | GS38: =IF(DA38=DB38,"Y","N") -> Y | GT38: =IF(DC38=DD38,"Y","N") -> Y | GU38: =IF(DE38=DF38,"Y","N") -> Y | GV38: =IF(DG38=DH38,"Y","N") -> Y | GW38: =IF(DI38=DJ38,"Y","N") -> Y | GX38: =IF(DK38=DL38,"Y","N") -> Y | GY38: =IF(DM38=DN38,"Y","N") -> Y | GZ38: =IF(DO38=DP38,"Y","N") -> Y | HA38: =IF(DQ38=DR38,"Y","N") -> Y | HB38: =IF(DS38=DT38,"Y","N") -> Y | HC38: =IF(DU38=DV38,"Y","N") -> Y | HD38: =IF(EC38=ED38,"Y","N") -> Y | HE38: =IF(EE38=EF38,"Y","N") -> Y | HF38: =IF(EG38=EH38,"Y","N") -> Y | HG38: =IF(EI38=EJ38,"Y","N") -> Y | HH38: =IF(EK38=EL38,"Y","N") -> Y | HI38: =IF(EM38=EN38,"Y","N") -> Y | HJ38: =IF(EO38=EP38,"Y","N") -> Y | HK38: =IF(EQ38=ER38,"Y","N") -> Y | HL38: =IF(ES38=ET38,"Y","N") -> Y | HM38: =IF(EU38=EV38,"Y","N") -> Y | HN38: =IF(EW38=EX38,"Y","N") -> Y

Sheet data
A1: author | B1: year | C1: author_year | D1: gender_male_freq | E1: gender_female_freq | F1: mean_age_pri | G1: mean_age_sec | H1: mean_age | I1: ethnicity_freq | J1: gen_hospital | K1: inpat_psych | L1: outpat_psych | M1: GP | N1: setting | O1: continent | P1: design | Q1: FEP | R1: tot_sample | S1: tot_sec_psych | T1: tot_def_sec_psych | U1: tot_prob_sec_psych | V1: tot_pos_sec_psych | W1: multiple_sec_psych_types | X1: endo | Y1: exo | Z1: auto_freq | AA1: congen_freq | AB1: toxic_freq | AC1: iatrogenic_freq | AD1: cerebrovas_freq | AE1: space_oc_freq | AF1: metabolic_freq | AG1: dietary_freq | AH1: infec_freq | AI1: degen_freq | AJ1: demye_freq | AK1: seizure_freq | AL1: sleep_freq | AM1: head_freq | AN1: endocrine_freq | AO1: other_sub_freq | AP1: unknown_sub_freq | AQ1: mri_freq | AR1: ct_freq | AS1: nuclear_freq | AT1: eeg_freq | AU1: csf_freq | AV1: blood_freq | AW1: urine_freq | AX1: psych_assess_freq | AY1: psych_assess_stan_tool_freq | AZ1: physical_exam_freq | BA1: cog_assess_freq | BB1: cog_assess_stan_tool_freq | BC1: other_assess_freq | BD1: not_spec_assess_freq | BE1: disorder | BF1: diagnostic_tool | BG1: class_system | BH1: tot_rob_score
A2: =Sheet1!A3 -> Adams | B2: =Sheet1!B3 -> 1996 | C2: =_xlfn.CONCAT(data!A2," ",data!B4) -> Adams 2005 | D2: =Sheet1!C3 -> 68 | E2: =Sheet1!E3 -> 43 | F2: =Sheet1!G3 -> NS | G2: =Sheet1!I3 -> NS | H2: =Sheet1!K3 -> NS | I2: =Sheet1!O3 -> NS | J2: =Sheet1!U3 -> 0 | K2: =Sheet1!W3 -> 111 | L2: =Sheet1!Y3 -> 0 | M2: =Sheet1!AA3 -> 0 | N2: =Sheet1!AC3 -> inpat_psych | O2: =Sheet1!AF3 -> n_am | P2: =Sheet1!AI3 -> yes | Q2: =Sheet1!AK3 -> yes | R2: =Sheet1!AY3 -> 111 | S2: =Sheet1!BC3 -> 0 | W2: =Sheet1!BG3 -> multiple | X2: =Sheet1!BI3 -> 0 | Y2: =Sheet1!BK3 -> 0 | Z2: =Sheet1!BM3 -> NA | AA2: =Sheet1!BO3 -> NA | AB2: =Sheet1!BQ3 -> NA | AC2: =Sheet1!BS3 -> NA | AD2: =Sheet1!BU3 -> 0 | AE2: =Sheet1!BW3 -> 0 | AF2: =Sheet1!BY3 -> 0 | AG2: =Sheet1!CA3 -> 0 | AH2: =Sheet1!CC3 -> NA | AI2: =Sheet1!CE3 -> 0 | AJ2: =Sheet1!CG3 -> 0 | AK2: =Sheet1!CI3 -> NA | AL2: =Sheet1!CK3 -> NA | AM2: =Sheet1!CM3 -> 0 | AN2: =Sheet1!CO3 -> 0 | AO2: =Sheet1!CQ3 -> NA | AP2: =Sheet1!CS3 -> NA | AQ2: =Sheet1!CV3 -> NS | AR2: =Sheet1!CW3 -> some | AS2: =Sheet1!CY3 -> some | AT2: =Sheet1!DA3 -> some | AU2: =Sheet1!DC3 -> NS | AV2: =Sheet1!DE3 -> all | AW2: =Sheet1!DG3 -> NS | AX2: =Sheet1!DI3 -> all | AY2: =Sheet1!DK3 -> NS | AZ2: =Sheet1!DM3 -> NS | BA2: =Sheet1!DO3 -> NS | BB2: =Sheet1!DQ3 -> NS | BC2: =Sheet1!DS3 -> NS | BD2: =Sheet1!DU3 -> NS | BE2: =IF(Sheet1!DW3="Psychotic Disorder","yes","no") -> yes | BF2: =Sheet1!DY3 -> NS | BG2: =Sheet1!EA3 -> NS | BH2: =Sheet1!EW3 -> 10
A3: =Sheet1!A4 -> Bechter | B3: =Sheet1!B4 -> 2010 | C3: =_xlfn.CONCAT(data!A3," ",data!B5) -> Bechter 2022 | D3: =Sheet1!C4 -> 21 | E3: =Sheet1!E4 -> 18 | F3: =Sheet1!G4 -> NS | G3: =Sheet1!I4 -> NS | H3: =Sheet1!K4 -> 33.2 | I3: =Sheet1!O4 -> NS | J3: =Sheet1!U4 -> 0 | K3: =Sheet1!W4 -> 39 | L3: =Sheet1!Y4 -> 0 | M3: =Sheet1!AA4 -> 0 | N3: =Sheet1!AC4 -> inpat_psych | O3: =Sheet1!AF4 -> euro | P3: =Sheet1!AI4 -> yes | Q3: =Sheet1!AK4 -> no | R3: =Sheet1!AY4 -> 39 | S3: =Sheet1!BC4 -> 1 | W3: =Sheet1!BG4 -> multiple | X3: =Sheet1!BI4 -> 1 | Y3: =Sheet1!BK4 -> NA | Z3: =Sheet1!BM4 -> 1 | AA3: =Sheet1!BO4 -> NA | AB3: =Sheet1!BQ4 -> NA | AC3: =Sheet1!BS4 -> NA | AD3: =Sheet1!BU4 -> 0 | AE3: =Sheet1!BW4 -> 0 | AF3: =Sheet1!BY4 -> NA | AG3: =Sheet1!CA4 -> NA | AH3: =Sheet1!CC4 -> NA | AI3: =Sheet1!CE4 -> 0 | AJ3: =Sheet1!CG4 -> 0 | AK3: =Sheet1!CI4 -> NA | AL3: =Sheet1!CK4 -> NA | AM3: =Sheet1!CM4 -> 0 | AN3: =Sheet1!CO4 -> NA | AO3: =Sheet1!CQ4 -> NA | AP3: =Sheet1!CS4 -> NA | AQ3: =Sheet1!CV4 -> some | AR3: =Sheet1!CW4 -> some | AS3: =Sheet1!CY4 -> NS | AT3: =Sheet1!DA4 -> some | AU3: =Sheet1!DC4 -> all | AV3: =Sheet1!DE4 -> all | AW3: =Sheet1!DG4 -> NS | AX3: =Sheet1!DI4 -> all | AY3: =Sheet1!DK4 -> yes | AZ3: =Sheet1!DM4 -> some | BA3: =Sheet1!DO4 -> NS | BB3: =Sheet1!DQ4 -> NS | BC3: =Sheet1!DS4 -> NS | BD3: =Sheet1!DU4 -> NS | BE3: =IF(Sheet1!DW4="Psychotic Disorder","yes","no") -> yes | BF3: =Sheet1!DY4 -> NS | BG3: =Sheet1!EA4 -> ICD-10 | BH3: =Sheet1!EW4 -> 9
A4: =Sheet1!A5 -> Caton | B4: =Sheet1!B5 -> 2005 | C4: =_xlfn.CONCAT(data!A4," ",data!B6) -> Caton 2011 | D4: =Sheet1!C5 -> 278 | E4: =Sheet1!E5 -> 108 | F4: =Sheet1!G5 -> 27.1 | G4: =Sheet1!I5 -> 30.1 | H4: =Sheet1!K5 -> 28.5 | I4: =Sheet1!O5 -> 56 | J4: =Sheet1!U5 -> 386 | K4: =Sheet1!W5 -> 0 | L4: =Sheet1!Y5 -> 0 | M4: =Sheet1!AA5 -> 0 | N4: =Sheet1!AC5 -> gen_hospital | O4: =Sheet1!AF5 -> n_am | P4: =Sheet1!AI5 -> yes | Q4: =Sheet1!AK5 -> yes | R4: =Sheet1!AY5 -> 386 | S4: =Sheet1!BC5 -> 169 | W4: =Sheet1!BG5 -> single | X4: =Sheet1!BI5 -> NA | Y4: =Sheet1!BK5 -> 169 | Z4: =Sheet1!BM5 -> NA | AA4: =Sheet1!BO5 -> NA | AB4: =Sheet1!BQ5 -> 169 | AC4: =Sheet1!BS5 -> NA | AD4: =Sheet1!BU5 -> NA | AE4: =Sheet1!BW5 -> NA | AF4: =Sheet1!BY5 -> NA | AG4: =Sheet1!CA5 -> NA | AH4: =Sheet1!CC5 -> NA | AI4: =Sheet1!CE5 -> NA | AJ4: =Sheet1!CG5 -> NA | AK4: =Sheet1!CI5 -> NA | AL4: =Sheet1!CK5 -> NA | AM4: =Sheet1!CM5 -> NA | AN4: =Sheet1!CO5 -> NA | AO4: =Sheet1!CQ5 -> NA | AP4: =Sheet1!CS5 -> NA | AQ4: =Sheet1!CV5 -> NS | AR4: =Sheet1!CW5 -> NS | AS4: =Sheet1!CY5 -> NS | AT4: =Sheet1!DA5 -> NS | AU4: =Sheet1!DC5 -> NS | AV4: =Sheet1!DE5 -> NS | AW4: =Sheet1!DG5 -> all | AX4: =Sheet1!DI5 -> all | AY4: =Sheet1!DK5 -> yes | AZ4: =Sheet1!DM5 -> NS | BA4: =Sheet1!DO5 -> NS | BB4: =Sheet1!DQ5 -> NS | BC4: =Sheet1!DS5 -> NS | BD4: =Sheet1!DU5 -> NS | BE4: =IF(Sheet1!DW5="Psychotic Disorder","yes","no") -> yes | BF4: =Sheet1!DY5 -> PRISM | BG4: =Sheet1!EA5 -> DSM-IV | BH4: =Sheet1!EW5 -> 9
A5: =Sheet1!A6 -> Correa-Oliveira | B5: =Sheet1!B6 -> 2022 | C5: =_xlfn.CONCAT(data!A5," ",data!B7) -> Correa-Oliveira 2020 | D5: =Sheet1!C6 -> 152 | E5: =Sheet1!E6 -> 85 | F5: =Sheet1!G6 -> NS | G5: =Sheet1!I6 -> NS | H5: =Sheet1!K6 -> 23.5 | I5: =Sheet1!O6 -> 153 | J5: =Sheet1!U6 -> 0 | K5: =Sheet1!W6 -> 0 | L5: =Sheet1!Y6 -> 237 | M5: =Sheet1!AA6 -> 0 | N5: =Sheet1!AC6 -> outpat_psych | O5: =Sheet1!AF6 -> s_am | P5: =Sheet1!AI6 -> no | Q5: =Sheet1!AK6 -> yes | R5: =Sheet1!AY6 -> 237 | S5: =Sheet1!BC6 -> 84 | W5: =Sheet1!BG6 -> multiple | X5: =Sheet1!BI6 -> 23 | Y5: =Sheet1!BK6 -> 61 | Z5: =Sheet1!BM6 -> NA | AA5: =Sheet1!BO6 -> NA | AB5: =Sheet1!BQ6 -> 61 | AC5: =Sheet1!BS6 -> NA | AD5: =Sheet1!BU6 -> NA | AE5: =Sheet1!BW6 -> NA | AF5: =Sheet1!BY6 -> NA | AG5: =Sheet1!CA6 -> NA | AH5: =Sheet1!CC6 -> NA | AI5: =Sheet1!CE6 -> NA | AJ5: =Sheet1!CG6 -> NA | AK5: =Sheet1!CI6 -> NA | AL5: =Sheet1!CK6 -> NA | AM5: =Sheet1!CM6 -> NA | AN5: =Sheet1!CO6 -> NA | AO5: =Sheet1!CQ6 -> NA | AP5: =Sheet1!CS6 -> 23 | AQ5: =Sheet1!CV6 -> NS | AR5: =Sheet1!CW6 -> all | AS5: =Sheet1!CY6 -> all | AT5: =Sheet1!DA6 -> NS | AU5: =Sheet1!DC6 -> NS | AV5: =Sheet1!DE6 -> all | AW5: =Sheet1!DG6 -> all | AX5: =Sheet1!DI6 -> all | AY5: =Sheet1!DK6 -> yes | AZ5: =Sheet1!DM6 -> all | BA5: =Sheet1!DO6 -> NS | BB5: =Sheet1!DQ6 -> NS | BC5: =Sheet1!DS6 -> NS | BD5: =Sheet1!DU6 -> NS | BE5: =IF(Sheet1!DW6="Psychotic Disorder","yes","no") -> yes | BF5: =Sheet1!DY6 -> SCID | BG5: =Sheet1!EA6 -> DSM-5 | BH5: =Sheet1!EW6 -> 10
A6: =Sheet1!A7 -> Drake | B6: =Sheet1!B7 -> 2011 | C6: =_xlfn.CONCAT(data!A6," ",data!B8) -> Drake 2018 | D6: =Sheet1!C7 -> 152 | E6: =Sheet1!E7 -> 99 | F6: =Sheet1!G7 -> 27.2 | G6: =Sheet1!I7 -> 30.4 | H6: =Sheet1!K7 -> NS | I6: =Sheet1!O7 -> 52 | J6: =Sheet1!U7 -> 351 | K6: =Sheet1!W7 -> 0 | L6: =Sheet1!Y7 -> 0 | M6: =Sheet1!AA7 -> 0 | N6: =Sheet1!AC7 -> gen_hospital | O6: =Sheet1!AF7 -> n_am | P6: =Sheet1!AI7 -> yes | Q6: =Sheet1!AK7 -> yes | R6: =Sheet1!AY7 -> 351 | S6: =Sheet1!BC7 -> 134 | W6: =Sheet1!BG7 -> single | X6: =Sheet1!BI7 -> NA | Y6: =Sheet1!BK7 -> 134 | Z6: =Sheet1!BM7 -> NA | AA6: =Sheet1!BO7 -> NA | AB6: =Sheet1!BQ7 -> 134 | AC6: =Sheet1!BS7 -> NA | AD6: =Sheet1!BU7 -> NA | AE6: =Sheet1!BW7 -> NA | AF6: =Sheet1!BY7 -> NA | AG6: =Sheet1!CA7 -> NA | AH6: =Sheet1!CC7 -> NA | AI6: =Sheet1!CE7 -> NA | AJ6: =Sheet1!CG7 -> NA | AK6: =Sheet1!CI7 -> NA | AL6: =Sheet1!CK7 -> NA | AM6: =Sheet1!CM7 -> NA | AN6: =Sheet1!CO7 -> NA | AO6: =Sheet1!CQ7 -> NA | AP6: =Sheet1!CS7 -> NA | AQ6: =Sheet1!CV7 -> NS | AR6: =Sheet1!CW7 -> NS | AS6: =Sheet1!CY7 -> NS | AT6: =Sheet1!DA7 -> NS | AU6: =Sheet1!DC7 -> NS | AV6: =Sheet1!DE7 -> NS | AW6: =Sheet1!DG7 -> all | AX6: =Sheet1!DI7 -> all | AY6: =Sheet1!DK7 -> yes | AZ6: =Sheet1!DM7 -> NS | BA6: =Sheet1!DO7 -> NS | BB6: =Sheet1!DQ7 -> NS | BC6: =Sheet1!DS7 -> NS | BD6: =Sheet1!DU7 -> NS | BE6: =IF(Sheet1!DW7="Psychotic Disorder","yes","no") -> yes | BF6: =Sheet1!DY7 -> PRISM | BG6: =Sheet1!EA7 -> DSM-IV | BH6: =Sheet1!EW7 -> 9
A7: =Sheet1!A8 -> Endres | B7: =Sheet1!B8 -> 2020 | C7: =_xlfn.CONCAT(data!A7," ",data!B9) -> Endres 2020 | D7: =Sheet1!C8 -> 32 | E7: =Sheet1!E8 -> 44 | F7: =Sheet1!G8 -> NS | G7: =Sheet1!I8 -> NS | H7: =Sheet1!K8 -> 37.22 | I7: =Sheet1!O8 -> NS | J7: =Sheet1!U8 -> 0 | K7: =Sheet1!W8 -> 76 | L7: =Sheet1!Y8 -> 0 | M7: =Sheet1!AA8 -> 0 | N7: =Sheet1!AC8 -> inpat_psych | O7: =Sheet1!AF8 -> euro | P7: =Sheet1!AI8 -> no | Q7: =Sheet1!AK8 -> no | R7: =Sheet1!AY8 -> 76 | S7: =Sheet1!BC8 -> 3 | W7: =Sheet1!BG8 -> multiple | X7: =Sheet1!BI8 -> 2 | Y7: =Sheet1!BK8 -> 1 | Z7: =Sheet1!BM8 -> 2 | AA7: =Sheet1!BO8 -> 0 | AB7: =Sheet1!BQ8 -> 1 | AC7: =Sheet1!BS8 -> 0 | AD7: =Sheet1!BU8 -> 0 | AE7: =Sheet1!BW8 -> 0 | AF7: =Sheet1!BY8 -> 0 | AG7: =Sheet1!CA8 -> 0 | AH7: =Sheet1!CC8 -> 0 | AI7: =Sheet1!CE8 -> 0 | AJ7: =Sheet1!CG8 -> 0 | AK7: =Sheet1!CI8 -> 0 | AL7: =Sheet1!CK8 -> 0 | AM7: =Sheet1!CM8 -> 0 | AN7: =Sheet1!CO8 -> 0 | AO7: =Sheet1!CQ8 -> 0 | AP7: =Sheet1!CS8 -> 0 | AQ7: =Sheet1!CV8 -> all | AR7: =Sheet1!CW8 -> NS | AS7: =Sheet1!CY8 -> NS | AT7: =Sheet1!DA8 -> all | AU7: =Sheet1!DC8 -> all | AV7: =Sheet1!DE8 -> all | AW7: =Sheet1!DG8 -> all | AX7: =Sheet1!DI8 -> all | AY7: =Sheet1!DK8 -> NS | AZ7: =Sheet1!DM8 -> NS | BA7: =Sheet1!DO8 -> NS | BB7: =Sheet1!DQ8 -> NS | BC7: =Sheet1!DS8 -> NS | BD7: =Sheet1!DU8 -> NS | BE7: =IF(Sheet1!DW8="Psychotic Disorder","yes","no") -> yes | BF7: =Sheet1!DY8 -> NS | BG7: =Sheet1!EA8 -> ICD-10 | BH7: =Sheet1!EW8 -> 10
A8: =Sheet1!A9 -> Etlouba | B8: =Sheet1!B9 -> 2018 | C8: =_xlfn.CONCAT(data!A8," ",data!B10) -> Etlouba 2022 | D8: =Sheet1!C9 -> 95 | E8: =Sheet1!E9 -> 64 | F8: =Sheet1!G9 -> 28.7 | G8: =Sheet1!I9 -> 36.7 | H8: =Sheet1!K9 -> 34.3 | I8: =Sheet1!O9 -> 5 | J8: =Sheet1!U9 -> 159 | K8: =Sheet1!W9 -> 0 | L8: =Sheet1!Y9 -> 0 | M8: =Sheet1!AA9 -> 0 | N8: =Sheet1!AC9 -> gen_hospital | O8: =Sheet1!AF9 -> afri | P8: =Sheet1!AI9 -> no | Q8: =Sheet1!AK9 -> yes | R8: =Sheet1!AY9 -> 159 | S8: =Sheet1!BC9 -> 124 | W8: =Sheet1!BG9 -> multiple | X8: =Sheet1!BI9 -> 87 | Y8: =Sheet1!BK9 -> 37 | Z8: =Sheet1!BM9 -> 0 | AA8: =Sheet1!BO9 -> 0 | AB8: =Sheet1!BQ9 -> 37 | AC8: =Sheet1!BS9 -> 0 | AD8: =Sheet1!BU9 -> 2 | AE8: =Sheet1!BW9 -> 0 | AF8: =Sheet1!BY9 -> 4 | AG8: =Sheet1!CA9 -> 0 | AH8: =Sheet1!CC9 -> 75 | AI8: =Sheet1!CE9 -> 0 | AJ8: =Sheet1!CG9 -> 0 | AK8: =Sheet1!CI9 -> 3 | AL8: =Sheet1!CK9 -> 0 | AM8: =Sheet1!CM9 -> 0 | AN8: =Sheet1!CO9 -> 2 | AO8: =Sheet1!CQ9 -> 1 | AP8: =Sheet1!CS9 -> 0 | AQ8: =Sheet1!CV9 -> NS | AR8: =Sheet1!CW9 -> yes - NS | AS8: =Sheet1!CY9 -> yes - NS | AT8: =Sheet1!DA9 -> NS | AU8: =Sheet1!DC9 -> yes - NS | AV8: =Sheet1!DE9 -> yes - NS | AW8: =Sheet1!DG9 -> yes - NS | AX8: =Sheet1!DI9 -> all | AY8: =Sheet1!DK9 -> NS | AZ8: =Sheet1!DM9 -> all | BA8: =Sheet1!DO9 -> NS | BB8: =Sheet1!DQ9 -> NS | BC8: =Sheet1!DS9 -> yes - NS | BD8: =Sheet1!DU9 -> NS | BE8: =IF(Sheet1!DW9="Psychotic Disorder","yes","no") -> no | BF8: =Sheet1!DY9 -> NS | BG8: =Sheet1!EA9 -> NS | BH8: =Sheet1!EW9 -> 10
A9: =Sheet1!A10 -> Fraser | B9: =Sheet1!B10 -> 2020 | C9: =_xlfn.CONCAT(data!A9," ",data!B11) -> Fraser 2018 | D9: =Sheet1!C10 -> 47 | E9: =Sheet1!E10 -> 14 | F9: =Sheet1!G10 -> 21.3 | G9: =Sheet1!I10 -> 20.1 | H9: =Sheet1!K10 -> 20.6 | I9: =Sheet1!O10 -> NS | J9: =Sheet1!U10 -> 0 | K9: =Sheet1!W10 -> 61 | L9: =Sheet1!Y10 -> 0 | M9: =Sheet1!AA10 -> 0 | N9: =Sheet1!AC10 -> inpat_psych | O9: =Sheet1!AF10 -> aus | P9: =Sheet1!AI10 -> yes | Q9: =Sheet1!AK10 -> yes | R9: =Sheet1!AY10 -> 61 | S9: =Sheet1!BC10 -> 34 | W9: =Sheet1!BG10 -> single | X9: =Sheet1!BI10 -> NA | Y9: =Sheet1!BK10 -> 34 | Z9: =Sheet1!BM10 -> NA | AA9: =Sheet1!BO10 -> NA | AB9: =Sheet1!BQ10 -> 34 | AC9: =Sheet1!BS10 -> NA | AD9: =Sheet1!BU10 -> NA | AE9: =Sheet1!BW10 -> NA | AF9: =Sheet1!BY10 -> NA | AG9: =Sheet1!CA10 -> NA | AH9: =Sheet1!CC10 -> NA | AI9: =Sheet1!CE10 -> NA | AJ9: =Sheet1!CG10 -> NA | AK9: =Sheet1!CI10 -> NA | AL9: =Sheet1!CK10 -> NA | AM9: =Sheet1!CM10 -> NA | AN9: =Sheet1!CO10 -> NA | AO9: =Sheet1!CQ10 -> NA | AP9: =Sheet1!CS10 -> NA | AQ9: =Sheet1!CV10 -> NS | AR9: =Sheet1!CW10 -> NS | AS9: =Sheet1!CY10 -> NS | AT9: =Sheet1!DA10 -> NS | AU9: =Sheet1!DC10 -> NS | AV9: =Sheet1!DE10 -> NS | AW9: =Sheet1!DG10 -> yes - NS | AX9: =Sheet1!DI10 -> all | AY9: =Sheet1!DK10 -> yes | AZ9: =Sheet1!DM10 -> NS | BA9: =Sheet1!DO10 -> NS | BB9: =Sheet1!DQ10 -> NS | BC9: =Sheet1!DS10 -> NS | BD9: =Sheet1!DU10 -> NS | BE9: =IF(Sheet1!DW10="Psychotic Disorder","yes","no") -> yes | BF9: =Sheet1!DY10 -> PRISM | BG9: =Sheet1!EA10 -> DSM-IV | BH9: =Sheet1!EW10 -> 9
A10: =Sheet1!A11 -> Funayama | B10: =Sheet1!B11 -> 2022 | C10: =_xlfn.CONCAT(data!A10," ",data!B12) -> Funayama 2021 | D10: =Sheet1!C11 -> 68 | E10: =Sheet1!E11 -> 119 | F10: =Sheet1!G11 -> 36.7 | G10: =Sheet1!I11 -> 32.3 | H10: =Sheet1!K11 -> NS | I10: =Sheet1!O11 -> NS | J10: =Sheet1!U11 -> 0 | K10: =Sheet1!W11 -> 187 | L10: =Sheet1!Y11 -> 0 | M10: =Sheet1!AA11 -> 0 | N10: =Sheet1!AC11 -> inpat_psych | O10: =Sheet1!AF11 -> asia | P10: =Sheet1!AI11 -> no | Q10: =Sheet1!AK11 -> yes | R10: =Sheet1!AY11 -> 187 | S10: =Sheet1!BC11 -> 4 | W10: =Sheet1!BG11 -> single | X10: =Sheet1!BI11 -> 4 | Y10: =Sheet1!BK11 -> NA | Z10: =Sheet1!BM11 -> 4 | AA10: =Sheet1!BO11 -> NA | AB10: =Sheet1!BQ11 -> NA | AC10: =Sheet1!BS11 -> NA | AD10: =Sheet1!BU11 -> NA | AE10: =Sheet1!BW11 -> NA | AF10: =Sheet1!BY11 -> NA | AG10: =Sheet1!CA11 -> NA | AH10: =Sheet1!CC11 -> NA | AI10: =Sheet1!CE11 -> NA | AJ10: =Sheet1!CG11 -> NA | AK10: =Sheet1!CI11 -> NA | AL10: =Sheet1!CK11 -> NA | AM10: =Sheet1!CM11 -> NA | AN10: =Sheet1!CO11 -> NA | AO10: =Sheet1!CQ11 -> NA | AP10: =Sheet1!CS11 -> NA | AQ10: =Sheet1!CV11 -> yes - NS | AR10: =Sheet1!CW11 -> NS | AS10: =Sheet1!CY11 -> NS | AT10: =Sheet1!DA11 -> yes - NS | AU10: =Sheet1!DC11 -> yes - NS | AV10: =Sheet1!DE11 -> all | AW10: =Sheet1!DG11 -> NS | AX10: =Sheet1!DI11 -> all | AY10: =Sheet1!DK11 -> NS | AZ10: =Sheet1!DM11 -> all | BA10: =Sheet1!DO11 -> all | BB10: =Sheet1!DQ11 -> no | BC10: =Sheet1!DS11 -> NS | BD10: =Sheet1!DU11 -> NS | BE10: =IF(Sheet1!DW11="Psychotic Disorder","yes","no") -> no | BF10: =Sheet1!DY11 -> NS | BG10: =Sheet1!EA11 -> ICD-10 | BH10: =Sheet1!EW11 -> 10
A11: =Sheet1!A12 -> Giannitelli | B11: =Sheet1!B12 -> 2018 | C11: =_xlfn.CONCAT(data!A11," ",data!B13) -> Giannitelli 2019 | D11: =Sheet1!C12 -> NS | E11: =Sheet1!E12 -> NS | F11: =Sheet1!G12 -> NS | G11: =Sheet1!I12 -> NS | H11: =Sheet1!K12 -> NS | I11: =Sheet1!O12 -> NS | J11: =Sheet1!U12 -> 160 | K11: =Sheet1!W12 -> NS | L11: =Sheet1!Y12 -> NS | M11: =Sheet1!AA12 -> NS | N11: =Sheet1!AC12 -> gen_hospital | O11: =Sheet1!AF12 -> euro | P11: =Sheet1!AI12 -> no | Q11: =Sheet1!AK12 -> NS | R11: =Sheet1!AY12 -> 160 | S11: =Sheet1!BC12 -> 20 | W11: =Sheet1!BG12 -> multiple | X11: =Sheet1!BI12 -> 20 | Y11: =Sheet1!BK12 -> NA | Z11: =Sheet1!BM12 -> 3 | AA11: =Sheet1!BO12 -> 15 | AB11: =Sheet1!BQ12 -> 0 | AC11: =Sheet1!BS12 -> 0 | AD11: =Sheet1!BU12 -> 0 | AE11: =Sheet1!BW12 -> 2 | AF11: =Sheet1!BY12 -> 0 | AG11: =Sheet1!CA12 -> 0 | AH11: =Sheet1!CC12 -> 0 | AI11: =Sheet1!CE12 -> 0 | AJ11: =Sheet1!CG12 -> 0 | AK11: =Sheet1!CI12 -> 0 | AL11: =Sheet1!CK12 -> 0 | AM11: =Sheet1!CM12 -> 0 | AN11: =Sheet1!CO12 -> 0 | AO11: =Sheet1!CQ12 -> 0 | AP11: =Sheet1!CS12 -> 0 | AQ11: =Sheet1!CV12 -> NS | AR11: =Sheet1!CW12 -> NS | AS11: =Sheet1!CY12 -> NS | AT11: =Sheet1!DA12 -> yes - NS | AU11: =Sheet1!DC12 -> NS | AV11: =Sheet1!DE12 -> yes - NS | AW11: =Sheet1!DG12 -> NS | AX11: =Sheet1!DI12 -> NS | AY11: =Sheet1!DK12 -> NS | AZ11: =Sheet1!DM12 -> NS | BA11: =Sheet1!DO12 -> NS | BB11: =Sheet1!DQ12 -> NS | BC11: =Sheet1!DS12 -> NS | BD11: =Sheet1!DU12 -> NS | BE11: =IF(Sheet1!DW12="Psychotic Disorder","yes","no") -> yes | BF11: =Sheet1!DY12 -> NS | BG11: =Sheet1!EA12 -> NS | BH11: =Sheet1!EW12 -> 10
A12: =Sheet1!A13 -> Guasp | B12: =Sheet1!B13 -> 2021 | C12: =_xlfn.CONCAT(data!A12," ",data!B14) -> Guasp 1987 | D12: =Sheet1!C13 -> 61 | E12: =Sheet1!E13 -> 44 | F12: =Sheet1!G13 -> NS | G12: =Sheet1!I13 -> NS | H12: =Sheet1!K13 -> NS | I12: =Sheet1!O13 -> NS | J12: =Sheet1!U13 -> 0 | K12: =Sheet1!W13 -> 105 | L12: =Sheet1!Y13 -> 0 | M12: =Sheet1!AA13 -> 0 | N12: =Sheet1!AC13 -> inpat_psych | O12: =Sheet1!AF13 -> euro | P12: =Sheet1!AI13 -> yes | Q12: =Sheet1!AK13 -> yes | R12: =Sheet1!AY13 -> 105 | S12: =Sheet1!BC13 -> 4 | W12: =Sheet1!BG13 -> multiple | X12: =Sheet1!BI13 -> 4 | Y12: =Sheet1!BK13 -> 0 | Z12: =Sheet1!BM13 -> 0 | AA12: =Sheet1!BO13 -> 0 | AB12: =Sheet1!BQ13 -> 0 | AC12: =Sheet1!BS13 -> 0 | AD12: =Sheet1!BU13 -> 0 | AE12: =Sheet1!BW13 -> 0 | AF12: =Sheet1!BY13 -> 1 | AG12: =Sheet1!CA13 -> 0 | AH12: =Sheet1!CC13 -> 1 | AI12: =Sheet1!CE13 -> 1 | AJ12: =Sheet1!CG13 -> 0 | AK12: =Sheet1!CI13 -> 0 | AL12: =Sheet1!CK13 -> 0 | AM12: =Sheet1!CM13 -> 0 | AN12: =Sheet1!CO13 -> 1 | AO12: =Sheet1!CQ13 -> 0 | AP12: =Sheet1!CS13 -> 0 | AQ12: =Sheet1!CV13 -> all | AR12: =Sheet1!CW13 -> NS | AS12: =Sheet1!CY13 -> NS | AT12: =Sheet1!DA13 -> some | AU12: =Sheet1!DC13 -> all | AV12: =Sheet1!DE13 -> all | AW12: =Sheet1!DG13 -> all | AX12: =Sheet1!DI13 -> all | AY12: =Sheet1!DK13 -> NS | AZ12: =Sheet1!DM13 -> all | BA12: =Sheet1!DO13 -> NS | BB12: =Sheet1!DQ13 -> NS | BC12: =Sheet1!DS13 -> NS | BD12: =Sheet1!DU13 -> NS | BE12: =IF(Sheet1!DW13="Psychotic Disorder","yes","no") -> yes | BF12: =Sheet1!DY13 -> SCID | BG12: =Sheet1!EA13 -> DSM-IV | BH12: =Sheet1!EW13 -> 10
A13: =Sheet1!A14 -> Harris | B13: =Sheet1!B14 -> 2019 | C13: =_xlfn.CONCAT(data!A13," ",data!B15) -> Harris 2020 | D13: =Sheet1!C14 -> 480 | E13: =Sheet1!E14 -> 325 | F13: =Sheet1!G14 -> NS | G13: =Sheet1!I14 -> NS | H13: =Sheet1!K14 -> 32 | I13: =Sheet1!O14 -> NS | J13: =Sheet1!U14 -> NS | K13: =Sheet1!W14 -> NS | L13: =Sheet1!Y14 -> 0 | M13: =Sheet1!AA14 -> 0 | N13: =Sheet1!AC14 -> NS | O13: =Sheet1!AF14 -> aus | P13: =Sheet1!AI14 -> no | Q13: =Sheet1!AK14 -> no | R13: =Sheet1!AY14 -> 805 | S13: =Sheet1!BC14 -> 1 | W13: =Sheet1!BG14 -> NS | X13: =Sheet1!BI14 -> 1 | Y13: =Sheet1!BK14 -> NA | Z13: =Sheet1!BM14 -> NA | AA13: =Sheet1!BO14 -> NA | AB13: =Sheet1!BQ14 -> NA | AC13: =Sheet1!BS14 -> NA | AD13: =Sheet1!BU14 -> NA | AE13: =Sheet1!BW14 -> NA | AF13: =Sheet1!BY14 -> NA | AG13: =Sheet1!CA14 -> NA | AH13: =Sheet1!CC14 -> NA | AI13: =Sheet1!CE14 -> NA | AJ13: =Sheet1!CG14 -> NA | AK13: =Sheet1!CI14 -> NA | AL13: =Sheet1!CK14 -> NA | AM13: =Sheet1!CM14 -> NA | AN13: =Sheet1!CO14 -> NA | AO13: =Sheet1!CQ14 -> NA | AP13: =Sheet1!CS14 -> 1 | AQ13: =Sheet1!CV14 -> some | AR13: =Sheet1!CW14 -> all | AS13: =Sheet1!CY14 -> some | AT13: =Sheet1!DA14 -> some | AU13: =Sheet1!DC14 -> some | AV13: =Sheet1!DE14 -> some | AW13: =Sheet1!DG14 -> NS | AX13: =Sheet1!DI14 -> NS | AY13: =Sheet1!DK14 -> NS | AZ13: =Sheet1!DM14 -> some | BA13: =Sheet1!DO14 -> NS | BB13: =Sheet1!DQ14 -> NS | BC13: =Sheet1!DS14 -> NS | BD13: =Sheet1!DU14 -> NS | BE13: =IF(Sheet1!DW14="Psychotic Disorder","yes","no") -> no | BF13: =Sheet1!DY14 -> NS | BG13: =Sheet1!EA14 -> NS | BH13: =Sheet1!EW14 -> 10
... A35: =Sheet1!A36 -> Yaxley | B35: =Sheet1!B36 -> 2021 | C35: =_xlfn.CONCAT(data!A35," ",data!B37) -> Yaxley | D35: =Sheet1!C36 -> NS | E35: =Sheet1!E36 -> NS | F35: =Sheet1!G36 -> NS | G35: =Sheet1!I36 -> NS | H35: =Sheet1!K36 -> NS | I35: =Sheet1!O36 -> NS | J35: =Sheet1!U36 -> NS | K35: =Sheet1!W36 -> NS | L35: =Sheet1!Y36 -> NS | M35: =Sheet1!AA36 -> NS | N35: =Sheet1!AC36 -> inpat_psych | O35: =Sheet1!AF36 -> aus | P35: =Sheet1!AI36 -> no | Q35: =Sheet1!AK36 -> yes | R35: =Sheet1!AY36 -> 132 | S35: =Sheet1!BC36 -> 45 | W35: =Sheet1!BG36 -> multiple | X35: =Sheet1!BI36 -> 1 | Y35: =Sheet1!BK36 -> 44 | Z35: =Sheet1!BM36 -> 0 | AA35: =Sheet1!BO36 -> 0 | AB35: =Sheet1!BQ36 -> 44 | AC35: =Sheet1!BS36 -> 0 | AD35: =Sheet1!BU36 -> 0 | AE35: =Sheet1!BW36 -> 0 | AF35: =Sheet1!BY36 -> 0 | AG35: =Sheet1!CA36 -> 0 | AH35: =Sheet1!CC36 -> 0 | AI35: =Sheet1!CE36 -> 1 | AJ35: =Sheet1!CG36 -> 0 | AK35: =Sheet1!CI36 -> 0 | AL35: =Sheet1!CK36 -> 0 | AM35: =Sheet1!CM36 -> 0 | AN35: =Sheet1!CO36 -> 0 | AO35: =Sheet1!CQ36 -> 0 | AP35: =Sheet1!CS36 -> 0 | AQ35: =Sheet1!CV36 -> Some | AR35: =Sheet1!CW36 -> some | AS35: =Sheet1!CY36 -> NS | AT35: =Sheet1!DA36 -> NS | AU35: =Sheet1!DC36 -> NS | AV35: =Sheet1!DE36 -> some | AW35: =Sheet1!DG36 -> some | AX35: =Sheet1!DI36 -> NS | AY35: =Sheet1!DK36 -> NS | AZ35: =Sheet1!DM36 -> NS | BA35: =Sheet1!DO36 -> NS | BB35: =Sheet1!DQ36 -> NS | BC35: =Sheet1!DS36 -> NS | BD35: =Sheet1!DU36 -> NS | BE35: =IF(Sheet1!DW36="Psychotic Disorder","yes","no") -> yes | BF35: =Sheet1!DY36 -> NS | BG35: =Sheet1!EA36 -> NS | BH35: =Sheet1!EW36 -> 10

Sheet key
A13: variable name | B13: variable descrition | C13: coding
A14: author_year | B14: first author and year | C14: character
A15: author | B15: author | C15: character
A16: year | B16: year of publication | C16: numeric
A17: gender_male_freq | B17: number of males | C17: numeric
A18: gender_female_freq | B18: number of females | C18: numeric
A19: mean_age_pri | B19: mean age: primary psychosis subsample | C19: numeric
A20: mean_age_sec | B20: mean age: secondary psychosis subsample | C20: numeric
A21: mean_age | B21: mean age of entire sample (if reported) | C21: numeric
A22: eth_black | B22: number of patients of black ethnicity | C22: numeric
A23: eth_white | B23: number of patients of white ethnicity | C23: numeric
A24: eth_asian | B24: number of patients of asian ethnicity | C24: numeric
... A77: tot_rob_score | B77: total score (higher score indicated higher quality study) | C77: numeric
A79: Key
A80: NS | B80: Not Specified (data was not reported directly in the paper)
A81: NA | B81: Not Applicable
A82: All | B82: All of the sample had the value of interest (e.g., all of the sample received a specific test)
A83: Some | B83: Some of the sample had the value of interest (e.g., a specific test was administered only to a portion of the sample)
A84: None | B84: None of the sample had the value of interest
A85: yes - NS | B85: The value of interest was present, though the frequency was not specified (e.g., the paper reports that a test was administered but did not specify whether it was to all or only some)
A86: Mixed | B86: A single value was not reported in the paper in a way that could be divided into the relevant columns (e.g., the mean age of a sample was presented in ways other than secondary/primary psychosis, such as male/female)
